,date,Cases/100k_ÁLVARO OBREGÓN,ASMA/100k_ÁLVARO OBREGÓN,Cases/100k_AZCAPOTZALCO,ASMA/100k_AZCAPOTZALCO,Cases/100k_BENITO JUÁREZ,ASMA/100k_BENITO JUÁREZ,Cases/100k_COYOACÁN,ASMA/100k_COYOACÁN,Cases/100k_CUAJIMALPA DE MORELOS,ASMA/100k_CUAJIMALPA DE MORELOS,Cases/100k_CUAUHTÉMOC,ASMA/100k_CUAUHTÉMOC,Cases/100k_GUSTAVO A. MADERO,ASMA/100k_GUSTAVO A. MADERO,Cases/100k_IZTACALCO,ASMA/100k_IZTACALCO,Cases/100k_IZTAPALAPA,ASMA/100k_IZTAPALAPA,Cases/100k_LA MAGDALENA CONTRERAS,ASMA/100k_LA MAGDALENA CONTRERAS,Cases/100k_MIGUEL HIDALGO,ASMA/100k_MIGUEL HIDALGO,Cases/100k_MILPA ALTA,ASMA/100k_MILPA ALTA,Cases/100k_TLÁHUAC,ASMA/100k_TLÁHUAC,Cases/100k_TLALPAN,ASMA/100k_TLALPAN,Cases/100k_VENUSTIANO CARRANZA,ASMA/100k_VENUSTIANO CARRANZA,Cases/100k_XOCHIMILCO,ASMA/100k_XOCHIMILCO,Cases/100k_TOTAL,ASMA/100k_TOTAL,O3_OBREGON,PM10_OBREGON,O3_AZCAPOTZALCO,PM10_AZCAPOTZALCO,O3_BENITOJUAREZ,PM10_BENITOJUAREZ,O3_COYOACAN,PM10_COYOACAN,O3_CUAJIMALPA,PM10_CUAJIMALPA,O3_CUAUHTEMOC,PM10_CUAUHTEMOC,O3_IZTACALCO,PM10_IZTACALCO,O3_IZTAPALAPA,PM10_IZTAPALAPA,O3_MIGUELHIDALGO,PM10_MIGUELHIDALGO,O3_MILPAALTA,PM10_MILPAALTA,O3_TLALPAN,PM10_TLALPAN,O3_VENUSTIANO,PM10_VENUSTIANO,O3_XOCHIMILCO,PM10_XOCHIMILCO,O3_TOTAL_avg,PM10_TOTAL_avg
0,2011-12-25,,,,,,,,,,,,,,,,,,,,,,,,,,,0.14768779980623362,,,,,,0.011212455513181192,,,,,,,,,,,,,,,,,,,,,,,,,,,,,
1,2011-12-26,0.8000192004608111,,8.74647954198435,0.07381418969176587,2.3956915882476957,,2.9581957635349783,,1.0038951130385898,,8.82541268193025,,6.183033241532465,0.02536551598807596,10.759629868732517,,2.6260101932962336,,2.4601658151759427,0.12111215880061472,10.152590694190248,0.08104939361936216,5.800169654962407,,8.849728838777299,0.08168731131754962,5.464448592830643,,10.29810678668642,0.06913203334069816,3.125503386362708,,5.124092169523807,0.00012571915863506734,,,,,,,,,,,,,,,,,,,,,,,,,,,,
2,2011-12-27,2.666730668202704,,9.246278372954883,0.036907094845882935,1.437414952948617,,2.4651631362791484,0.04854326930140025,1.5058426695578846,,10.139835847324118,,5.066652239589104,,10.503448205191264,,2.7354272846835763,,0.4100276358626571,,9.32940766493158,,5.800169654962407,,5.254526498024021,0.04084365565877481,6.498263191474277,,9.361915260624018,,5.7701600979003835,,5.101667258497443,0.057453655496225775,,,,,,,,,,,,,,,,,,,,,,,,,,,,
3,2011-12-28,1.8667114677418928,0.03938435850626645,7.996781295528549,0.036907094845882935,0.9582766352990782,,2.1364747181085955,0.024271634650700133,,,12.768682178111849,,5.6677804714047575,0.012682757994037978,9.478721551026263,,3.0089700131519344,0.01615956948819429,,,9.603802008017805,0.04052469680968108,7.25021206870301,,4.4248644193886495,,6.350575391668045,,9.83001102365522,0.03456601667034908,2.644656711537676,,5.000755158878811,0.057202217178955635,,,,,,,,,,,,,,,,,,,,,,,,,,,,
4,2011-12-29,0.4000096002304056,,8.996378957469616,0.07381418969176587,0.7187074764743087,,3.6155725998760846,0.024271634650700133,,,9.200962157757068,,6.354784164908367,0.012682757994037978,8.197813233320014,0.07566981247821616,2.790135830377248,0.008079784744097145,3.280221086901257,,7.957435949500465,,5.075148448092107,,4.70141844560044,0.04084365565877481,5.464448592830643,,11.234298312748821,0.03456601667034908,,,4.6643814934833765,0.056070744751240034,,,,,,,,,,,,,,,,,,,,,,,,,,,,
5,2011-12-30,0.4000096002304056,,12.494970774263358,0.036907094845882935,0.4791383176495391,,3.1225399726202547,0.04854326930140025,0.5019475565192949,,5.257692661575468,,5.410154086340908,0.02536551598807596,11.528174859356264,,3.337221287313964,0.008079784744097145,0.8200552717253142,,6.859858577155572,,7.25021206870301,,4.4248644193886495,0.08168731131754962,4.578321793993243,0.04362337242321227,7.489532208499213,,,,4.350432739114304,0.05229916999218802,,,,,,,,,,,,,,,,,,,,,,,,,,,,
6,2011-12-31,0.13333653341013518,,9.496177788440152,0.036907094845882935,1.437414952948617,,,,,,7.886538992363203,,2.576263850638527,0.012682757994037978,3.3303616260362547,,1.5318392794228028,0.01615956948819429,1.2300829075879711,,2.4695490877760062,,6.5251908618327095,,1.3827701310589529,,3.8398827949620737,0.02181168621160614,2.3404788151560045,0.06913203334069816,,,2.4667402128998632,0.04877903355040614,,,,,,,,,,,,,,,,,,,,,,,,,,,,
7,2012-01-01,,,11.495373112322287,0.036907094845882935,2.156122429422926,,,,,,5.069917923662059,,2.7480147740144294,0.012682757994037978,12.296719849980018,,2.078924736359518,0.008079784744097145,0.4100276358626571,,2.4695490877760062,,7.25021206870301,0.2141535737110698,0.5531080524235812,,6.055199792055577,0.02181168621160614,8.659771616077219,,,,3.363736653954358,0.027658214899714817,,,,,,,,,,,,,,,,,,,,,,,,,,,,
8,2012-01-02,0.9333557338709464,,14.99396492911603,0.07381418969176587,0.7187074764743087,,2.1364747181085955,0.024271634650700133,0.5019475565192949,,9.764286371497297,,5.066652239589104,0.012682757994037978,7.941631569778763,0.03783490623910808,3.4466383787013064,,2.8701934510386,,8.780618978759135,,7.25021206870301,,2.7655402621179057,,3.5445071953496066,,7.957627971530415,,,,4.552256938351563,0.0377157475905202,,,,,,,,,,,,,,,,,,,,,,,,,,,,
9,2012-01-03,1.2000288006912163,,13.744467851689693,0.036907094845882935,0.9582766352990782,,2.9581957635349783,0.024271634650700133,0.5019475565192949,,9.576511633583886,,3.77852031426984,0.02536551598807596,9.991084878108763,,2.790135830377248,,3.280221086901257,,8.231830292586688,0.04052469680968108,3.625106034351505,0.1070767868555349,4.14831039317686,0.04084365565877481,4.1352583945745405,,7.723580090014813,0.03456601667034908,,,4.384070105653847,0.05104197840583734,,,,,,,,,,,,,,,,,,,,,,,,,,,,
10,2012-01-04,1.3333653341013518,,7.746881880043283,0.036907094845882935,1.6769841117733868,,2.1364747181085955,0.024271634650700133,1.5058426695578846,,13.332006391852081,0.055464075803247234,5.753655933092711,0.012682757994037978,3.8427249531187564,,3.0089700131519344,,2.4601658151759427,,8.231830292586688,0.08104939361936216,9.425275689313912,0.1070767868555349,6.360742602871183,0.04084365565877481,5.612136392636877,0.04362337242321227,9.83001102365522,0.03456601667034908,,,4.754081137588827,0.04915619102631134,,,,,,,,,,,,,,,,,,,,,,,,,,,,
11,2012-01-05,1.2000288006912163,,12.744870189748626,0.036907094845882935,2.156122429422926,,1.8077862999380423,0.04854326930140025,,,6.008791613229108,,4.637274931149348,,8.710176560402513,,2.352467464827876,0.008079784744097145,2.4601658151759427,,4.9390981755520125,0.04052469680968108,2.9000848274812037,,3.5952023407532776,0.04084365565877481,4.430633994187008,0.02181168621160614,5.851197037890012,0.03456601667034908,,,3.801022418968425,0.05330492326126855,,,,,,,,,,,,,,,,,,,,,,,,,,,,
12,2012-01-06,0.8000192004608111,,10.245876034895954,0.07381418969176587,0.7187074764743087,,3.6155725998760846,0.024271634650700133,0.5019475565192949,,8.262088468190019,,3.091516620766233,0.012682757994037978,11.784356522897514,,2.8995529217645912,,2.4601658151759427,,8.231830292586688,,5.075148448092107,,5.807634550447602,0.08168731131754962,3.5445071953496066,,6.0852449194056115,,,,4.1037587178243164,0.04261879477728783,,,,,,,,,,,,,,,,,,,,,,,,,,,,
13,2012-01-07,1.3333653341013518,,12.245071358778093,0.036907094845882935,1.1978457941238478,,3.6155725998760846,0.024271634650700133,,,12.768682178111849,,8.329919783731238,0.012682757994037978,14.34617315831002,,4.157849472719036,0.008079784744097145,0.4100276358626571,,5.213492518638237,,6.5251908618327095,,3.0420942883296966,,7.3843899903116785,,5.851197037890012,,,,5.583802845564235,0.046013212060434655,,,,,,,,,,,,,,,,,,,,,,,,,,,,
14,2012-01-08,1.7333749343317573,,14.244266682660227,0.07381418969176587,0.9582766352990782,,1.8077862999380423,0.024271634650700133,,,8.63763794401684,0.027732037901623617,7.041787858411974,0.02536551598807596,18.70126143851128,,2.7354272846835763,0.01615956948819429,2.4601658151759427,0.06055607940030736,2.4695490877760062,,7.975233275573308,,2.7655402621179057,,5.021385193411943,,9.127867379108418,0.06913203334069816,,,4.989542703365632,0.06260814100026355,,,,,,,,,,,,,,,,,,,,,,,,,,,,
15,2012-01-09,1.7333749343317573,,14.244266682660227,0.07381418969176587,1.437414952948617,,4.108605227131913,0.04854326930140025,0.5019475565192949,,9.388736895670478,,7.728791551915581,0.012682757994037978,15.370899812475026,,3.5013469243949777,0.008079784744097145,3.280221086901257,,7.683041606414242,,12.325360516795115,,5.807634550447602,,7.236702190505446,0.02181168621160614,11.936441957295624,0.03456601667034908,1.6829633618876116,,6.133213165710112,0.055945025592604974,,,,,,,,,,,,,,,,,,,,,,,,,,,,
16,2012-01-10,1.8667114677418928,,12.494970774263358,0.1107212845376488,0.9582766352990782,,2.6295073453644253,0.024271634650700133,0.5019475565192949,,16.14862746055322,,6.268908703220418,,10.759629868732517,,2.8448443760709194,0.008079784744097145,2.0501381793132856,,9.32940766493158,,4.350127241221807,,4.4248644193886495,,6.498263191474277,0.02181168621160614,9.59596314213962,,,,5.426828468379698,0.06876837977338184,,,,,,,,,,,,,,,,,,,,,,,,,,,,
17,2012-01-11,1.466701867511487,,12.744870189748626,0.036907094845882935,1.437414952948617,,4.601637854387744,0.04854326930140025,,,10.327610585237526,,6.0971577798445145,,6.404541588531259,,3.173095650232949,0.008079784744097145,2.0501381793132856,,6.311069890983127,,5.800169654962407,,7.743512733930137,0.04084365565877481,6.793638791086748,0.04362337242321227,8.659771616077219,0.03456601667034908,,,5.0680298919579005,0.0608480727793726,,,,,,,,,,,,,,,,,,,,,,,,,,,,
18,2012-01-12,1.2000288006912163,,11.995171943292826,0.036907094845882935,0.4791383176495391,,3.9442610180466375,,0.5019475565192949,,7.886538992363203,,6.526535088284269,0.02536551598807596,16.139444803098772,,2.2977589191342043,,3.280221086901257,,4.66470383246579,,15.950466551146619,,6.360742602871183,0.04084365565877481,8.122828989342848,,9.83001102365522,0.03456601667034908,,,5.314703913247887,0.056825059703050435,,,,,,,,,,,,,,,,,,,,,,,,,,,,
19,2012-01-13,1.8667114677418928,,16.243462006542366,0.036907094845882935,0.9582766352990782,,3.6155725998760846,0.04854326930140025,1.0038951130385898,,5.8210168753156974,,6.354784164908367,0.02536551598807596,10.503448205191264,,3.829598198557007,,1.2300829075879711,,9.878196351104023,0.04052469680968108,12.325360516795115,,4.14831039317686,0.04084365565877481,6.498263191474277,0.02181168621160614,9.361915260624018,0.06913203334069816,4.8084667482503205,,5.583802845564235,0.05959088119302192,,,,,,,,,,,,,,,,,,,,,,,,,,,,
20,2012-01-14,,,12.994769605233893,0.036907094845882935,0.9582766352990782,,3.779916808961361,0.07281490395210037,,,4.882143185748649,0.027732037901623617,5.066652239589104,0.03804827398211393,17.164171457263773,,3.0089700131519344,0.01615956948819429,1.2300829075879711,,3.292732117034676,,8.700254482443611,,0.8296620786353718,,5.021385193411943,0.02181168621160614,10.766202549717619,0.03456601667034908,,,4.440132383219753,0.06260814100026355,,,,,,,,,,,,,,,,,,,,,,,,,,,,
21,2012-01-15,1.466701867511487,,13.494568436204426,0.07381418969176587,0.7187074764743087,,,,,,14.458654819332535,,7.041787858411974,,20.49453308330003,,2.6260101932962336,0.008079784744097145,1.6401105434506285,,7.683041606414242,0.04052469680968108,6.5251908618327095,,1.9358781834825345,,7.089014390699212,,14.276920772451627,0.06913203334069816,,,5.740777222748772,0.04978478681948667,,,,,,,,,,,,,,,,,,,,,,,,,,,,
22,2012-01-16,,,11.745272527807556,0.14762837938353174,0.7187074764743087,,3.9442610180466375,0.024271634650700133,1.0038951130385898,,18.589699053427545,,7.986417936979432,0.012682757994037978,8.453994896861262,,4.65022638396208,,5.330359266214543,,9.32940766493158,,5.075148448092107,0.2141535737110698,7.743512733930137,0.08168731131754962,9.89508258701765,0.02181168621160614,12.638585601842426,0.06913203334069816,,,6.6041362972637225,0.06436820922115448,,,,,,,,,,,,,,,,,,,,,,,,,,,,
23,2012-01-17,0.8000192004608111,,12.245071358778093,0.036907094845882935,1.1978457941238478,,6.2450799452405095,0.024271634650700133,,,11.642033750631391,,7.299414243475827,0.012682757994037978,10.503448205191264,,3.22780419592662,,2.4601658151759427,0.06055607940030736,9.055013321845355,0.08104939361936216,6.5251908618327095,,5.531080524235811,0.04084365565877481,7.827453389730381,,3.744766104249607,0.10369805001104723,5.529736760487868,,5.662290034156502,0.07404858443605468,,,,,,,,,,,,,,,,,,,,,,,,,,,,
24,2012-01-18,0.13333653341013518,,12.494970774263358,0.036907094845882935,1.6769841117733868,,3.1225399726202547,0.024271634650700133,,,11.078709536891164,,6.0971577798445145,0.012682757994037978,10.247266541650015,0.03783490623910808,3.5560554700886486,0.01615956948819429,2.0501381793132856,,8.231830292586688,,7.975233275573308,,4.14831039317686,0.08168731131754962,8.270516789149081,0.04362337242321227,6.553340682436812,0.03456601667034908,5.048890085662835,,5.359553735300612,0.06348817511070902,,,,,,,,,,,,,,,,,,,,,,,,,,,,
25,2012-01-19,1.6000384009216222,,13.994367267174963,0.036907094845882935,1.1978457941238478,,3.1225399726202547,0.024271634650700133,,,10.703160061064343,,7.8146670136035326,0.012682757994037978,12.296719849980018,0.07566981247821616,3.829598198557007,,4.920331630351885,,13.994111497397368,,7.25021206870301,,5.254526498024021,0.08168731131754962,5.31676079302441,,11.468346194264422,0.03456601667034908,3.3659267237752233,,6.1556380767364764,0.06009375782756219,,,,,,,,,,,,,,,,,,,,,,,,,,,,
26,2012-01-20,2.8000672016128387,,14.244266682660227,0.036907094845882935,0.9582766352990782,,5.75204731798468,0.04854326930140025,,,10.515385323150936,0.055464075803247234,5.925406856468612,0.02536551598807596,8.197813233320014,0.03783490623910808,2.4618845562152187,,0.8200552717253142,,8.506224635672911,,10.875318103054514,,4.977972471812231,,5.907511992249344,0.02181168621160614,8.659771616077219,,3.8467733986002566,,5.359553735300612,0.06901981809065197,,,,,,,,,,,,,,,,,,,,,,,,,,,,
27,2012-01-21,0.6666826670506759,,12.245071358778093,0.1107212845376488,1.437414952948617,,0.8217210454263828,,,,5.069917923662059,,9.360425323986648,0.05073103197615191,16.651808130181273,,3.5013469243949777,,3.280221086901257,0.12111215880061472,7.408647263328017,0.04052469680968108,10.875318103054514,,1.3827701310589529,,6.645950991280513,0.04362337242321227,11.468346194264422,0.03456601667034908,2.1638100367126443,,5.471678290432424,0.06009375782756219,,,,,,,,,,,,,,,,,,,,,,,,,,,,
28,2012-01-22,1.2000288006912163,,13.494568436204426,0.07381418969176587,1.6769841117733868,,0.9860652545116594,,,,8.07431373027661,0.027732037901623617,8.244044322043287,0.012682757994037978,13.57762816768627,,3.118387104539277,0.01615956948819429,1.2300829075879711,,9.32940766493158,0.04052469680968108,8.700254482443611,,3.318648314541487,,7.5320777901179135,0.04362337242321227,11.00025043123322,0.03456601667034908,1.6829633618876116,,5.505315656971966,0.06135094941391288,,,,,,,,,,,,,,,,,,,,,,,,,,,,
29,2012-01-23,0.5333461336405407,,12.245071358778093,0.07381418969176587,2.156122429422926,,4.272949436217191,0.0970865386028005,1.0038951130385898,,10.890934798977757,,5.753655933092711,0.012682757994037978,14.858536485392525,,3.829598198557007,0.02423935423229144,2.0501381793132856,0.06055607940030736,7.957435949500465,0.04052469680968108,13.775402930535718,,9.955944943624461,0.12253096697632446,8.418204588955316,,9.361915260624018,,2.1638100367126443,,6.032301066091483,0.06172810688981808,,,,,,,,,,,,,,,,,,,,,,,,,,,,
30,2012-01-24,1.3333653341013518,,17.74285849945397,0.14762837938353174,,,3.286884181705532,0.024271634650700133,0.5019475565192949,,6.3843410890559245,,6.698286011660169,,10.759629868732517,,3.391929833007635,,2.0501381793132856,,11.250168066535142,0.08104939361936216,2.9000848274812037,,5.531080524235811,0.04084365565877481,7.827453389730381,0.06543505863481841,12.638585601842426,0.06913203334069816,6.010583435312897,,5.83047686685422,0.06763690734566623,,,,,,,,,,,,,,,,,,,,,,,,,,,,
31,2012-01-25,2.400057601382433,,12.494970774263358,0.07381418969176587,,,2.9581957635349783,0.024271634650700133,0.5019475565192949,,14.458654819332535,,6.526535088284269,0.012682757994037978,9.222539887485011,,4.540809292574737,,3.280221086901257,,8.780618978759135,0.04052469680968108,10.875318103054514,,6.084188576659392,0.04084365565877481,9.304331387792717,0.02181168621160614,11.234298312748821,,1.6829633618876116,,6.211700354302383,0.06537396249023501,,,,,,,,,,,,,,,,,,,,,,,,,,,,
32,2012-01-26,4.533442135944597,,14.494166098145495,0.07381418969176587,1.1978457941238478,,2.4651631362791484,0.024271634650700133,0.5019475565192949,,8.82541268193025,,6.698286011660169,,14.34617315831002,,3.0636785588456057,,2.4601658151759427,,11.250168066535142,0.08104939361936216,5.800169654962407,,9.40283689120088,,6.793638791086748,,9.59596314213962,0.13826406668139632,3.125503386362708,,6.043513521604662,0.06964841388382731,,,,,,,,,,,,,,,,,,,,,,,,,,,,
33,2012-01-27,3.4667498686635145,,10.995574281351757,0.07381418969176587,1.437414952948617,,2.793851554449702,0.024271634650700133,,,9.576511633583886,0.027732037901623617,6.526535088284269,0.012682757994037978,5.892178261448757,,3.4466383787013064,,2.8701934510386,,10.975773723448915,0.08104939361936216,9.425275689313912,,4.4248644193886495,,6.793638791086748,,11.468346194264422,0.03456601667034908,6.491430110137931,,5.651077578643322,0.0677626265043013,,,,,,,,,,,,,,,,,,,,,,,,,,,,
34,2012-01-28,1.3333653341013518,,9.496177788440152,0.07381418969176587,1.9165532705981565,,2.6295073453644253,0.07281490395210037,0.5019475565192949,,9.764286371497297,0.027732037901623617,6.870036935036072,0.03804827398211393,11.015811532273764,,3.610764015782321,0.008079784744097145,1.6401105434506285,,7.683041606414242,,10.150296896184214,,4.977972471812231,,7.827453389730381,0.02181168621160614,7.255484326983613,0.03456601667034908,,,5.180154447089712,0.06336245595207395,,,,,,,,,,,,,,,,,,,,,,,,,,,,
35,2012-01-29,1.7333749343317573,,11.995171943292826,0.036907094845882935,0.7187074764743087,,0.16434420908527658,,,,11.454259012717984,,8.072293398667384,0.02536551598807596,9.222539887485011,,3.610764015782321,,1.2300829075879711,,6.0366755478969045,0.1215740904290432,5.075148448092107,,1.3827701310589529,,5.907511992249344,,6.787388563952413,,,,4.798930959641551,0.05808225128940112,,,,,,,,,,,,,,,,,,,,,,,,,,,,
36,2012-01-30,2.5333941347925686,,12.494970774263358,0.07381418969176587,1.1978457941238478,,0.9860652545116594,,0.5019475565192949,,4.31881897200842,,5.496029548028859,0.02536551598807596,10.759629868732517,0.03783490623910808,2.6260101932962336,0.008079784744097145,1.6401105434506285,,9.32940766493158,,4.350127241221807,,7.743512733930137,0.04084365565877481,6.941326590892979,0.02181168621160614,8.659771616077219,0.03456601667034908,5.529736760487868,,4.899843059260181,0.05380779989580882,,,,,,,,,,,,,,,,,,,,,,,,,,,,
37,2012-01-31,2.0000480011520283,,8.996378957469616,0.07381418969176587,1.1978457941238478,,2.300818927193872,0.04854326930140025,,,9.764286371497297,,6.268908703220418,0.05073103197615191,9.222539887485011,0.03783490623910808,2.2430503734405334,,0.4100276358626571,,6.585464234069352,0.04052469680968108,4.350127241221807,,5.807634550447602,0.04084365565877481,4.430633994187008,0.02181168621160614,7.489532208499213,0.03456601667034908,6.972276784962963,0.07101518744905243,4.653169037970195,0.054939272323524434,,,,,,,,,,,,,,,,,,,,,,,,,,,,
38,2012-02-01,0.8000192004608111,,10.245876034895954,0.036907094845882935,0.9582766352990782,,1.3147536726822129,0.04854326930140025,,,7.323214778622973,,5.6677804714047575,0.02536551598807596,7.941631569778763,,2.680718738989905,0.008079784744097145,0.4100276358626571,,13.719717154311144,0.04052469680968108,7.25021206870301,,6.360742602871183,0.08168731131754962,3.1014437959309067,,7.021436445468013,0.10369805001104723,2.644656711537676,,4.3728576501406655,0.05217345083355295,,,,,,,,,,,,,,,,,,,,,,,,,,,,
39,2012-02-02,1.2000288006912163,,11.745272527807556,0.07381418969176587,0.9582766352990782,,3.9442610180466375,0.0970865386028005,1.0038951130385898,,8.44986320610343,,5.581905009716809,0.02536551598807596,7.685449906237513,,2.0242161906658467,0.008079784744097145,1.6401105434506285,,7.957435949500465,0.04052469680968108,7.975233275573308,,5.254526498024021,,4.282946194380775,0.04362337242321227,6.787388563952413,0.06913203334069816,4.087196736012772,,4.496194660785659,0.04903047186767626,,,,,,,,,,,,,,,,,,,,,,,,,,,,
40,2012-02-03,1.0666922672810817,,8.996378957469616,0.07381418969176587,0.7187074764743087,,1.150409463596936,0.04854326930140025,,,7.886538992363203,,4.809025854525251,,4.098906616660007,,2.8995529217645912,,0.4100276358626571,,10.426985037276474,,7.975233275573308,,4.70141844560044,,5.021385193411943,0.08724674484642454,8.425723734561616,,2.8850800489501918,0.035507593724526214,4.148608539877042,0.05041338261266201,,,,,,,,,,,,,,,,,,,,,,,,,,,,
41,2012-02-04,0.8000192004608111,,11.245473696837022,0.036907094845882935,1.6769841117733868,,1.150409463596936,,0.5019475565192949,,9.952061109410707,,2.83389023570238,,8.710176560402513,,2.9542614674582626,0.01615956948819429,,,4.115915146293344,0.04052469680968108,5.800169654962407,,2.4889862359061152,,2.806068196318438,,6.319292800921213,0.06913203334069816,,,3.56556085319162,0.04651608869497492,,,,,,,,,,,,,,,,,,,,,,,,,,,,
42,2012-02-05,0.8000192004608111,,9.746077203925418,0.036907094845882935,0.7187074764743087,,2.9581957635349783,0.04854326930140025,,,4.131044234095009,,5.6677804714047575,0.02536551598807596,10.247266541650015,,2.571301647602562,0.03231913897638858,1.2300829075879711,,7.957435949500465,,5.800169654962407,,2.2124322096943247,,3.9875705947683073,,7.489532208499213,0.13826406668139632,1.20211668706258,,3.9579967961529614,0.03997869244595142,,,,,,,,,,,,,,,,,,,,,,,,,,,,
43,2012-02-06,0.9333557338709464,,10.49577545038122,0.1107212845376488,0.2395691588247696,,3.6155725998760846,0.04854326930140025,,,10.515385323150936,,5.8395313947806615,0.02536551598807596,8.453994896861262,,2.352467464827876,0.008079784744097145,0.4100276358626571,,8.231830292586688,,4.350127241221807,,7.743512733930137,0.16337462263509925,3.1014437959309067,0.02181168621160614,7.021436445468013,0.06913203334069816,,,4.350432739114304,0.04437886299817877,,,,,,,,,,,,,,,,,,,,,,,,,,,,
44,2012-02-07,0.13333653341013518,,7.247083049072748,0.036907094845882935,0.4791383176495391,,2.4651631362791484,0.04854326930140025,0.5019475565192949,,6.008791613229108,,3.6926448525818887,0.012682757994037978,8.197813233320014,,2.4071760105215474,0.008079784744097145,2.0501381793132856,,9.878196351104023,0.08104939361936216,3.625106034351505,,3.0420942883296966,,5.169072993218176,0.02181168621160614,10.29810678668642,0.06913203334069816,3.60635006118774,,3.9243594296134177,0.04877903355040614,,,,,,,,,,,,,,,,,,,,,,,,,,,,
45,2012-02-08,,,8.496580126499081,0.1107212845376488,1.6769841117733868,,4.765982063473022,0.024271634650700133,0.5019475565192949,,8.63763794401684,0.055464075803247234,3.9502712376457416,0.02536551598807596,5.123633270825008,,1.7506734621974889,0.008079784744097145,2.0501381793132856,,7.408647263328017,,5.800169654962407,,3.0420942883296966,,4.578321793993243,0.02181168621160614,6.787388563952413,0.06913203334069816,2.8850800489501918,,3.7898099634552436,0.04400170552227357,,,,,,,,,,,,,,,,,,,,,,,,,,,,
46,2012-02-09,,,9.496177788440152,0.14762837938353174,0.7187074764743087,,1.9721305090233188,,,,6.3843410890559245,,4.207897622709594,0.02536551598807596,12.552901513521268,,2.2430503734405334,0.008079784744097145,2.0501381793132856,,5.762281204810683,0.1620987872387243,2.9000848274812037,,2.7655402621179057,0.04084365565877481,4.726009593799477,,7.489532208499213,0.06913203334069816,3.8467733986002566,,3.879509607560693,0.042493075618652766,,,,,,,,,,,,,,,,,,,,,,,,,,,,
47,2012-02-10,,,4.498189478734808,0.036907094845882935,0.7187074764743087,,2.6295073453644253,,0.5019475565192949,,5.8210168753156974,,4.7231503928373,0.012682757994037978,4.098906616660007,,0.9847538224860876,,2.0501381793132856,,3.841520803207121,0.04052469680968108,3.625106034351505,,2.7655402621179057,,3.1014437959309067,,4.680957630312009,0.03456601667034908,1.4425400244750959,,2.6797768676503053,0.0434988288877333,,,,,,,,,,,,,,,,,,,,,,,,,,,,
48,2012-02-11,,,10.995574281351757,0.07381418969176587,,,4.601637854387744,0.04854326930140025,1.0038951130385898,,8.63763794401684,,4.207897622709594,0.02536551598807596,6.6607232520725095,,1.860090553584832,,1.2300829075879711,,2.4695490877760062,,6.5251908618327095,,1.1062161048471624,0.04084365565877481,4.282946194380775,,4.212861867280808,,0.24042333741251604,,3.3861615649807204,0.030046878913781095,,,,,,,,,,,,,,,,,,,,,,,,,,,,
49,2012-02-12,,,9.246278372954883,0.036907094845882935,1.9165532705981565,,1.3147536726822129,0.04854326930140025,,,7.323214778622973,,7.64291609022763,0.02536551598807596,11.528174859356264,,2.6260101932962336,0.02423935423229144,0.8200552717253142,,7.408647263328017,,5.800169654962407,,,,3.8398827949620737,,6.787388563952413,0.06913203334069816,0.24042333741251604,,4.114971173337499,0.037967185907790336,,,,,,,,,,,,,,,,,,,,,,,,,,,,
50,2012-02-13,,,6.247485387131679,0.036907094845882935,0.9582766352990782,,3.286884181705532,0.024271634650700133,0.5019475565192949,,8.262088468190019,,5.925406856468612,0.012682757994037978,8.197813233320014,0.07566981247821616,3.0089700131519344,,0.8200552717253142,,3.841520803207121,0.04052469680968108,11.600339309924815,0.1070767868555349,1.6593241572707436,,2.215316997093504,0.02181168621160614,9.361915260624018,0.06913203334069816,3.60635006118774,,4.014059073718867,0.04613893121906972,,,,,,,,,,,,,,,,,,,,,,,,,,,,
51,2012-02-14,0.4000096002304056,,6.4973848026169465,0.036907094845882935,1.1978457941238478,,3.1225399726202547,0.04854326930140025,,,7.886538992363203,,4.980776777901152,0.012682757994037978,1.7932716447887531,,1.9147990992785042,,1.6401105434506285,,5.213492518638237,0.04052469680968108,7.25021206870301,0.1070767868555349,1.6593241572707436,,5.464448592830643,,7.255484326983613,0.03456601667034908,4.3276200734252885,,3.587985764217981,0.045007458791354114,,,,,,,,,,,,,,,,,,,,,,,,,,,,
52,2012-02-15,1.2000288006912163,,9.746077203925418,0.036907094845882935,1.1978457941238478,,3.286884181705532,0.04854326930140025,,,9.01318741984366,,5.6677804714047575,0.03804827398211393,7.429268242696263,,2.5165931019088905,0.01615956948819429,2.4601658151759427,,7.134252920241798,0.04052469680968108,4.350127241221807,,1.3827701310589529,,3.8398827949620737,0.06543505863481841,7.957627971530415,0.06913203334069816,3.8467733986002566,,4.271945550522036,0.04023013076322155,,,,,,,,,,,,,,,,,,,,,,,,,,,,
53,2012-02-16,0.2666730668202704,,8.996378957469616,0.1107212845376488,0.4791383176495391,,4.765982063473022,0.024271634650700133,1.0038951130385898,,4.694368447835239,,4.465524007773447,0.012682757994037978,4.355088280201256,,2.6260101932962336,,3.280221086901257,,6.859858577155572,0.1215740904290432,5.075148448092107,,3.8717563669650685,0.04084365565877481,4.282946194380775,,5.617149156374412,0.06913203334069816,3.125503386362708,,3.7337476858893375,0.047898999439960656,,,,,,,,,,,,,,,,,,,,,,,,,,,,
54,2012-02-17,1.3333653341013518,,7.996781295528549,0.036907094845882935,0.9582766352990782,,2.9581957635349783,0.024271634650700133,1.0038951130385898,,7.886538992363203,,5.152527701277054,0.03804827398211393,7.429268242696263,,3.0636785588456057,0.01615956948819429,0.8200552717253142,,4.9390981755520125,,8.700254482443611,,5.254526498024021,0.04084365565877481,6.645950991280513,0.04362337242321227,7.723580090014813,0.03456601667034908,0.7212700122375479,,4.316795372574759,0.04186447982547743,,,,,,,,,,,,,,,,,,,,,,,,,,,,
55,2012-02-18,0.13333653341013518,,7.247083049072748,0.036907094845882935,0.9582766352990782,,0.4930326272558297,0.07281490395210037,,,2.4410715928743243,,6.011282318156563,,9.222539887485011,,2.352467464827876,,0.8200552717253142,,6.859858577155572,0.08104939361936216,2.1750636206109037,,3.0420942883296966,0.12253096697632446,4.873697393605709,,5.14905339334321,,0.24042333741251604,,3.3188868319016334,0.04840187607450093,,,,,,,,,,,,,,,,,,,,,,,,,,,,
56,2012-02-19,0.8000192004608111,,12.744870189748626,0.07381418969176587,0.2395691588247696,,,,0.5019475565192949,,4.506593709921829,,5.238403162965005,0.05073103197615191,15.627081476016276,0.03783490623910808,3.5013469243949777,,,,1.6463660585173376,,4.350127241221807,,2.7655402621179057,0.08168731131754962,5.759824192443111,0.04362337242321227,8.659771616077219,0.03456601667034908,1.6829633618876116,,4.193458361929767,0.037212870955979936,,,,,,,,,,,,,,,,,,,,,,,,,,,,
57,2012-02-20,1.2000288006912163,,15.993562591057096,0.036907094845882935,0.9582766352990782,,2.793851554449702,0.024271634650700133,0.5019475565192949,,8.262088468190019,,6.870036935036072,0.012682757994037978,10.759629868732517,,2.4618845562152187,0.03231913897638858,0.4100276358626571,,6.311069890983127,0.08104939361936216,7.975233275573308,,7.743512733930137,0.08168731131754962,7.827453389730381,0.08724674484642454,7.255484326983613,,,,5.079242347471081,0.04701896532951519,,,,,,,,,,,,,,,,,,,,,,,,,,,,
58,2012-02-21,0.9333557338709464,,10.745674865866489,0.036907094845882935,0.9582766352990782,,2.793851554449702,0.07281490395210037,,,11.642033750631391,,5.753655933092711,0.02536551598807596,10.759629868732517,,1.5865478251164744,,2.4601658151759427,0.06055607940030736,6.311069890983127,0.1620987872387243,2.1750636206109037,,4.977972471812231,0.16337462263509925,4.873697393605709,,7.489532208499213,0.10369805001104723,,,4.328007828087942,0.05695077886168552,,,,,,,,,,,,,,,,,,,,,,,,,,,,
59,2012-02-22,0.8000192004608111,,10.745674865866489,0.036907094845882935,0.4791383176495391,,2.793851554449702,0.0970865386028005,,,7.135440040709564,,4.894901316213201,0.012682757994037978,10.247266541650015,,1.641256370810146,,2.8701934510386,,3.5671264601208983,0.08104939361936216,5.075148448092107,,4.70141844560044,,4.1352583945745405,0.04362337242321227,8.659771616077219,0.03456601667034908,4.3276200734252885,,4.03648398474523,0.048527595233135996,,,,,,,,,,,,,,,,,,,,,,,,,,,,
60,2012-02-23,0.5333461336405407,,11.495373112322287,0.036907094845882935,0.2395691588247696,,4.765982063473022,0.024271634650700133,0.5019475565192949,,5.8210168753156974,,4.637274931149348,,4.867451607283757,,2.7354272846835763,,1.6401105434506285,,4.390309489379567,,3.625106034351505,,3.5952023407532776,0.08168731131754962,5.169072993218176,0.04362337242321227,8.893819497592819,,,,3.879509607560693,0.04525889710862425,,,,,,,,,,,,,,,,,,,,,,,,,,,,
61,2012-02-24,0.5333461336405407,,7.496982464558015,0.036907094845882935,0.2395691588247696,,4.930326272558297,0.04854326930140025,,,7.323214778622973,,6.6124105499722186,,8.710176560402513,,2.680718738989905,,1.2300829075879711,,2.743943430862229,,6.5251908618327095,,6.084188576659392,0.08168731131754962,3.9875705947683073,0.04362337242321227,7.255484326983613,0.10369805001104723,4.087196736012772,,4.2943704615483975,0.0434988288877333,,,,,,,,,,,,,,,,,,,,,,,,,,,,
62,2012-02-25,0.4000096002304056,,10.245876034895954,0.14762837938353174,,,0.8217210454263828,,,,8.262088468190019,0.027732037901623617,6.011282318156563,,6.91690491561376,,1.860090553584832,0.01615956948819429,0.4100276358626571,,6.859858577155572,0.08104939361936216,3.625106034351505,,1.9358781834825345,,2.806068196318438,,6.787388563952413,0.13826406668139632,0.9616933496500641,,3.520711031138895,0.0481504377572308,,,,,,,,,,,,,,,,,,,,,,,,,,,,
63,2012-02-26,1.2000288006912163,,11.995171943292826,0.07381418969176587,0.7187074764743087,,0.16434420908527658,,,,8.07431373027661,,5.8395313947806615,0.012682757994037978,6.404541588531259,,1.860090553584832,0.01615956948819429,0.8200552717253142,,8.780618978759135,,5.800169654962407,,1.9358781834825345,,3.69219499515584,,6.787388563952413,0.03456601667034908,7.453123459787995,,4.092546262311136,0.03947581581141115,,,,,,,,,,,,,,,,,,,,,,,,,,,,
64,2012-02-27,0.9333557338709464,,13.994367267174963,0.036907094845882935,1.437414952948617,,2.300818927193872,0.024271634650700133,1.5058426695578846,,10.515385323150936,0.027732037901623617,5.152527701277054,0.012682757994037978,6.148359924990009,0.03783490623910808,2.13363328205319,,1.2300829075879711,,11.798956752707586,0.08104939361936216,5.800169654962407,,3.318648314541487,,5.464448592830643,0.04362337242321227,9.127867379108418,0.06913203334069816,3.60635006118774,,4.731656226562464,0.04588749290179958,,,,,,,,,,,,,,,,,,,,,,,,,,,,
65,2012-02-28,0.9333557338709464,,12.744870189748626,0.036907094845882935,0.4791383176495391,,2.793851554449702,0.024271634650700133,,,8.63763794401684,,4.7231503928373,0.012682757994037978,9.478721551026263,,2.0242161906658467,0.01615956948819429,1.6401105434506285,,10.975773723448915,0.08104939361936216,6.5251908618327095,,4.14831039317686,0.08168731131754962,4.726009593799477,0.02181168621160614,5.14905339334321,,3.125503386362708,0.035507593724526214,4.339220283601122,0.053053484943998426,,,,,,,,,,,,,,,,,,,,,,,,,,,,
66,2012-02-29,0.2666730668202704,,12.245071358778093,0.07381418969176587,0.7187074764743087,,2.793851554449702,,,,9.01318741984366,,4.207897622709594,0.03804827398211393,10.247266541650015,,2.5165931019088905,,0.8200552717253142,,10.975773723448915,0.04052469680968108,5.075148448092107,,3.318648314541487,,5.612136392636877,,9.127867379108418,0.03456601667034908,5.7701600979003835,0.07101518744905243,4.6643814934833765,0.04865331439177107,,,,,,,,,,,,,,,,,,,,,,,,,,,,
67,2012-03-01,0.8000192004608111,,9.746077203925418,0.036907094845882935,0.2395691588247696,,3.6155725998760846,0.024271634650700133,2.00779022607718,,9.764286371497297,,7.728791551915581,0.012682757994037978,5.892178261448757,,1.641256370810146,,1.2300829075879711,,8.780618978759135,0.08104939361936216,5.075148448092107,,6.637296629082974,,4.726009593799477,0.04362337242321227,7.021436445468013,0.03456601667034908,3.8467733986002566,0.035507593724526214,4.6083192159174695,0.05229916999218802,,,,,,,,,,,,,,,,,,,,,,,,,,,,
68,2012-03-02,1.466701867511487,,10.995574281351757,0.036907094845882935,0.2395691588247696,,2.300818927193872,0.024271634650700133,0.5019475565192949,,6.7598905648827445,,3.520893929205987,0.012682757994037978,4.355088280201256,,2.571301647602562,,2.8701934510386,,11.524562409621366,0.08104939361936216,5.075148448092107,,2.4889862359061152,,4.578321793993243,0.04362337242321227,5.851197037890012,,4.568043410837803,0.035507593724526214,3.9467843406397813,0.05167057419901268,,,,,,,,,,,,,,,,,,,,,,,,,,,,
69,2012-03-03,0.6666826670506759,,10.995574281351757,0.036907094845882935,0.2395691588247696,,3.779916808961361,0.07281490395210037,1.0038951130385898,,8.262088468190019,,6.011282318156563,0.02536551598807596,11.528174859356264,,2.6260101932962336,0.01615956948819429,,,6.859858577155572,0.04052469680968108,4.350127241221807,,2.4889862359061152,,2.3630047968997383,,5.3831012748588085,0.03456601667034908,4.087196736012772,,4.238308183982491,0.044253143839543714,,,,,,,,,,,,,,,,,,,,,,,,,,,,
70,2012-03-04,0.4000096002304056,,10.49577545038122,0.036907094845882935,,,4.272949436217191,0.024271634650700133,,,10.327610585237526,,6.0971577798445145,0.012682757994037978,12.040538186438766,,3.118387104539277,0.008079784744097145,0.4100276358626571,,8.780618978759135,0.08104939361936216,3.625106034351505,,1.9358781834825345,,3.69219499515584,,4.9150055118276095,,2.40423337412516,0.035507593724526214,4.50740711629884,0.04752184196405546,,,,,,,,,,,,,,,,,,,,,,,,,,,,
71,2012-03-05,1.0666922672810817,,11.245473696837022,0.036907094845882935,0.4791383176495391,,4.437293645302467,0.024271634650700133,0.5019475565192949,,9.952061109410707,,6.6124105499722186,0.012682757994037978,7.941631569778763,,2.8995529217645912,,2.0501381793132856,,12.896534125052474,,5.800169654962407,,6.084188576659392,0.08168731131754962,5.612136392636877,0.02181168621160614,8.191675853046016,0.03456601667034908,5.048890085662835,,5.3034914577347045,0.05053910177129707,,,,,,,,,,,,,,,,,,,,,,,,,,,,
72,2012-03-06,1.0666922672810817,,12.245071358778093,0.036907094845882935,0.9582766352990782,,4.765982063473022,0.04854326930140025,1.0038951130385898,,6.7598905648827445,,5.925406856468612,0.012682757994037978,8.966358223943761,,2.680718738989905,,0.4100276358626571,,10.975773723448915,0.08104939361936216,2.1750636206109037,,6.637296629082974,0.04084365565877481,4.873697393605709,,7.723580090014813,,,,4.653169037970195,0.05946516203438685,,,,,,,,,,,,,,,,,,,,,,,,,,,,
73,2012-03-07,1.3333653341013518,,11.745272527807556,0.07381418969176587,0.9582766352990782,,4.437293645302467,0.024271634650700133,0.5019475565192949,,9.388736895670478,0.027732037901623617,5.410154086340908,0.012682757994037978,11.271993195815014,,2.4071760105215474,,1.2300829075879711,,4.390309489379567,0.04052469680968108,5.800169654962407,,6.637296629082974,0.08168731131754962,4.578321793993243,0.04362337242321227,6.553340682436812,0.10369805001104723,3.60635006118774,,4.653169037970195,0.05217345083355295,,,,,,,,,,,,,,,,,,,,,,,,,,,,
74,2012-03-08,0.9333557338709464,,11.245473696837022,0.036907094845882935,0.4791383176495391,,3.6155725998760846,0.024271634650700133,0.5019475565192949,,7.886538992363203,,5.496029548028859,0.012682757994037978,9.478721551026263,,2.790135830377248,0.01615956948819429,2.0501381793132856,0.06055607940030736,11.250168066535142,0.04052469680968108,2.1750636206109037,,4.977972471812231,,6.202887591861813,0.04362337242321227,7.489532208499213,0.03456601667034908,2.8850800489501918,,4.754081137588827,0.05217345083355295,,,,,,,,,,,,,,,,,,,,,,,,,,,,
75,2012-03-09,0.2666730668202704,,2.4989941548526717,0.07381418969176587,,,3.1225399726202547,0.024271634650700133,0.5019475565192949,,8.07431373027661,,5.152527701277054,0.05073103197615191,5.892178261448757,,2.680718738989905,0.01615956948819429,0.4100276358626571,,9.603802008017805,0.1215740904290432,5.075148448092107,0.1070767868555349,4.977972471812231,0.08168731131754962,2.658380396512205,0.02181168621160614,4.9150055118276095,0.03456601667034908,,,3.4422238425466265,0.05330492326126855,,,,,,,,,,,,,,,,,,,,,,,,,,,,
76,2012-03-10,0.4000096002304056,,8.246680711013816,0.1107212845376488,0.4791383176495391,,1.6434420908527656,0.024271634650700133,0.5019475565192949,,8.44986320610343,,5.8395313947806615,0.02536551598807596,7.1730865791550125,0.03783490623910808,1.7506734621974889,,2.0501381793132856,,6.0366755478969045,0.04052469680968108,4.350127241221807,,1.6593241572707436,0.04084365565877481,3.8398827949620737,0.02181168621160614,6.0852449194056115,0.06913203334069816,,,3.5094985756257127,0.038595781700965684,,,,,,,,,,,,,,,,,,,,,,,,,,,,
77,2012-03-11,1.3333653341013518,,10.49577545038122,0.036907094845882935,,,3.286884181705532,,,,12.205357964371624,,4.122022161021643,0.012682757994037978,8.710176560402513,,2.188341827746861,0.008079784744097145,1.2300829075879711,,6.0366755478969045,,4.350127241221807,,3.318648314541487,,3.3968193955433734,,5.851197037890012,,5.7701600979003835,,4.193458361929767,0.039350096652776084,,,,,,,,,,,,,,,,,,,,,,,,,,,,
78,2012-03-12,0.8000192004608111,,13.494568436204426,0.036907094845882935,,,4.437293645302467,0.024271634650700133,,,8.262088468190019,,5.152527701277054,0.012682757994037978,12.040538186438766,,2.680718738989905,,2.0501381793132856,,11.250168066535142,,4.350127241221807,,4.14831039317686,,5.612136392636877,0.06543505863481841,7.255484326983613,,6.251006772725416,,5.034392525418356,0.04701896532951519,,,,,,,,,,,,,,,,,,,,,,,,,,,,
79,2012-03-13,0.5333461336405407,,13.494568436204426,0.036907094845882935,,,3.779916808961361,0.0970865386028005,0.5019475565192949,,8.44986320610343,0.055464075803247234,4.980776777901152,0.02536551598807596,8.453994896861262,,2.2977589191342043,,0.8200552717253142,,10.975773723448915,0.1215740904290432,2.1750636206109037,,5.254526498024021,0.08168731131754962,6.055199792055577,0.02181168621160614,5.3831012748588085,,5.7701600979003835,,4.619531671430652,0.056447902227145234,,,,,,,,,,,,,,,,,,,,,,,,,,,,
80,2012-03-14,0.8000192004608111,,4.9979883097053435,0.036907094845882935,,,5.0946704816435755,0.04854326930140025,,,6.7598905648827445,,4.809025854525251,0.012682757994037978,7.1730865791550125,,2.6260101932962336,0.01615956948819429,1.2300829075879711,,7.408647263328017,0.1620987872387243,5.075148448092107,0.2141535737110698,4.977972471812231,,4.430633994187008,0.06543505863481841,5.14905339334321,,7.933970134613028,,4.092546262311136,0.05179629335764775,,,,,,,,,,,,,,,,,,,,,,,,,,,,
81,2012-03-15,0.4000096002304056,,9.746077203925418,0.1107212845376488,0.4791383176495391,,1.9721305090233188,0.024271634650700133,,,6.3843410890559245,,4.293773084397545,0.012682757994037978,7.1730865791550125,,2.4618845562152187,,1.6401105434506285,,5.213492518638237,,3.625106034351505,,1.3827701310589529,,3.2491315957371394,0.08724674484642454,6.787388563952413,,6.251006772725416,,3.6216231307575257,0.04588749290179958,,,,,,,,,,,,,,,,,,,,,,,,,,,,
82,2012-03-16,0.13333653341013518,,7.746881880043283,0.036907094845882935,0.4791383176495391,,3.6155725998760846,0.024271634650700133,0.5019475565192949,,9.388736895670478,,3.6926448525818887,0.012682757994037978,5.379814934366259,,2.13363328205319,,3.280221086901257,,2.195154744689784,0.04052469680968108,2.9000848274812037,,1.3827701310589529,,4.282946194380775,0.02181168621160614,7.723580090014813,0.03456601667034908,6.010583435312897,,3.610410675244344,0.040607288239126765,,,,,,,,,,,,,,,,,,,,,,,,,,,,
83,2012-03-17,,,7.996781295528549,0.036907094845882935,0.4791383176495391,,5.259014690728852,0.04854326930140025,,,6.7598905648827445,,4.809025854525251,,8.710176560402513,,2.078924736359518,0.01615956948819429,1.2300829075879711,,2.195154744689784,,5.075148448092107,,2.4889862359061152,0.08168731131754962,1.0338145986436351,,6.553340682436812,0.03456601667034908,5.289313423075352,,3.520711031138895,0.040481569080491685,,,,,,,,,,,,,,,,,,,,,,,,,,,,
84,2012-03-18,,,5.7476865561611445,0.14762837938353174,,,7.231145199752167,0.024271634650700133,0.5019475565192949,,9.01318741984366,0.027732037901623617,6.6124105499722186,0.012682757994037978,11.784356522897514,,2.0242161906658467,0.008079784744097145,1.6401105434506285,,4.115915146293344,,2.9000848274812037,,5.807634550447602,0.04084365565877481,3.9875705947683073,,5.617149156374412,0.03456601667034908,7.453123459787995,,4.50740711629884,0.03947581581141115,,,,,,,,,,,,,,,,,,,,,,,,,,,,
85,2012-03-19,,,9.746077203925418,0.07381418969176587,,,2.9581957635349783,0.024271634650700133,,,5.633242137402287,0.055464075803247234,4.637274931149348,0.012682757994037978,17.164171457263773,,3.0636785588456057,,0.8200552717253142,,7.134252920241798,,0.7250212068703009,,2.2124322096943247,,3.69219499515584,,7.723580090014813,0.03456601667034908,3.125503386362708,,4.171033450903404,0.05053910177129707,,,,,,,,,,,,,,,,,,,,,,,,,,,,
86,2012-03-20,0.2666730668202704,,10.49577545038122,0.036907094845882935,0.7187074764743087,,4.765982063473022,0.024271634650700133,2.00779022607718,,7.510989516536382,,4.207897622709594,0.012682757994037978,6.148359924990009,,2.2977589191342043,,,,4.115915146293344,,7.25021206870301,,3.318648314541487,0.04084365565877481,5.464448592830643,0.04362337242321227,7.255484326983613,0.03456601667034908,9.376510159088124,,4.249520639495673,0.046767527012245055,,,,,,,,,,,,,,,,,,,,,,,,,,,,
87,2012-03-21,0.9333557338709464,,10.245876034895954,0.036907094845882935,0.2395691588247696,,4.601637854387744,0.024271634650700133,,,8.262088468190019,,4.894901316213201,0.02536551598807596,7.429268242696263,0.07566981247821616,2.4618845562152187,,1.2300829075879711,,7.134252920241798,0.08104939361936216,3.625106034351505,,5.254526498024021,0.12253096697632446,6.498263191474277,0.02181168621160614,5.14905339334321,,6.731853447550447,,4.473769749759296,0.04764756112269053,,,,,,,,,,,,,,,,,,,,,,,,,,,,
88,2012-03-22,0.2666730668202704,,10.49577545038122,0.036907094845882935,,,3.779916808961361,,,,7.135440040709564,,4.036146699333694,,8.453994896861262,0.03783490623910808,2.571301647602562,,1.2300829075879711,,7.957435949500465,0.04052469680968108,5.075148448092107,,1.9358781834825345,,4.578321793993243,0.02181168621160614,5.851197037890012,0.13826406668139632,10.09778017132567,,4.215883272956129,0.05016194429539187,,,,,,,,,,,,,,,,,,,,,,,,,,,,
89,2012-03-23,0.9333557338709464,,5.997585971646413,0.036907094845882935,0.7187074764743087,,3.779916808961361,0.024271634650700133,0.5019475565192949,,8.44986320610343,,4.122022161021643,,10.503448205191264,0.07566981247821616,2.6260101932962336,0.008079784744097145,2.8701934510386,0.12111215880061472,9.055013321845355,0.04052469680968108,5.800169654962407,0.1070767868555349,1.3827701310589529,,5.907511992249344,0.02181168621160614,5.3831012748588085,0.06913203334069816,6.251006772725416,,4.283158006035216,0.047270403646785315,,,,,,,,,,,,,,,,,,,,,,,,,,,,
90,2012-03-24,0.8000192004608111,,9.995976619410687,0.036907094845882935,0.7187074764743087,,5.423358899814127,0.024271634650700133,0.5019475565192949,,7.323214778622973,,3.6926448525818887,,8.710176560402513,,0.9847538224860876,,2.4601658151759427,,8.506224635672911,0.04052469680968108,4.350127241221807,,0.5531080524235812,,4.578321793993243,0.02181168621160614,4.680957630312009,,7.453123459787995,,3.8570846965343306,0.04802471859859573,,,,,,,,,,,,,,,,,,,,,,,,,,,,
91,2012-03-25,0.8000192004608111,,10.745674865866489,0.036907094845882935,,,3.1225399726202547,,,,11.266484274804574,,6.0971577798445145,0.012682757994037978,10.247266541650015,,1.9147990992785042,0.02423935423229144,0.8200552717253142,,3.841520803207121,,7.975233275573308,,0.8296620786353718,,6.350575391668045,,4.9150055118276095,0.03456601667034908,6.491430110137931,,4.4289199277065725,0.043247390570463166,,,,,,,,,,,,,,,,,,,,,,,,,,,,
92,2012-03-26,1.2000288006912163,,9.746077203925418,0.07381418969176587,0.2395691588247696,,3.1225399726202547,0.04854326930140025,0.5019475565192949,,9.388736895670478,,4.379648546085496,0.02536551598807596,8.966358223943761,0.07566981247821616,3.22780419592662,,2.4601658151759427,,5.762281204810683,0.04052469680968108,2.9000848274812037,,2.4889862359061152,,3.69219499515584,,7.957627971530415,0.03456601667034908,9.616933496500641,,4.518619571812022,0.0496590676608516,,,,,,,,,,,,,,,,,,,,,,,,,,,,
93,2012-03-27,1.0666922672810817,,9.746077203925418,0.036907094845882935,1.6769841117733868,,2.6295073453644253,0.024271634650700133,,,7.698764254449793,,4.379648546085496,0.03804827398211393,6.148359924990009,,2.13363328205319,,2.4601658151759427,,11.524562409621366,0.1215740904290432,2.1750636206109037,,2.4889862359061152,,5.021385193411943,0.06543505863481841,7.255484326983613,0.06913203334069816,6.972276784962963,,4.249520639495673,0.05066482092993214,,,,,,,,,,,,,,,,,,,,,,,,,,,,
94,2012-03-28,0.8000192004608111,,5.497787140675879,0.07381418969176587,0.4791383176495391,,3.9442610180466375,0.04854326930140025,1.5058426695578846,,6.572115826969335,,3.77852031426984,0.012682757994037978,4.098906616660007,,2.8448443760709194,,1.2300829075879711,,8.780618978759135,0.04052469680968108,3.625106034351505,,2.2124322096943247,,5.464448592830643,0.02181168621160614,5.617149156374412,0.03456601667034908,6.491430110137931,,3.8122348744816064,0.04764756112269053,,,,,,,,,,,,,,,,,,,,,,,,,,,,
95,2012-03-29,1.0666922672810817,,7.996781295528549,0.036907094845882935,1.1978457941238478,,4.272949436217191,0.07281490395210037,1.0038951130385898,,6.3843410890559245,,3.77852031426984,0.012682757994037978,8.197813233320014,,2.0242161906658467,,1.2300829075879711,,7.683041606414242,,2.9000848274812037,,3.318648314541487,,3.9875705947683073,0.02181168621160614,3.978813985765208,0.03456601667034908,6.731853447550447,,3.801022418968425,0.0427445139359229,,,,,,,,,,,,,,,,,,,,,,,,,,,,
96,2012-03-30,1.3333653341013518,,9.746077203925418,0.036907094845882935,0.9582766352990782,,2.4651631362791484,0.024271634650700133,1.5058426695578846,,5.445467399488877,,4.809025854525251,,12.809083177062519,,2.5165931019088905,,0.4100276358626571,,9.32940766493158,0.04052469680968108,2.1750636206109037,,2.2124322096943247,,2.806068196318438,,4.4469097487964095,0.03456601667034908,6.251006772725416,,4.0589088957715935,0.04261879477728783,,,,,,,,,,,,,,,,,,,,,,,,,,,,
97,2012-03-31,0.8000192004608111,,10.49577545038122,0.07381418969176587,0.4791383176495391,,2.9581957635349783,0.024271634650700133,0.5019475565192949,,8.63763794401684,0.055464075803247234,4.036146699333694,0.012682757994037978,5.123633270825008,,1.2582965509544453,0.008079784744097145,1.2300829075879711,0.06055607940030736,10.975773723448915,0.08104939361936216,1.4500424137406018,,1.3827701310589529,,4.578321793993243,0.04362337242321227,5.14905339334321,0.03456601667034908,7.2127001223754785,,3.7898099634552436,0.04551033542589439,,,,,,,,,,,,,,,,,,,,,,,,,,,,
98,2012-04-01,0.6666826670506759,,7.746881880043283,0.036907094845882935,0.9582766352990782,,3.451228390790808,0.024271634650700133,,,3.1921705445279627,,4.379648546085496,0.012682757994037978,11.784356522897514,,1.4224221880354595,0.02423935423229144,0.8200552717253142,,4.66470383246579,,4.350127241221807,,3.5952023407532776,,5.464448592830643,,7.255484326983613,0.03456601667034908,6.972276784962963,,3.7673850524288817,0.042493075618652766,,,,,,,,,,,,,,,,,,,,,,,,,,,,
99,2012-04-02,0.5333461336405407,,9.995976619410687,0.036907094845882935,0.2395691588247696,,3.779916808961361,0.024271634650700133,,,5.257692661575468,,4.293773084397545,0.03804827398211393,10.759629868732517,,2.4618845562152187,0.03231913897638858,2.0501381793132856,,7.683041606414242,0.04052469680968108,2.1750636206109037,,2.2124322096943247,,4.873697393605709,0.02181168621160614,8.191675853046016,,4.568043410837803,,4.0813338067979545,0.04224163730138263,,,,,,,,,,,,,,,,,,,,,,,,,,,,
100,2012-04-03,0.5333461336405407,,8.496580126499081,0.036907094845882935,1.6769841117733868,,1.8077862999380423,0.07281490395210037,0.5019475565192949,,7.135440040709564,,4.122022161021643,,7.685449906237513,0.11350471871732425,1.8053820078911604,0.008079784744097145,1.2300829075879711,,9.603802008017805,0.04052469680968108,5.800169654962407,,1.9358781834825345,0.04084365565877481,4.873697393605709,0.02181168621160614,8.659771616077219,0.03456601667034908,7.933970134613028,,4.0589088957715935,0.04576177374316452,,,,,,,,,,,,,,,,,,,,,,,,,,,,
101,2012-04-04,0.5333461336405407,,9.995976619410687,0.036907094845882935,0.9582766352990782,,1.3147536726822129,0.024271634650700133,1.0038951130385898,,4.882143185748649,,4.379648546085496,0.012682757994037978,9.478721551026263,,1.9695076449721751,0.01615956948819429,2.0501381793132856,,6.859858577155572,0.04052469680968108,6.5251908618327095,,1.6593241572707436,,5.464448592830643,0.02181168621160614,7.489532208499213,0.06913203334069816,6.491430110137931,,3.9131469741002367,0.04551033542589439,,,,,,,,,,,,,,,,,,,,,,,,,,,,
102,2012-04-05,0.4000096002304056,,9.746077203925418,0.036907094845882935,1.1978457941238478,,3.6155725998760846,0.024271634650700133,,,2.8166210687011435,,2.7480147740144294,0.012682757994037978,8.966358223943761,,1.5865478251164744,,1.6401105434506285,,11.524562409621366,,5.800169654962407,0.1070767868555349,3.5952023407532776,0.12253096697632446,5.021385193411943,,8.659771616077219,0.03456601667034908,2.40423337412516,,3.677685408323432,0.043875986363638514,,,,,,,,,,,,,,,,,,,,,,,,,,,,
103,2012-04-06,0.6666826670506759,,6.4973848026169465,0.07381418969176587,0.7187074764743087,,3.451228390790808,,,,4.506593709921829,,4.980776777901152,,5.123633270825008,,1.6959649165038175,,3.690248722763914,,8.780618978759135,,3.625106034351505,,,,3.9875705947683073,,8.893819497592819,0.06913203334069816,4.087196736012772,,3.5431359421652573,0.041235884032302085,,,,,,,,,,,,,,,,,,,,,,,,,,,,
104,2012-04-07,0.13333653341013518,,7.996781295528549,0.036907094845882935,0.4791383176495391,,2.793851554449702,,,,2.628846330787734,,4.894901316213201,,7.685449906237513,,1.5865478251164744,0.008079784744097145,0.8200552717253142,,6.585464234069352,0.04052469680968108,8.700254482443611,,1.1062161048471624,,3.8398827949620737,0.02181168621160614,6.0852449194056115,,3.60635006118774,,3.262824554335728,0.039727254128681284,,,,,,,,,,,,,,,,,,,,,,,,,,,,
105,2012-04-08,0.2666730668202704,,8.496580126499081,0.036907094845882935,0.4791383176495391,,2.9581957635349783,0.0970865386028005,,,5.257692661575468,,3.606769390893938,0.05073103197615191,6.91690491561376,,2.2977589191342043,,1.6401105434506285,,11.250168066535142,,3.625106034351505,,0.2765540262117906,,4.430633994187008,,4.4469097487964095,,3.8467733986002566,,3.487073664599351,0.0365842751628046,,,,,,,,,,,,,,,,,,,,,,,,,,,,
106,2012-04-09,0.8000192004608111,,6.997183633587482,0.07381418969176587,0.2395691588247696,,2.9581957635349783,0.04854326930140025,1.0038951130385898,,6.947665302796153,,3.6926448525818887,,11.528174859356264,,1.860090553584832,,0.8200552717253142,,9.603802008017805,0.04052469680968108,3.625106034351505,,1.9358781834825345,,3.8398827949620737,0.02181168621160614,6.0852449194056115,0.10369805001104723,6.731853447550447,,3.8458722410211497,0.03909865833550594,,,,,,,,,,,,,,,,,,,,,,,,,,,,
107,2012-04-10,0.13333653341013518,,8.996378957469616,0.1107212845376488,0.4791383176495391,,1.8077862999380423,0.024271634650700133,1.5058426695578846,,3.755494758268192,,2.9197656973903308,0.02536551598807596,8.966358223943761,,2.0242161906658467,,0.8200552717253142,,6.311069890983127,,3.625106034351505,,3.318648314541487,,4.578321793993243,,5.617149156374412,,6.731853447550447,,3.4085864760070828,0.0431216714118281,,,,,,,,,,,,,,,,,,,,,,,,,,,,
108,2012-04-11,0.4000096002304056,,9.995976619410687,0.1107212845376488,0.9582766352990782,,2.300818927193872,0.024271634650700133,,,2.8166210687011435,,3.2632675441421344,0.012682757994037978,8.710176560402513,,2.078924736359518,0.008079784744097145,2.0501381793132856,,7.408647263328017,0.1620987872387243,2.9000848274812037,,0.8296620786353718,,4.282946194380775,0.08724674484642454,5.617149156374412,0.03456601667034908,5.048890085662835,,3.352524198441177,0.03821862422506047,,,,,,,,,,,,,,,,,,,,,,,,,,,,
109,2012-04-12,0.13333653341013518,,8.246680711013816,0.036907094845882935,,,3.451228390790808,0.024271634650700133,0.5019475565192949,,3.755494758268192,,3.520893929205987,0.012682757994037978,6.91690491561376,,2.078924736359518,,2.8701934510386,0.06055607940030736,6.585464234069352,0.08104939361936216,3.625106034351505,,2.4889862359061152,,3.9875705947683073,,3.744766104249607,0.03456601667034908,,,3.0273629885589224,0.037590028431885136,,,,,,,,,,,,,,,,,,,,,,,,,,,,
110,2012-04-13,1.0666922672810817,,6.247485387131679,0.036907094845882935,0.2395691588247696,,1.9721305090233188,,,,5.257692661575468,,2.6621393123264783,0.012682757994037978,3.5865432895775053,,1.5318392794228028,,0.8200552717253142,,6.859858577155572,0.04052469680968108,4.350127241221807,,1.3827701310589529,,2.806068196318438,,4.680957630312009,0.03456601667034908,,,2.5115900349525875,0.03394417283146819,,,,,,,,,,,,,,,,,,,,,,,,,,,,
111,2012-04-14,1.0666922672810817,,5.497787140675879,0.036907094845882935,0.9582766352990782,,2.793851554449702,0.024271634650700133,,,6.947665302796153,,3.2632675441421344,0.012682757994037978,3.0741799624950046,,2.13363328205319,,1.6401105434506285,,6.311069890983127,0.04052469680968108,,,0.2765540262117906,,3.3968193955433734,,5.617149156374412,0.03456601667034908,,,2.825538789321661,0.028161091534255087,,,,,,,,,,,,,,,,,,,,,,,,,,,,
112,2012-04-15,0.2666730668202704,,8.246680711013816,0.07381418969176587,0.2395691588247696,,2.793851554449702,,,,4.131044234095009,,5.6677804714047575,0.012682757994037978,6.91690491561376,,1.8053820078911604,,0.8200552717253142,,7.408647263328017,0.08104939361936216,3.625106034351505,,2.7655402621179057,,3.2491315957371394,,6.319292800921213,,,,3.2964619208752715,0.031681227976036966,,,,,,,,,,,,,,,,,,,,,,,,,,,,
113,2012-04-16,0.5333461336405407,,6.997183633587482,0.036907094845882935,1.6769841117733868,,1.8077862999380423,0.024271634650700133,0.5019475565192949,,7.323214778622973,,5.496029548028859,0.012682757994037978,7.1730865791550125,,1.039462368179759,,0.4100276358626571,,6.585464234069352,,2.1750636206109037,,3.5952023407532776,,3.2491315957371394,,5.851197037890012,0.10369805001104723,2.644656711537676,,3.363736653954358,0.0369614326387098,,,,,,,,,,,,,,,,,,,,,,,,,,,,
114,2012-04-17,0.8000192004608111,,4.748088894220076,0.036907094845882935,0.2395691588247696,,1.8077862999380423,0.024271634650700133,,,3.755494758268192,,3.177392082454184,0.02536551598807596,9.478721551026263,0.03783490623910808,1.039462368179759,0.008079784744097145,1.6401105434506285,,4.66470383246579,0.04052469680968108,4.350127241221807,,3.5952023407532776,0.16337462263509925,3.8398827949620737,0.04362337242321227,4.212861867280808,,3.125503386362708,,2.7694765117557547,0.0377157475905202,,,,,,,,,,,,,,,,,,,,,,,,,,,,
115,2012-04-18,0.6666826670506759,,4.2482900632495415,0.07381418969176587,0.7187074764743087,,2.4651631362791484,0.04854326930140025,0.5019475565192949,,4.131044234095009,,2.576263850638527,0.012682757994037978,5.379814934366259,,0.9300452767924158,,2.0501381793132856,,2.743943430862229,0.04052469680968108,2.1750636206109037,,2.2124322096943247,0.04084365565877481,3.3968193955433734,0.02181168621160614,5.851197037890012,,3.8467733986002566,,2.4779526684130437,0.031052632182861632,,,,,,,,,,,,,,,,,,,,,,,,,,,,
116,2012-04-19,0.9333557338709464,,4.9979883097053435,0.07381418969176587,0.4791383176495391,,0.9860652545116594,,,,3.9432694961816015,,4.637274931149348,0.02536551598807596,7.685449906237513,,0.6565025483240584,,0.4100276358626571,,3.841520803207121,0.04052469680968108,,,1.3827701310589529,,3.3968193955433734,0.02181168621160614,5.617149156374412,0.03456601667034908,3.60635006118774,,2.6237145900843992,0.027783934058349884,,,,,,,,,,,,,,,,,,,,,,,,,,,,
117,2012-04-20,1.3333653341013518,,4.9979883097053435,0.07381418969176587,,,1.150409463596936,,,,4.882143185748649,,3.520893929205987,,3.5865432895775053,,0.9300452767924158,,1.2300829075879711,,3.5671264601208983,0.04052469680968108,1.4500424137406018,,0.8296620786353718,,2.953755996124672,,6.553340682436812,,3.125503386362708,,2.433102846360319,0.02941828312060576,,,,,,,,,,,,,,,,,,,,,,,,,,,,
118,2012-04-21,0.5333461336405407,,5.497787140675879,0.036907094845882935,0.4791383176495391,,3.6155725998760846,0.024271634650700133,0.5019475565192949,,6.008791613229108,,3.091516620766233,0.012682757994037978,6.148359924990009,,1.6959649165038175,0.008079784744097145,0.8200552717253142,,2.4695490877760062,,0.7250212068703009,,1.9358781834825345,,2.806068196318438,,5.851197037890012,0.03456601667034908,4.8084667482503205,,2.881601066887567,0.027281057423809613,,,,,,,,,,,,,,,,,,,,,,,,,,,,
119,2012-04-22,1.3333653341013518,,7.496982464558015,0.18453547422941466,0.9582766352990782,,2.1364747181085955,0.04854326930140025,,,7.886538992363203,,4.379648546085496,0.012682757994037978,6.6607232520725095,,1.3130050966481168,0.02423935423229144,0.8200552717253142,,3.292732117034676,,0.7250212068703009,,2.4889862359061152,,2.3630047968997383,,5.14905339334321,,6.972276784962963,,3.262824554335728,0.032309823769212306,,,,,,,,,,,,,,,,,,,,,,,,,,,,
120,2012-04-23,1.0666922672810817,,6.4973848026169465,0.1107212845376488,0.4791383176495391,,3.6155725998760846,0.024271634650700133,1.5058426695578846,,6.3843410890559245,,4.293773084397545,0.02536551598807596,7.429268242696263,,2.188341827746861,,0.8200552717253142,,2.743943430862229,0.04052469680968108,2.1750636206109037,,3.5952023407532776,,2.658380396512205,0.04362337242321227,6.787388563952413,0.13826406668139632,4.568043410837803,,3.453436298059808,0.0365842751628046,,,,,,,,,,,,,,,,,,,,,,,,,,,,
121,2012-04-24,1.3333653341013518,,6.747284218102213,0.14762837938353174,0.2395691588247696,,1.8077862999380423,0.024271634650700133,0.5019475565192949,,4.694368447835239,,3.3491430058300846,,6.91690491561376,,2.0242161906658467,0.008079784744097145,0.8200552717253142,,5.213492518638237,0.04052469680968108,,,3.8717563669650685,0.08168731131754962,2.5106925967059714,0.02181168621160614,7.021436445468013,,6.251006772725416,,3.2067622767698216,0.03872150085960074,,,,,,,,,,,,,,,,,,,,,,,,,,,,
122,2012-04-25,0.4000096002304056,,6.247485387131679,0.07381418969176587,0.4791383176495391,,0.9860652545116594,0.04854326930140025,,,5.257692661575468,,3.435018467518036,0.012682757994037978,7.685449906237513,,1.641256370810146,,,,4.66470383246579,0.08104939361936216,2.9000848274812037,,3.0420942883296966,0.04084365565877481,3.1014437959309067,0.02181168621160614,3.276670341218406,,8.41481680943806,,2.9825131665061977,0.03595567936962926,,,,,,,,,,,,,,,,,,,,,,,,,,,,
123,2012-04-26,0.8000192004608111,,7.247083049072748,0.14762837938353174,1.1978457941238478,,1.6434420908527656,0.024271634650700133,,,7.135440040709564,0.08319611370487084,3.2632675441421344,0.012682757994037978,7.685449906237513,0.03783490623910808,1.641256370810146,0.008079784744097145,0.8200552717253142,,4.9390981755520125,,2.9000848274812037,,4.70141844560044,0.04084365565877481,3.69219499515584,0.02181168621160614,4.9150055118276095,0.06913203334069816,5.7701600979003835,,3.3300992874148148,0.03344129619692792,,,,,,,,,,,,,,,,,,,,,,,,,,,,
124,2012-04-27,0.9333557338709464,,5.24788772519061,0.07381418969176587,0.4791383176495391,,2.1364747181085955,0.024271634650700133,,,6.572115826969335,0.027732037901623617,2.6621393123264783,,4.6112699437425055,,0.7659196397114014,,,,5.762281204810683,0.04052469680968108,2.1750636206109037,,2.4889862359061152,,3.8398827949620737,,5.14905339334321,,4.8084667482503205,,2.713414234189849,0.037338590114615,,,,,,,,,,,,,,,,,,,,,,,,,,,,
125,2012-04-28,0.5333461336405407,,9.995976619410687,0.2583496639211805,0.2395691588247696,,1.6434420908527656,,0.5019475565192949,,5.445467399488877,,4.293773084397545,0.012682757994037978,8.453994896861262,,1.641256370810146,,,,10.152590694190248,,2.9000848274812037,,2.7655402621179057,,2.658380396512205,,5.851197037890012,,3.60635006118774,,3.4422238425466265,0.0304240363896863,,,,,,,,,,,,,,,,,,,,,,,,,,,,
126,2012-04-29,0.6666826670506759,,12.494970774263358,0.18453547422941466,0.2395691588247696,,3.286884181705532,,,,8.44986320610343,0.027732037901623617,5.6677804714047575,0.012682757994037978,11.015811532273764,0.03783490623910808,1.5865478251164744,0.01615956948819429,,,10.426985037276474,0.08104939361936216,3.625106034351505,,1.3827701310589529,,2.3630047968997383,,7.723580090014813,0.03456601667034908,5.7701600979003835,,4.260733095008853,0.038595781700965684,,,,,,,,,,,,,,,,,,,,,,,,,,,,
127,2012-04-30,1.0666922672810817,,9.995976619410687,0.036907094845882935,1.1978457941238478,,1.8077862999380423,0.024271634650700133,,,7.135440040709564,0.027732037901623617,4.894901316213201,,4.6112699437425055,,2.188341827746861,,0.8200552717253142,,6.311069890983127,0.1215740904290432,3.625106034351505,,3.318648314541487,0.04084365565877481,5.169072993218176,0.02181168621160614,6.787388563952413,0.03456601667034908,4.3276200734252885,,3.8234473299947873,0.04777328028132559,,,,,,,,,,,,,,,,,,,,,,,,,,,,
128,2012-05-01,0.5333461336405407,,8.496580126499081,,0.9582766352990782,,2.793851554449702,0.024271634650700133,0.5019475565192949,,3.567720020354782,,4.637274931149348,,11.784356522897514,,2.4618845562152187,0.008079784744097145,,,5.4878868617244585,0.04052469680968108,1.4500424137406018,,2.4889862359061152,,5.169072993218176,,6.787388563952413,0.03456601667034908,4.568043410837803,,3.7898099634552436,0.042870233094557966,,,,,,,,,,,,,,,,,,,,,,,,,,,,
129,2012-05-02,0.5333461336405407,,6.4973848026169465,0.07381418969176587,0.4791383176495391,,2.4651631362791484,0.024271634650700133,1.0038951130385898,,4.882143185748649,,4.293773084397545,0.012682757994037978,8.197813233320014,,2.6260101932962336,,0.8200552717253142,,3.841520803207121,0.04052469680968108,2.1750636206109037,,3.8717563669650685,,4.430633994187008,,7.255484326983613,0.03456601667034908,10.578626846150703,,3.8458722410211497,0.042493075618652766,,,,,,,,,,,,,,,,,,,,,,,,,,,,
130,2012-05-03,0.8000192004608111,,11.245473696837022,0.07381418969176587,0.7187074764743087,,2.9581957635349783,0.04854326930140025,1.0038951130385898,,4.882143185748649,,3.2632675441421344,0.02536551598807596,4.098906616660007,0.03783490623910808,2.0242161906658467,0.008079784744097145,,,5.213492518638237,0.04052469680968108,5.075148448092107,,3.5952023407532776,0.04084365565877481,5.021385193411943,0.02181168621160614,5.3831012748588085,0.03456601667034908,6.491430110137931,,3.520711031138895,0.0431216714118281,,,,,,,,,,,,,,,,,,,,,,,,,,,,
131,2012-05-04,,,4.9979883097053435,0.036907094845882935,0.9582766352990782,,2.1364747181085955,0.024271634650700133,2.00779022607718,,8.44986320610343,,4.207897622709594,,5.892178261448757,,1.4224221880354595,,1.2300829075879711,,8.231830292586688,0.04052469680968108,2.9000848274812037,,1.6593241572707436,,2.658380396512205,0.02181168621160614,6.0852449194056115,0.03456601667034908,1.4425400244750959,,3.1058501771511917,0.03947581581141115,,,,,,,,,,,,,,,,,,,,,,,,,,,,
132,2012-05-05,0.5333461336405407,,9.246278372954883,0.036907094845882935,0.4791383176495391,,2.793851554449702,,0.5019475565192949,,5.633242137402287,,4.894901316213201,0.012682757994037978,3.5865432895775053,,2.5165931019088905,0.008079784744097145,0.8200552717253142,,7.683041606414242,0.1215740904290432,6.5251908618327095,,1.6593241572707436,,3.1014437959309067,0.04362337242321227,3.744766104249607,,5.529736760487868,,3.5094985756257127,0.03482420694191365,,,,,,,,,,,,,,,,,,,,,,,,,,,,
133,2012-05-06,0.4000096002304056,,10.245876034895954,0.1107212845376488,,,5.0946704816435755,0.024271634650700133,,,4.131044234095009,,5.066652239589104,0.012682757994037978,8.197813233320014,,1.9147990992785042,,1.2300829075879711,,8.780618978759135,0.04052469680968108,2.1750636206109037,,2.2124322096943247,,2.3630047968997383,,4.4469097487964095,0.06913203334069816,6.972276784962963,,3.7337476858893375,0.039350096652776084,,,,,,,,,,,,,,,,,,,,,,,,,,,,
134,2012-05-07,0.9333557338709464,,8.74647954198435,0.036907094845882935,,,1.3147536726822129,0.04854326930140025,1.0038951130385898,,5.445467399488877,,4.122022161021643,0.02536551598807596,8.966358223943761,,1.9147990992785042,,2.0501381793132856,,6.585464234069352,0.04052469680968108,2.1750636206109037,,2.7655402621179057,0.12253096697632446,5.464448592830643,0.02181168621160614,6.787388563952413,,4.087196736012772,,3.632835586270706,0.04186447982547743,,,,,,,,,,,,,,,,,,,,,,,,,,,,
135,2012-05-08,0.8000192004608111,,9.496177788440152,0.036907094845882935,0.4791383176495391,,3.6155725998760846,0.07281490395210037,1.0038951130385898,,7.698764254449793,,3.2632675441421344,,6.404541588531259,,2.13363328205319,,0.8200552717253142,,5.762281204810683,0.1620987872387243,2.9000848274812037,,3.318648314541487,,2.658380396512205,0.04362337242321227,5.617149156374412,0.03456601667034908,7.453123459787995,,3.644048041783889,0.04073300739776182,,,,,,,,,,,,,,,,,,,,,,,,,,,,
136,2012-05-09,1.2000288006912163,,10.245876034895954,0.1107212845376488,1.1978457941238478,,2.793851554449702,0.07281490395210037,0.5019475565192949,,5.257692661575468,0.027732037901623617,2.9197656973903308,0.03804827398211393,3.8427249531187564,,2.2977589191342043,,0.8200552717253142,,4.390309489379567,0.08104939361936216,2.9000848274812037,,3.5952023407532776,,3.3968193955433734,,6.787388563952413,0.06913203334069816,5.048890085662835,,3.363736653954358,0.040858726556396885,,,,,,,,,,,,,,,,,,,,,,,,,,,,
137,2012-05-10,0.4000096002304056,,8.496580126499081,0.036907094845882935,0.2395691588247696,,0.9860652545116594,0.024271634650700133,,,5.257692661575468,0.055464075803247234,3.6926448525818887,0.03804827398211393,8.197813233320014,,1.039462368179759,,1.2300829075879711,,3.292732117034676,,1.4500424137406018,,1.9358781834825345,,2.953755996124672,,4.9150055118276095,,1.4425400244750959,,2.6573519566239434,0.0377157475905202,,,,,,,,,,,,,,,,,,,,,,,,,,,,
138,2012-05-11,0.2666730668202704,,6.997183633587482,0.07381418969176587,1.1978457941238478,,3.1225399726202547,0.024271634650700133,,,2.0655221170475047,,3.2632675441421344,0.012682757994037978,7.941631569778763,,1.9695076449721751,0.008079784744097145,1.6401105434506285,,7.683041606414242,0.04052469680968108,4.350127241221807,,3.5952023407532776,0.04084365565877481,3.1014437959309067,0.06543505863481841,5.3831012748588085,0.03456601667034908,4.3276200734252885,,3.1731249102302783,0.02979544059651096,,,,,,,,,,,,,,,,,,,,,,,,,,,,
139,2012-05-12,0.2666730668202704,,8.74647954198435,0.1107212845376488,,,3.1225399726202547,0.024271634650700133,,,5.069917923662059,,3.864395775957792,0.012682757994037978,6.91690491561376,,1.3677136423417882,,0.8200552717253142,,10.701379380362694,,3.625106034351505,0.1070767868555349,1.6593241572707436,0.04084365565877481,2.953755996124672,,3.978813985765208,0.03456601667034908,,,3.016150533045741,0.03557852189372406,,,,,,,,,,,,,,,,,,,,,,,,,,,,
140,2012-05-13,0.13333653341013518,,10.995574281351757,0.1107212845376488,1.1978457941238478,,1.8077862999380423,,,,4.131044234095009,,4.379648546085496,,11.015811532273764,,1.5318392794228028,,0.4100276358626571,,6.859858577155572,0.04052469680968108,1.4500424137406018,,0.2765540262117906,,2.806068196318438,0.02181168621160614,4.680957630312009,0.06913203334069816,5.289313423075352,,3.3076743763884524,0.03381845367283312,,,,,,,,,,,,,,,,,,,,,,,,,,,,
141,2012-05-14,0.2666730668202704,,6.4973848026169465,0.036907094845882935,0.2395691588247696,,2.1364747181085955,0.04854326930140025,,,7.135440040709564,0.11092815160649447,3.3491430058300846,0.012682757994037978,6.6607232520725095,,2.8448443760709194,,0.8200552717253142,,4.9390981755520125,0.04052469680968108,3.625106034351505,0.2141535737110698,3.318648314541487,,4.282946194380775,0.02181168621160614,3.744766104249607,0.03456601667034908,6.010583435312897,,3.4085864760070828,0.03708715179734487,,,,,,,,,,,,,,,,,,,,,,,,,,,,
142,2012-05-15,1.2000288006912163,,9.246278372954883,0.036907094845882935,0.4791383176495391,,2.793851554449702,,,,7.323214778622973,,2.9197656973903308,0.02536551598807596,7.1730865791550125,0.07566981247821616,2.0242161906658467,0.008079784744097145,,,6.311069890983127,0.04052469680968108,3.625106034351505,,4.70141844560044,,5.021385193411943,,6.0852449194056115,0.03456601667034908,6.491430110137931,,3.7561725969157,0.03821862422506047,,,,,,,,,,,,,,,,,,,,,,,,,,,,
143,2012-05-16,1.6000384009216222,,8.496580126499081,0.036907094845882935,0.2395691588247696,,1.150409463596936,0.024271634650700133,,,5.8210168753156974,,3.606769390893938,,4.355088280201256,,1.2582965509544453,,2.0501381793132856,,6.0366755478969045,0.04052469680968108,5.075148448092107,,3.0420942883296966,,2.5106925967059714,,5.617149156374412,,6.010583435312897,,3.117062632664372,0.042115918142747566,,,,,,,,,,,,,,,,,,,,,,,,,,,,
144,2012-05-17,,,9.496177788440152,0.07381418969176587,0.2395691588247696,,3.779916808961361,0.024271634650700133,,,7.698764254449793,,3.2632675441421344,0.012682757994037978,7.1730865791550125,,2.0242161906658467,,2.4601658151759427,,6.859858577155572,0.04052469680968108,2.1750636206109037,,1.6593241572707436,,4.1352583945745405,,4.212861867280808,0.03456601667034908,8.41481680943806,,3.6664729528102495,0.03494992610054872,,,,,,,,,,,,,,,,,,,,,,,,,,,,
145,2012-05-18,,,8.74647954198435,0.036907094845882935,,,0.4930326272558297,,,,5.257692661575468,0.027732037901623617,2.9197656973903308,,5.379814934366259,,1.3677136423417882,,1.6401105434506285,0.06055607940030736,5.4878868617244585,0.08104939361936216,1.4500424137406018,,2.7655402621179057,,3.1014437959309067,,6.553340682436812,0.03456601667034908,6.491430110137931,,2.8928135224007483,0.04111016487366703,,,,,,,,,,,,,,,,,,,,,,,,,,,,
146,2012-05-19,0.8000192004608111,,8.246680711013816,0.07381418969176587,0.7187074764743087,,0.9860652545116594,,,,5.069917923662059,,5.238403162965005,0.012682757994037978,7.429268242696263,,0.9300452767924158,,0.8200552717253142,,4.390309489379567,0.04052469680968108,1.4500424137406018,,,,3.2491315957371394,,3.5107182227340066,,6.972276784962963,,3.00493807753256,0.032435542927847366,,,,,,,,,,,,,,,,,,,,,,,,,,,,
147,2012-05-20,0.2666730668202704,,10.245876034895954,0.1107212845376488,,,3.779916808961361,0.04854326930140025,0.5019475565192949,,6.7598905648827445,,4.122022161021643,,11.271993195815014,,2.571301647602562,,0.8200552717253142,,5.4878868617244585,0.08104939361936216,2.1750636206109037,,0.2765540262117906,,4.873697393605709,,5.3831012748588085,0.03456601667034908,7.933970134613028,,4.0028466182056865,0.03369273451419805,,,,,,,,,,,,,,,,,,,,,,,,,,,,
148,2012-05-21,0.5333461336405407,,11.995171943292826,0.036907094845882935,0.2395691588247696,,1.3147536726822129,0.04854326930140025,0.5019475565192949,,6.008791613229108,,2.576263850638527,0.02536551598807596,5.635996597907507,,1.2582965509544453,,0.4100276358626571,,5.4878868617244585,,1.4500424137406018,,4.977972471812231,0.08168731131754962,3.9875705947683073,0.02181168621160614,6.787388563952413,0.06913203334069816,8.41481680943806,,3.3749491094675395,0.04488173963271905,,,,,,,,,,,,,,,,,,,,,,,,,,,,
149,2012-05-22,0.13333653341013518,,9.246278372954883,0.07381418969176587,,,1.150409463596936,0.04854326930140025,,,5.445467399488877,0.027732037901623617,3.6926448525818887,0.02536551598807596,8.710176560402513,,1.8053820078911604,0.03231913897638858,,,6.311069890983127,,0.7250212068703009,,3.318648314541487,0.04084365565877481,4.282946194380775,0.02181168621160614,5.617149156374412,,8.41481680943806,,3.453436298059808,0.037841466749155284,,,,,,,,,,,,,,,,,,,,,,,,,,,,
150,2012-05-23,0.9333557338709464,,7.996781295528549,0.1107212845376488,0.9582766352990782,,3.451228390790808,0.024271634650700133,,,5.445467399488877,,3.520893929205987,0.02536551598807596,4.6112699437425055,,2.0242161906658467,,1.6401105434506285,,5.4878868617244585,0.04052469680968108,7.25021206870301,,3.318648314541487,,5.759824192443111,0.06543505863481841,4.9150055118276095,0.03456601667034908,7.693546797200511,,3.6664729528102495,0.03872150085960074,,,,,,,,,,,,,,,,,,,,,,,,,,,,
151,2012-05-24,,,11.245473696837022,0.036907094845882935,0.4791383176495391,,1.9721305090233188,0.12135817325350062,0.5019475565192949,,6.7598905648827445,,4.551399469461399,0.012682757994037978,6.148359924990009,,1.5865478251164744,0.01615956948819429,,,4.390309489379567,,1.4500424137406018,,0.5531080524235812,,4.430633994187008,,6.319292800921213,0.03456601667034908,7.2127001223754785,,3.4646487535729884,0.04111016487366703,,,,,,,,,,,,,,,,,,,,,,,,,,,,
152,2012-05-25,,,5.24788772519061,0.036907094845882935,0.9582766352990782,,0.6573768363411063,0.07281490395210037,,,9.01318741984366,,2.3186374655746738,,4.098906616660007,0.15133962495643233,1.5318392794228028,,0.8200552717253142,,6.0366755478969045,0.04052469680968108,2.1750636206109037,,3.318648314541487,,3.5445071953496066,,4.4469097487964095,0.06913203334069816,2.8850800489501918,,2.713414234189849,0.03884722001823581,,,,,,,,,,,,,,,,,,,,,,,,,,,,
153,2012-05-26,0.2666730668202704,,6.247485387131679,0.07381418969176587,0.7187074764743087,,2.4651631362791484,0.0970865386028005,,,6.7598905648827445,0.027732037901623617,5.066652239589104,0.06341378997018987,4.355088280201256,,1.860090553584832,0.008079784744097145,0.4100276358626571,,7.957435949500465,,3.625106034351505,,2.2124322096943247,,2.5106925967059714,,4.4469097487964095,0.10369805001104723,7.693546797200511,,3.3861615649807204,0.0304240363896863,,,,,,,,,,,,,,,,,,,,,,,,,,,,
154,2012-05-27,0.5333461336405407,,8.74647954198435,0.1107212845376488,0.9582766352990782,,1.9721305090233188,0.04854326930140025,,,6.008791613229108,,4.894901316213201,0.03804827398211393,10.503448205191264,,2.4618845562152187,0.008079784744097145,2.0501381793132856,,10.426985037276474,0.08104939361936216,6.5251908618327095,,3.318648314541487,,2.806068196318438,,4.680957630312009,,7.933970134613028,,4.1037587178243164,0.037967185907790336,,,,,,,,,,,,,,,,,,,,,,,,,,,,
155,2012-05-28,1.0666922672810817,,8.246680711013816,0.07381418969176587,0.2395691588247696,,1.3147536726822129,0.0970865386028005,,,6.7598905648827445,,4.980776777901152,0.05073103197615191,9.478721551026263,,2.0242161906658467,,2.0501381793132856,,12.347745438880036,0.04052469680968108,3.625106034351505,,2.2124322096943247,0.04084365565877481,2.5106925967059714,,6.319292800921213,0.10369805001104723,10.09778017132567,,4.114971173337499,0.046013212060434655,,,,,,,,,,,,,,,,,,,,,,,,,,,,
156,2012-05-29,0.6666826670506759,,8.74647954198435,0.036907094845882935,0.4791383176495391,,1.9721305090233188,0.04854326930140025,,,6.008791613229108,,4.980776777901152,0.02536551598807596,5.892178261448757,,2.4071760105215474,0.01615956948819429,2.0501381793132856,,9.32940766493158,,5.800169654962407,0.1070767868555349,1.1062161048471624,,3.69219499515584,,2.574526696671605,0.03456601667034908,5.289313423075352,,3.587985764217981,0.04613893121906972,,,,,,,,,,,,,,,,,,,,,,,,,,,,
157,2012-05-30,0.4000096002304056,,7.496982464558015,0.036907094845882935,,,2.6295073453644253,0.16990144255490086,0.5019475565192949,,5.633242137402287,,4.894901316213201,0.05073103197615191,8.453994896861262,0.03783490623910808,2.078924736359518,,4.510303994489229,,9.32940766493158,,5.800169654962407,,2.2124322096943247,,2.806068196318438,0.02181168621160614,4.9150055118276095,0.03456601667034908,10.09778017132567,,3.935571885126599,0.04023013076322155,,,,,,,,,,,,,,,,,,,,,,,,,,,,
158,2012-05-31,0.2666730668202704,,7.996781295528549,0.036907094845882935,0.4791383176495391,,3.286884181705532,0.12135817325350062,,,6.572115826969335,,3.77852031426984,0.02536551598807596,9.478721551026263,,1.6959649165038175,,4.100276358626571,,9.055013321845355,0.04052469680968108,0.7250212068703009,,3.0420942883296966,0.04084365565877481,3.69219499515584,0.02181168621160614,4.680957630312009,0.03456601667034908,5.529736760487868,,3.655260497297069,0.04412742468090864,,,,,,,,,,,,,,,,,,,,,,,,,,,,
159,2012-06-01,0.4000096002304056,,2.9987929858232065,,,,2.300818927193872,0.024271634650700133,1.0038951130385898,,4.882143185748649,,3.864395775957792,0.08877930595826583,4.355088280201256,,1.6959649165038175,,0.8200552717253142,,7.408647263328017,0.04052469680968108,2.1750636206109037,,3.5952023407532776,,1.9199413974810369,,6.319292800921213,0.06913203334069816,3.125503386362708,,2.780688967268936,0.04098444571503195,,,,,,,,,,,,,,,,,,,,,,,,,,,,
160,2012-06-02,,,8.996378957469616,0.07381418969176587,0.2395691588247696,,1.150409463596936,,,,5.8210168753156974,,4.207897622709594,0.06341378997018987,3.3303616260362547,,2.078924736359518,0.008079784744097145,0.4100276358626571,,7.957435949500465,0.04052469680968108,2.1750636206109037,,,,3.8398827949620737,,6.0852449194056115,0.03456601667034908,7.453123459787995,,3.262824554335728,0.031178351341496706,,,,,,,,,,,,,,,,,,,,,,,,,,,,
161,2012-06-03,0.13333653341013518,,9.246278372954883,0.07381418969176587,0.7187074764743087,,,,,,8.63763794401684,0.027732037901623617,4.379648546085496,0.012682757994037978,5.635996597907507,,1.4224221880354595,,,,9.878196351104023,0.04052469680968108,2.9000848274812037,,,,3.3968193955433734,,3.744766104249607,0.03456601667034908,3.60635006118774,,3.139487543690734,0.0365842751628046,,,,,,,,,,,,,,,,,,,,,,,,,,,,
162,2012-06-04,0.13333653341013518,,6.747284218102213,0.1107212845376488,0.4791383176495391,,2.793851554449702,0.04854326930140025,,,6.7598905648827445,,4.465524007773447,0.02536551598807596,2.817998298953753,,1.6959649165038175,,2.0501381793132856,,9.603802008017805,0.08104939361936216,4.350127241221807,,3.5952023407532776,,2.806068196318438,0.08724674484642454,5.14905339334321,0.06913203334069816,6.731853447550447,,3.419798931520264,0.03520136441781885,,,,,,,,,,,,,,,,,,,,,,,,,,,,
163,2012-06-05,1.466701867511487,,6.997183633587482,0.07381418969176587,1.1978457941238478,,2.9581957635349783,0.04854326930140025,,,6.196566351142516,,3.864395775957792,0.02536551598807596,5.123633270825008,0.03783490623910808,1.641256370810146,0.008079784744097145,1.6401105434506285,0.12111215880061472,9.055013321845355,,4.350127241221807,,2.2124322096943247,,4.430633994187008,0.04362337242321227,3.978813985765208,0.06913203334069816,6.010583435312897,,3.5094985756257127,0.03834434338369554,,,,,,,,,,,,,,,,,,,,,,,,,,,,
164,2012-06-06,0.8000192004608111,,7.247083049072748,0.036907094845882935,1.1978457941238478,,1.150409463596936,0.024271634650700133,,,5.069917923662059,0.08319611370487084,3.864395775957792,0.012682757994037978,8.197813233320014,,1.4771307337291313,,0.8200552717253142,,7.408647263328017,0.04052469680968108,3.625106034351505,,2.7655402621179057,,4.282946194380775,0.02181168621160614,5.14905339334321,0.06913203334069816,4.087196736012772,,3.2516120988225463,0.039350096652776084,,,,,,,,,,,,,,,,,,,,,,,,,,,,
165,2012-06-07,0.2666730668202704,,7.746881880043283,0.14762837938353174,0.4791383176495391,,2.4651631362791484,0.024271634650700133,0.5019475565192949,,4.882143185748649,,3.864395775957792,0.012682757994037978,3.5865432895775053,,1.7506734621974889,0.008079784744097145,2.0501381793132856,,7.134252920241798,0.04052469680968108,3.625106034351505,0.2141535737110698,2.4889862359061152,,2.5106925967059714,,6.0852449194056115,0.03456601667034908,4.087196736012772,,3.061000355098466,0.036458556004169536,,,,,,,,,,,,,,,,,,,,,,,,,,,,
166,2012-06-08,0.5333461336405407,,6.4973848026169465,0.036907094845882935,1.1978457941238478,,1.4790978817674891,0.07281490395210037,,,5.8210168753156974,,3.606769390893938,0.03804827398211393,7.941631569778763,,1.2582965509544453,0.008079784744097145,1.6401105434506285,,7.134252920241798,0.08104939361936216,0.7250212068703009,0.2141535737110698,3.0420942883296966,,3.1014437959309067,0.02181168621160614,3.978813985765208,,2.644656711537676,,2.937663344453473,0.03432133030737339,,,,,,,,,,,,,,,,,,,,,,,,,,,,
167,2012-06-09,0.4000096002304056,,7.496982464558015,0.18453547422941466,0.4791383176495391,,0.6573768363411063,,,,6.196566351142516,,3.520893929205987,,6.6607232520725095,,1.6959649165038175,0.008079784744097145,1.2300829075879711,,12.622139781966254,0.1215740904290432,2.1750636206109037,0.32123036056660464,0.8296620786353718,,2.658380396512205,,5.851197037890012,0.1728300833517454,4.087196736012772,,3.19554982125664,0.03293841956238765,,,,,,,,,,,,,,,,,,,,,,,,,,,,
168,2012-06-10,0.9333557338709464,,9.246278372954883,0.036907094845882935,0.4791383176495391,,0.8217210454263828,,,,8.63763794401684,,2.6621393123264783,0.012682757994037978,17.676534784346273,,2.188341827746861,0.008079784744097145,2.0501381793132856,,9.055013321845355,0.1215740904290432,2.9000848274812037,,0.2765540262117906,,3.69219499515584,,5.14905339334321,0.10369805001104723,5.048890085662835,,3.9019345185870553,0.035829960210994195,,,,,,,,,,,,,,,,,,,,,,,,,,,,
169,2012-06-11,0.2666730668202704,,8.996378957469616,0.07381418969176587,0.9582766352990782,,3.779916808961361,0.024271634650700133,,,7.698764254449793,,4.551399469461399,0.012682757994037978,9.734903214567511,,2.4618845562152187,,1.2300829075879711,,6.585464234069352,0.04052469680968108,2.9000848274812037,,2.7655402621179057,,3.1014437959309067,0.02181168621160614,8.425723734561616,0.13826406668139632,7.453123459787995,,4.159820995390223,0.04375026720500343,,,,,,,,,,,,,,,,,,,,,,,,,,,,
170,2012-06-12,0.4000096002304056,,7.496982464558015,0.07381418969176587,,,1.8077862999380423,0.024271634650700133,0.5019475565192949,,5.257692661575468,,4.122022161021643,0.03804827398211393,6.91690491561376,,1.3677136423417882,,0.8200552717253142,,10.975773723448915,0.04052469680968108,2.1750636206109037,,1.6593241572707436,,4.873697393605709,0.02181168621160614,5.14905339334321,,6.251006772725416,,3.419798931520264,0.04664180785360998,,,,,,,,,,,,,,,,,,,,,,,,,,,,
171,2012-06-13,0.4000096002304056,,8.496580126499081,0.036907094845882935,0.4791383176495391,,1.4790978817674891,0.07281490395210037,,,4.694368447835239,,4.379648546085496,0.012682757994037978,6.6607232520725095,0.03783490623910808,1.9695076449721751,0.01615956948819429,1.6401105434506285,,9.878196351104023,0.04052469680968108,6.5251908618327095,0.1070767868555349,1.6593241572707436,,1.6245657978685697,,7.255484326983613,0.06913203334069816,6.491430110137931,,3.4758612090861702,0.03834434338369554,,,,,,,,,,,,,,,,,,,,,,,,,,,,
172,2012-06-14,0.5333461336405407,,8.496580126499081,0.14762837938353174,0.2395691588247696,,2.9581957635349783,0.024271634650700133,,,4.882143185748649,,3.6926448525818887,0.02536551598807596,10.759629868732517,0.03783490623910808,1.9695076449721751,,2.0501381793132856,,6.585464234069352,0.08104939361936216,2.9000848274812037,,2.4889862359061152,,3.69219499515584,,5.851197037890012,,5.529736760487868,,3.576773308704801,0.038972939176870884,,,,,,,,,,,,,,,,,,,,,,,,,,,,
173,2012-06-15,0.2666730668202704,,5.7476865561611445,0.036907094845882935,1.437414952948617,,1.150409463596936,0.04854326930140025,,,6.7598905648827445,,2.9197656973903308,0.03804827398211393,5.379814934366259,,1.9147990992785042,,2.4601658151759427,,6.585464234069352,0.04052469680968108,2.9000848274812037,,3.8717563669650685,,2.3630047968997383,,4.4469097487964095,,3.60635006118774,,2.937663344453473,0.040104411604586485,,,,,,,,,,,,,,,,,,,,,,,,,,,,
174,2012-06-16,,,7.746881880043283,0.036907094845882935,,,,,,,5.257692661575468,,3.520893929205987,0.03804827398211393,4.867451607283757,,1.3677136423417882,0.008079784744097145,1.2300829075879711,,6.311069890983127,,1.4500424137406018,,4.14831039317686,0.04084365565877481,2.215316997093504,,4.212861867280808,0.13826406668139632,4.8084667482503205,,2.6909893231634867,0.03293841956238765,,,,,,,,,,,,,,,,,,,,,,,,,,,,
175,2012-06-17,0.8000192004608111,,4.748088894220076,0.14762837938353174,0.2395691588247696,,2.793851554449702,,,,6.947665302796153,,4.551399469461399,0.012682757994037978,8.453994896861262,,1.3677136423417882,0.01615956948819429,,,7.408647263328017,0.04052469680968108,0.7250212068703009,,1.6593241572707436,,2.953755996124672,,2.574526696671605,,3.125503386362708,,3.016150533045741,0.030172598072416162,,,,,,,,,,,,,,,,,,,,,,,,,,,,
176,2012-06-18,0.9333557338709464,,8.246680711013816,0.036907094845882935,1.1978457941238478,,3.6155725998760846,0.07281490395210037,,,4.882143185748649,,4.465524007773447,0.012682757994037978,4.6112699437425055,,2.0242161906658467,,1.2300829075879711,,8.506224635672911,0.08104939361936216,2.9000848274812037,,2.2124322096943247,,3.5445071953496066,,3.978813985765208,,4.568043410837803,,3.4310113870334447,0.03381845367283312,,,,,,,,,,,,,,,,,,,,,,,,,,,,
177,2012-06-19,0.9333557338709464,,5.997585971646413,0.036907094845882935,0.4791383176495391,,2.1364747181085955,0.07281490395210037,0.5019475565192949,,7.698764254449793,,4.551399469461399,0.012682757994037978,5.123633270825008,0.11350471871732425,1.3130050966481168,,1.2300829075879711,,3.5671264601208983,0.08104939361936216,2.1750636206109037,,3.5952023407532776,,3.2491315957371394,,4.9150055118276095,0.06913203334069816,6.491430110137931,,3.2179747322830026,0.03847006254233061,,,,,,,,,,,,,,,,,,,,,,,,,,,,
178,2012-06-20,0.6666826670506759,,5.497787140675879,0.036907094845882935,0.2395691588247696,,2.4651631362791484,0.024271634650700133,,,6.947665302796153,,3.3491430058300846,0.02536551598807596,4.355088280201256,,1.2582965509544453,,1.2300829075879711,,7.408647263328017,0.08104939361936216,3.625106034351505,,3.318648314541487,0.04084365565877481,3.9875705947683073,0.02181168621160614,3.978813985765208,,4.568043410837803,,3.016150533045741,0.03608139852826433,,,,,,,,,,,,,,,,,,,,,,,,,,,,
179,2012-06-21,0.13333653341013518,,8.996378957469616,0.07381418969176587,0.2395691588247696,,2.6295073453644253,0.024271634650700133,0.5019475565192949,,5.8210168753156974,0.055464075803247234,3.520893929205987,0.012682757994037978,6.148359924990009,,1.5318392794228028,,1.2300829075879711,,10.426985037276474,0.04052469680968108,2.1750636206109037,,3.318648314541487,,3.3968193955433734,0.02181168621160614,4.680957630312009,0.2419621166924435,3.8467733986002566,,3.2964619208752715,0.03381845367283312,,,,,,,,,,,,,,,,,,,,,,,,,,,,
180,2012-06-22,0.2666730668202704,,5.7476865561611445,0.036907094845882935,0.7187074764743087,,2.4651631362791484,0.024271634650700133,,,3.9432694961816015,,4.036146699333694,0.02536551598807596,7.1730865791550125,,1.8053820078911604,,2.0501381793132856,,3.841520803207121,0.20262348404840536,0.7250212068703009,,3.5952023407532776,,1.9199413974810369,,3.978813985765208,,4.8084667482503205,,2.8591761558612045,0.0369614326387098,,,,,,,,,,,,,,,,,,,,,,,,,,,,
181,2012-06-23,,,7.247083049072748,0.1107212845376488,0.7187074764743087,,2.300818927193872,0.04854326930140025,0.5019475565192949,,4.882143185748649,,4.207897622709594,0.03804827398211393,9.222539887485011,,1.641256370810146,,1.2300829075879711,,5.4878868617244585,,2.9000848274812037,,,,1.9199413974810369,,4.212861867280808,0.1728300833517454,4.8084667482503205,,2.9825131665061977,0.032058385451942166,,,,,,,,,,,,,,,,,,,,,,,,,,,,
182,2012-06-24,,,4.498189478734808,0.036907094845882935,0.7187074764743087,,2.9581957635349783,0.024271634650700133,0.5019475565192949,,4.694368447835239,0.055464075803247234,3.435018467518036,0.012682757994037978,5.379814934366259,,1.1488794595671021,0.02423935423229144,0.8200552717253142,,4.115915146293344,,2.1750636206109037,,,,2.3630047968997383,0.04362337242321227,4.9150055118276095,0.03456601667034908,3.60635006118774,,2.4555277573866814,0.03344129619692792,,,,,,,,,,,,,,,,,,,,,,,,,,,,
183,2012-06-25,,,7.496982464558015,0.2214425690752976,,,0.9860652545116594,0.04854326930140025,,,5.633242137402287,,4.894901316213201,0.02536551598807596,6.91690491561376,,2.5165931019088905,0.008079784744097145,3.280221086901257,,6.0366755478969045,,1.4500424137406018,,3.318648314541487,0.16337462263509925,3.9875705947683073,,3.5107182227340066,0.06913203334069816,5.048890085662835,,3.397374020493902,0.02753249574107975,,,,,,,,,,,,,,,,,,,,,,,,,,,,
184,2012-06-26,0.6666826670506759,,6.247485387131679,0.18453547422941466,0.4791383176495391,,3.451228390790808,0.07281490395210037,1.0038951130385898,,6.008791613229108,,5.152527701277054,0.03804827398211393,8.197813233320014,,1.5318392794228028,0.008079784744097145,1.2300829075879711,0.06055607940030736,5.213492518638237,,2.1750636206109037,,3.318648314541487,,4.430633994187008,0.02181168621160614,5.617149156374412,0.06913203334069816,6.972276784962963,,3.6664729528102495,0.03809290506642541,,,,,,,,,,,,,,,,,,,,,,,,,,,,
185,2012-06-27,1.2000288006912163,,5.997585971646413,0.036907094845882935,0.7187074764743087,,2.300818927193872,0.024271634650700133,,,5.257692661575468,,5.066652239589104,,5.379814934366259,,1.2582965509544453,,2.4601658151759427,,5.4878868617244585,0.1215740904290432,5.075148448092107,,2.7655402621179057,,2.953755996124672,0.04362337242321227,2.8085745781872054,,6.731853447550447,,3.18433736574346,0.04111016487366703,,,,,,,,,,,,,,,,,,,,,,,,,,,,
186,2012-06-28,0.9333557338709464,,5.497787140675879,0.036907094845882935,0.9582766352990782,,0.3286884181705532,,,,4.506593709921829,,3.3491430058300846,0.012682757994037978,6.148359924990009,,1.9695076449721751,,0.8200552717253142,,5.4878868617244585,,4.350127241221807,,1.9358781834825345,,2.953755996124672,,5.14905339334321,,6.972276784962963,,2.9600882554798367,0.03570424105235913,,,,,,,,,,,,,,,,,,,,,,,,,,,,
187,2012-06-29,0.6666826670506759,,4.748088894220076,0.036907094845882935,0.7187074764743087,,2.793851554449702,0.04854326930140025,1.0038951130385898,,5.257692661575468,,3.177392082454184,0.012682757994037978,6.404541588531259,,1.5318392794228028,0.008079784744097145,1.6401105434506285,0.12111215880061472,5.762281204810683,,4.350127241221807,,1.9358781834825345,,3.69219499515584,0.02181168621160614,4.212861867280808,0.03456601667034908,6.251006772725416,,3.0385754440721033,0.03318985787965778,,,,,,,,,,,,,,,,,,,,,,,,,,,,
188,2012-06-30,0.8000192004608111,,5.24788772519061,0.036907094845882935,0.9582766352990782,,2.9581957635349783,0.07281490395210037,,,5.257692661575468,,3.606769390893938,,5.123633270825008,,1.2582965509544453,,0.4100276358626571,,8.231830292586688,0.1620987872387243,3.625106034351505,,0.5531080524235812,,2.806068196318438,0.02181168621160614,3.5107182227340066,0.03456601667034908,5.048890085662835,,2.8591761558612045,0.03406989199010325,,,,,,,,,,,,,,,,,,,,,,,,,,,,
189,2012-07-01,,,3.9983906477642734,0.14762837938353174,,,1.150409463596936,,,,3.9432694961816015,,4.122022161021643,0.02536551598807596,8.453994896861262,,1.3677136423417882,,0.8200552717253142,,4.390309489379567,,1.4500424137406018,,1.3827701310589529,,2.0676291972872702,,4.4469097487964095,,4.3276200734252885,,2.5340149459789503,0.032058385451942166,,,,,,,,,,,,,,,,,,,,,,,,,,,,
190,2012-07-02,0.6666826670506759,,6.4973848026169465,0.07381418969176587,0.2395691588247696,,1.4790978817674891,0.024271634650700133,,,5.069917923662059,,4.465524007773447,,5.635996597907507,0.07566981247821616,1.1488794595671021,,1.2300829075879711,,9.603802008017805,0.08104939361936216,5.800169654962407,,1.9358781834825345,,2.0676291972872702,,4.680957630312009,,6.010583435312897,,3.0834252661248285,0.028412529851525217,,,,,,,,,,,,,,,,,,,,,,,,,,,,
191,2012-07-03,0.9333557338709464,,8.496580126499081,0.036907094845882935,0.7187074764743087,,2.300818927193872,0.024271634650700133,1.5058426695578846,,6.008791613229108,,4.809025854525251,,6.148359924990009,,1.4224221880354595,0.008079784744097145,1.2300829075879711,,7.134252920241798,0.1620987872387243,5.075148448092107,,3.0420942883296966,,2.5106925967059714,0.04362337242321227,5.3831012748588085,0.10369805001104723,3.125503386362708,,3.352524198441177,0.03457276862464352,,,,,,,,,,,,,,,,,,,,,,,,,,,,
192,2012-07-04,0.4000096002304056,,4.498189478734808,0.036907094845882935,,,1.4790978817674891,0.04854326930140025,,,7.135440040709564,,3.091516620766233,0.03804827398211393,4.867451607283757,,1.2035880052607737,,2.0501381793132856,,6.311069890983127,0.08104939361936216,2.9000848274812037,,3.318648314541487,,1.6245657978685697,,4.680957630312009,0.03456601667034908,4.568043410837803,,2.6797768676503053,0.037590028431885136,,,,,,,,,,,,,,,,,,,,,,,,,,,,
193,2012-07-05,0.8000192004608111,,5.497787140675879,0.07381418969176587,0.4791383176495391,,1.3147536726822129,0.07281490395210037,,,6.7598905648827445,0.11092815160649447,3.9502712376457416,0.02536551598807596,3.3303616260362547,,1.3677136423417882,,1.2300829075879711,,6.0366755478969045,,4.350127241221807,,0.8296620786353718,,2.215316997093504,,4.212861867280808,0.03456601667034908,5.289313423075352,,2.7694765117557547,0.030046878913781095,,,,,,,,,,,,,,,,,,,,,,,,,,,,
194,2012-07-06,1.7333749343317573,,7.496982464558015,,0.4791383176495391,,2.300818927193872,0.04854326930140025,0.5019475565192949,,5.257692661575468,,3.77852031426984,0.012682757994037978,5.379814934366259,,1.4771307337291313,0.02423935423229144,2.0501381793132856,,7.134252920241798,0.2836728776677675,2.1750636206109037,,1.1062161048471624,,2.953755996124672,,3.276670341218406,,2.40423337412516,,2.937663344453473,0.031052632182861632,,,,,,,,,,,,,,,,,,,,,,,,,,,,
195,2012-07-07,0.13333653341013518,,5.24788772519061,0.1107212845376488,0.2395691588247696,,2.793851554449702,0.024271634650700133,0.5019475565192949,,4.31881897200842,,4.036146699333694,0.012682757994037978,6.404541588531259,0.07566981247821616,1.2582965509544453,,0.4100276358626571,,3.292732117034676,0.20262348404840536,2.9000848274812037,,,,2.0676291972872702,,3.744766104249607,,3.3659267237752233,,2.4667402128998632,0.03293841956238765,,,,,,,,,,,,,,,,,,,,,,,,,,,,
196,2012-07-08,0.2666730668202704,,5.7476865561611445,0.1107212845376488,,,2.1364747181085955,0.024271634650700133,,,5.8210168753156974,,5.152527701277054,0.012682757994037978,5.379814934366259,,1.039462368179759,,0.8200552717253142,,7.957435949500465,,0.7250212068703009,,2.4889862359061152,,3.69219499515584,0.02181168621160614,5.851197037890012,0.10369805001104723,5.529736760487868,,3.1731249102302783,0.027658214899714817,,,,,,,,,,,,,,,,,,,,,,,,,,,,
197,2012-07-09,1.3333653341013518,,7.247083049072748,0.07381418969176587,,,3.1225399726202547,0.024271634650700133,0.5019475565192949,,5.633242137402287,,4.894901316213201,0.02536551598807596,11.015811532273764,,1.9147990992785042,,1.6401105434506285,,4.9390981755520125,0.04052469680968108,4.350127241221807,,5.254526498024021,,3.2491315957371394,0.02181168621160614,3.978813985765208,,6.010583435312897,,3.7561725969157,0.03557852189372406,,,,,,,,,,,,,,,,,,,,,,,,,,,,
198,2012-07-10,0.8000192004608111,,4.2482900632495415,,1.1978457941238478,,3.1225399726202547,0.04854326930140025,,,6.3843410890559245,,3.864395775957792,0.02536551598807596,6.6607232520725095,,1.4224221880354595,0.008079784744097145,2.4601658151759427,,4.66470383246579,0.08104939361936216,2.9000848274812037,,4.14831039317686,,1.476877998062336,,3.276670341218406,,5.289313423075352,,2.9825131665061977,0.042115918142747566,,,,,,,,,,,,,,,,,,,,,,,,,,,,
199,2012-07-11,1.466701867511487,,6.997183633587482,0.036907094845882935,,,2.9581957635349783,0.04854326930140025,1.0038951130385898,,5.8210168753156974,,4.207897622709594,0.03804827398211393,3.8427249531187564,,1.860090553584832,0.008079784744097145,2.4601658151759427,,4.66470383246579,0.08104939361936216,2.1750636206109037,,2.4889862359061152,,2.953755996124672,0.02181168621160614,2.8085745781872054,0.03456601667034908,5.289313423075352,,3.1058501771511917,0.03344129619692792,,,,,,,,,,,,,,,,,,,,,,,,,,,,
200,2012-07-12,0.6666826670506759,,6.997183633587482,0.036907094845882935,0.9582766352990782,,2.4651631362791484,0.07281490395210037,0.5019475565192949,,7.323214778622973,,4.379648546085496,0.02536551598807596,5.123633270825008,,1.3130050966481168,0.03231913897638858,0.4100276358626571,,10.152590694190248,0.04052469680968108,2.1750636206109037,,4.4248644193886495,0.08168731131754962,2.215316997093504,0.02181168621160614,4.212861867280808,0.06913203334069816,4.568043410837803,,3.3188868319016334,0.03482420694191365,,,,,,,,,,,,,,,,,,,,,,,,,,,,
201,2012-07-13,0.8000192004608111,,4.498189478734808,0.07381418969176587,1.1978457941238478,,2.6295073453644253,0.04854326930140025,0.5019475565192949,,5.445467399488877,,3.77852031426984,0.012682757994037978,5.123633270825008,,1.2035880052607737,,1.6401105434506285,,4.115915146293344,,2.9000848274812037,,2.7655402621179057,,3.3968193955433734,,2.8085745781872054,,4.8084667482503205,,2.7919014227821166,0.037212870955979936,,,,,,,,,,,,,,,,,,,,,,,,,,,,
202,2012-07-14,0.9333557338709464,,6.747284218102213,0.07381418969176587,0.2395691588247696,,2.4651631362791484,0.024271634650700133,,,3.004395806614553,,3.606769390893938,0.05073103197615191,4.6112699437425055,,1.3677136423417882,0.01615956948819429,,,6.859858577155572,0.04052469680968108,0.7250212068703009,,,,2.658380396512205,,4.4469097487964095,,3.8467733986002566,,2.5788647680316745,0.031304070500131766,,,,,,,,,,,,,,,,,,,,,,,,,,,,
203,2012-07-15,0.2666730668202704,,5.7476865561611445,,0.4791383176495391,,2.9581957635349783,0.0970865386028005,0.5019475565192949,,6.196566351142516,,3.77852031426984,0.012682757994037978,7.429268242696263,,1.2582965509544453,0.008079784744097145,1.6401105434506285,,5.213492518638237,,0.7250212068703009,,0.2765540262117906,,2.658380396512205,,4.9150055118276095,,4.3276200734252885,,2.881601066887567,0.028915406486065488,,,,,,,,,,,,,,,,,,,,,,,,,,,,
204,2012-07-16,0.6666826670506759,,5.997585971646413,0.1107212845376488,0.2395691588247696,,1.6434420908527656,0.024271634650700133,1.0038951130385898,,5.069917923662059,,4.036146699333694,0.06341378997018987,3.3303616260362547,,1.9695076449721751,,0.8200552717253142,,6.0366755478969045,0.1215740904290432,2.9000848274812037,0.1070767868555349,2.2124322096943247,0.04084365565877481,2.215316997093504,,3.978813985765208,0.10369805001104723,4.3276200734252885,,2.81432633380848,0.032309823769212306,,,,,,,,,,,,,,,,,,,,,,,,,,,,
205,2012-07-17,1.466701867511487,,4.9979883097053435,0.036907094845882935,0.7187074764743087,,2.300818927193872,,0.5019475565192949,,4.882143185748649,,2.9197656973903308,0.012682757994037978,4.6112699437425055,,1.1488794595671021,,2.0501381793132856,,5.213492518638237,0.04052469680968108,1.4500424137406018,,4.14831039317686,0.04084365565877481,2.953755996124672,0.02181168621160614,4.212861867280808,,4.8084667482503205,,2.7694765117557547,0.031555508817401906,,,,,,,,,,,,,,,,,,,,,,,,,,,,
206,2012-07-18,1.3333653341013518,,3.9983906477642734,0.036907094845882935,,,2.4651631362791484,0.12135817325350062,,,3.1921705445279627,,5.152527701277054,0.02536551598807596,4.867451607283757,,2.188341827746861,,1.6401105434506285,,6.0366755478969045,0.04052469680968108,4.350127241221807,,3.318648314541487,0.08168731131754962,2.215316997093504,,4.680957630312009,,2.644656711537676,,2.9937256220193778,0.031052632182861632,,,,,,,,,,,,,,,,,,,,,,,,,,,,
207,2012-07-19,1.2000288006912163,,4.498189478734808,0.1107212845376488,,,3.1225399726202547,0.024271634650700133,0.5019475565192949,,4.131044234095009,,3.435018467518036,0.02536551598807596,6.91690491561376,,2.13363328205319,,1.2300829075879711,,5.762281204810683,0.1215740904290432,2.1750636206109037,,3.5952023407532776,0.04084365565877481,2.658380396512205,0.04362337242321227,3.744766104249607,,4.568043410837803,,3.00493807753256,0.03356701535556298,,,,,,,,,,,,,,,,,,,,,,,,,,,,
208,2012-07-20,1.3333653341013518,,3.748491232279008,0.036907094845882935,0.9582766352990782,,1.9721305090233188,0.04854326930140025,,,4.694368447835239,,3.3491430058300846,,7.429268242696263,,1.5865478251164744,,1.2300829075879711,0.12111215880061472,7.408647263328017,0.04052469680968108,0.7250212068703009,,2.2124322096943247,,2.5106925967059714,,3.744766104249607,,5.289313423075352,,2.881601066887567,0.03369273451419805,,,,,,,,,,,,,,,,,,,,,,,,,,,,
209,2012-07-21,0.5333461336405407,,5.997585971646413,0.036907094845882935,0.2395691588247696,,1.8077862999380423,0.04854326930140025,,,3.9432694961816015,,3.6926448525818887,,5.379814934366259,,1.5318392794228028,0.008079784744097145,0.8200552717253142,,2.195154744689784,,2.9000848274812037,,0.8296620786353718,0.04084365565877481,2.658380396512205,0.02181168621160614,3.276670341218406,,4.087196736012772,,2.4555277573866814,0.032309823769212306,,,,,,,,,,,,,,,,,,,,,,,,,,,,
210,2012-07-22,1.3333653341013518,,7.496982464558015,0.036907094845882935,0.7187074764743087,,2.9581957635349783,0.024271634650700133,,,4.694368447835239,,2.9197656973903308,0.012682757994037978,4.867451607283757,,1.4771307337291313,,,,5.762281204810683,,0.7250212068703009,,0.2765540262117906,,2.5106925967059714,,4.4469097487964095,0.10369805001104723,4.568043410837803,,2.7358391452162114,0.02753249574107975,,,,,,,,,,,,,,,,,,,,,,,,,,,,
211,2012-07-23,1.466701867511487,,6.747284218102213,0.036907094845882935,0.4791383176495391,,2.1364747181085955,,,,5.8210168753156974,,5.410154086340908,0.05073103197615191,6.91690491561376,,1.5318392794228028,,2.0501381793132856,0.18166823820092207,4.390309489379567,,2.9000848274812037,,4.14831039317686,,2.0676291972872702,0.02181168621160614,3.978813985765208,,6.010583435312897,,3.3413117429279957,0.03067547470695644,,,,,,,,,,,,,,,,,,,,,,,,,,,,
212,2012-07-24,1.6000384009216222,0.019692179253133223,6.747284218102213,0.036907094845882935,,,1.9721305090233188,0.0970865386028005,,,6.196566351142516,,4.465524007773447,0.012682757994037978,7.1730865791550125,,1.8053820078911604,,,,6.0366755478969045,0.08104939361936216,3.625106034351505,,0.8296620786353718,,2.5106925967059714,,4.212861867280808,0.03456601667034908,6.251006772725416,,3.229187187796184,0.03746430927325007,,,,,,,,,,,,,,,,,,,,,,,,,,,,
213,2012-07-25,1.2000288006912163,,5.7476865561611445,0.1107212845376488,,,2.6295073453644253,0.024271634650700133,1.0038951130385898,,4.31881897200842,,3.520893929205987,0.012682757994037978,6.91690491561376,,1.9695076449721751,,1.6401105434506285,,4.390309489379567,0.1215740904290432,0.7250212068703009,,1.6593241572707436,,4.430633994187008,,4.680957630312009,,3.8467733986002566,,3.0273629885589224,0.0362071176868994,,,,,,,,,,,,,,,,,,,,,,,,,,,,
214,2012-07-26,0.9333557338709464,,2.4989941548526717,0.07381418969176587,1.437414952948617,,1.3147536726822129,0.024271634650700133,,,4.694368447835239,,3.9502712376457416,0.05073103197615191,3.8427249531187564,,1.4771307337291313,,1.2300829075879711,,7.683041606414242,0.1215740904290432,2.1750636206109037,,2.2124322096943247,,2.806068196318438,0.04362337242321227,3.5107182227340066,,3.3659267237752233,,2.6237145900843992,0.03394417283146819,,,,,,,,,,,,,,,,,,,,,,,,,,,,
215,2012-07-27,1.466701867511487,,6.997183633587482,0.14762837938353174,0.2395691588247696,,1.150409463596936,0.0970865386028005,0.5019475565192949,,4.131044234095009,,3.091516620766233,0.012682757994037978,4.098906616660007,,0.8753367310987444,,,,5.762281204810683,0.04052469680968108,2.1750636206109037,,2.4889862359061152,,2.953755996124672,0.06543505863481841,4.9150055118276095,0.03456601667034908,3.125503386362708,,2.5228024904657684,0.02941828312060576,,,,,,,,,,,,,,,,,,,,,,,,,,,,
216,2012-07-28,1.2000288006912163,,3.4985918167937404,,0.9582766352990782,,2.1364747181085955,0.024271634650700133,,,5.069917923662059,,3.77852031426984,0.012682757994037978,5.892178261448757,,1.4224221880354595,0.008079784744097145,,,6.859858577155572,0.04052469680968108,2.9000848274812037,,1.1062161048471624,,1.7722535976748033,0.06543505863481841,3.744766104249607,0.03456601667034908,3.8467733986002566,,2.6573519566239434,0.02828681069289015,,,,,,,,,,,,,,,,,,,,,,,,,,,,
217,2012-07-29,1.466701867511487,,4.748088894220076,0.036907094845882935,0.2395691588247696,,2.793851554449702,0.024271634650700133,,,6.3843410890559245,,4.637274931149348,0.012682757994037978,6.404541588531259,,0.7659196397114014,,2.0501381793132856,,3.841520803207121,,3.625106034351505,,0.5531080524235812,0.04084365565877481,2.5106925967059714,,5.14905339334321,0.06913203334069816,3.8467733986002566,,2.8703886113743846,0.02979544059651096,,,,,,,,,,,,,,,,,,,,,,,,,,,,
218,2012-07-30,0.4000096002304056,,6.4973848026169465,0.1107212845376488,0.9582766352990782,,1.9721305090233188,0.024271634650700133,0.5019475565192949,,4.31881897200842,,4.7231503928373,0.02536551598807596,5.635996597907507,,1.9695076449721751,,1.6401105434506285,,6.585464234069352,0.04052469680968108,0.7250212068703009,,3.0420942883296966,,2.3630047968997383,,4.9150055118276095,0.03456601667034908,2.8850800489501918,,3.0385754440721033,0.03218410461057724,,,,,,,,,,,,,,,,,,,,,,,,,,,,
219,2012-07-31,1.0666922672810817,,7.247083049072748,0.07381418969176587,0.9582766352990782,,2.4651631362791484,,1.0038951130385898,,5.633242137402287,,5.152527701277054,0.012682757994037978,6.148359924990009,,1.8053820078911604,,1.6401105434506285,,4.9390981755520125,0.08104939361936216,1.4500424137406018,,3.8717563669650685,0.04084365565877481,2.3630047968997383,,5.14905339334321,0.06913203334069816,2.644656711537676,,3.2740370098489087,0.03406989199010325,,,,,,,,,,,,,,,,,,,,,,,,,,,,
220,2012-08-01,0.5333461336405407,,7.496982464558015,0.036907094845882935,0.4791383176495391,,1.150409463596936,,1.5058426695578846,,7.510989516536382,,3.2632675441421344,0.03804827398211393,3.5865432895775053,,1.5318392794228028,0.008079784744097145,1.2300829075879711,0.06055607940030736,9.32940766493158,,0.7250212068703009,,3.0420942883296966,,1.7722535976748033,,5.617149156374412,0.10369805001104723,3.3659267237752233,,2.9713007109930163,0.03670999432143967,,,,,,,,,,,,,,,,,,,,,,,,,,,,
221,2012-08-02,1.6000384009216222,,5.497787140675879,,0.9582766352990782,,2.1364747181085955,0.04854326930140025,2.00779022607718,,4.131044234095009,,4.293773084397545,0.012682757994037978,5.892178261448757,0.15133962495643233,1.641256370810146,,1.2300829075879711,0.06055607940030736,4.115915146293344,0.04052469680968108,2.9000848274812037,,4.14831039317686,,3.5445071953496066,0.02181168621160614,3.978813985765208,0.03456601667034908,2.1638100367126443,,2.9937256220193778,0.03331557703829285,,,,,,,,,,,,,,,,,,,,,,,,,,,,
222,2012-08-03,0.9333557338709464,,3.4985918167937404,0.036907094845882935,0.2395691588247696,,0.8217210454263828,0.024271634650700133,,,6.008791613229108,,5.496029548028859,0.07609654796422786,4.098906616660007,,0.9847538224860876,,1.6401105434506285,0.06055607940030736,10.701379380362694,0.08104939361936216,0.7250212068703009,,4.977972471812231,0.04084365565877481,3.1014437959309067,0.02181168621160614,4.212861867280808,,4.3276200734252885,,3.094637721638009,0.03356701535556298,,,,,,,,,,,,,,,,,,,,,,,,,,,,
223,2012-08-04,0.5333461336405407,,4.9979883097053435,0.036907094845882935,0.4791383176495391,,0.8217210454263828,0.07281490395210037,,,5.8210168753156974,,4.809025854525251,0.06341378997018987,3.3303616260362547,,0.9847538224860876,,0.8200552717253142,,6.0366755478969045,,2.9000848274812037,0.1070767868555349,2.2124322096943247,0.04084365565877481,1.476877998062336,,3.276670341218406,0.06913203334069816,5.289313423075352,,2.590077223544856,0.03469848778327859,,,,,,,,,,,,,,,,,,,,,,,,,,,,
224,2012-08-05,0.4000096002304056,0.019692179253133223,5.497787140675879,0.036907094845882935,0.2395691588247696,,3.1225399726202547,0.024271634650700133,,,4.31881897200842,0.055464075803247234,1.717509233759018,,3.5865432895775053,,1.3677136423417882,,0.4100276358626571,,7.957435949500465,,5.075148448092107,0.1070767868555349,1.3827701310589529,,2.215316997093504,,6.0852449194056115,,6.491430110137931,,2.6573519566239434,0.02904112564470056,,,,,,,,,,,,,,,,,,,,,,,,,,,,
225,2012-08-06,0.2666730668202704,,6.997183633587482,0.07381418969176587,0.4791383176495391,,1.9721305090233188,0.14562980790420074,1.5058426695578846,,5.069917923662059,,3.606769390893938,,4.098906616660007,,2.078924736359518,,0.4100276358626571,,4.390309489379567,0.1215740904290432,0.7250212068703009,,4.70141844560044,,3.69219499515584,0.02181168621160614,6.0852449194056115,0.10369805001104723,5.289313423075352,,3.117062632664372,0.02979544059651096,,,,,,,,,,,,,,,,,,,,,,,,,,,,
226,2012-08-07,,,3.748491232279008,0.07381418969176587,0.7187074764743087,,1.9721305090233188,0.12135817325350062,,,6.008791613229108,0.055464075803247234,2.576263850638527,,5.892178261448757,,1.3130050966481168,,,,3.5671264601208983,,2.1750636206109037,,4.14831039317686,0.08168731131754962,3.3968193955433734,0.04362337242321227,5.851197037890012,0.03456601667034908,4.3276200734252885,,2.6461395011107616,0.03494992610054872,,,,,,,,,,,,,,,,,,,,,,,,,,,,
227,2012-08-08,1.0666922672810817,,4.498189478734808,0.07381418969176587,0.9582766352990782,,1.4790978817674891,0.024271634650700133,,,5.8210168753156974,,3.435018467518036,0.012682757994037978,5.892178261448757,,1.7506734621974889,,1.2300829075879711,,4.9390981755520125,0.04052469680968108,2.9000848274812037,,3.8717563669650685,,3.8398827949620737,0.02181168621160614,3.744766104249607,0.03456601667034908,3.125503386362708,,2.904025977913929,0.029669721437875888,,,,,,,,,,,,,,,,,,,,,,,,,,,,
228,2012-08-09,1.8667114677418928,,3.748491232279008,0.07381418969176587,0.7187074764743087,,3.6155725998760846,0.024271634650700133,,,3.567720020354782,,3.435018467518036,0.012682757994037978,3.8427249531187564,,1.5318392794228028,,0.4100276358626571,,5.762281204810683,,2.1750636206109037,,2.7655402621179057,0.04084365565877481,2.5106925967059714,,3.0426224597028058,,5.289313423075352,,2.72462668970303,0.03256126208648245,,,,,,,,,,,,,,,,,,,,,,,,,,,,
229,2012-08-10,0.13333653341013518,,3.748491232279008,0.1107212845376488,,,0.6573768363411063,,,,2.8166210687011435,,3.3491430058300846,0.012682757994037978,4.867451607283757,,0.7659196397114014,,2.0501381793132856,0.06055607940030736,5.4878868617244585,0.08104939361936216,4.350127241221807,,5.807634550447602,0.08168731131754962,2.806068196318438,,4.9150055118276095,0.06913203334069816,2.40423337412516,,2.3434032022548696,0.030549755548321362,,,,,,,,,,,,,,,,,,,,,,,,,,,,
230,2012-08-11,1.0666922672810817,,5.997585971646413,0.036907094845882935,,,0.9860652545116594,0.024271634650700133,0.5019475565192949,,7.510989516536382,,2.9197656973903308,0.012682757994037978,7.429268242696263,,0.6565025483240584,,0.8200552717253142,0.12111215880061472,4.9390981755520125,,7.975233275573308,,1.3827701310589529,,2.215316997093504,0.02181168621160614,3.5107182227340066,,4.3276200734252885,,2.6685644121371244,0.02627530415472908,,,,,,,,,,,,,,,,,,,,,,,,,,,,
231,2012-08-12,0.8000192004608111,,4.2482900632495415,,0.4791383176495391,,2.4651631362791484,0.024271634650700133,,,6.3843410890559245,,3.177392082454184,0.05073103197615191,4.6112699437425055,,1.3677136423417882,0.008079784744097145,0.8200552717253142,0.24222431760122945,4.66470383246579,0.1215740904290432,0.7250212068703009,,2.2124322096943247,,2.3630047968997383,0.04362337242321227,4.680957630312009,,2.40423337412516,,2.556439857005312,0.029921159755146032,,,,,,,,,,,,,,,,,,,,,,,,,,,,
232,2012-08-13,1.6000384009216222,,4.2482900632495415,0.036907094845882935,0.7187074764743087,,2.9581957635349783,0.0970865386028005,,,3.755494758268192,,3.091516620766233,0.02536551598807596,4.355088280201256,,0.9847538224860876,,1.6401105434506285,,5.4878868617244585,0.04052469680968108,5.800169654962407,,6.084188576659392,0.12253096697632446,2.215316997093504,,2.8085745781872054,0.10369805001104723,2.40423337412516,,2.6012896790580373,0.02866396816879536,,,,,,,,,,,,,,,,,,,,,,,,,,,,
233,2012-08-14,0.6666826670506759,,5.24788772519061,0.036907094845882935,0.7187074764743087,,2.1364747181085955,0.04854326930140025,,,3.9432694961816015,,3.0056411590782814,0.012682757994037978,4.098906616660007,,1.4224221880354595,,,,4.115915146293344,0.04052469680968108,2.1750636206109037,,2.7655402621179057,0.04084365565877481,1.6245657978685697,0.04362337242321227,4.4469097487964095,0.06913203334069816,5.289313423075352,,2.4667402128998632,0.029166844803335625,,,,,,,,,,,,,,,,,,,,,,,,,,,,
234,2012-08-15,0.6666826670506759,,6.247485387131679,0.036907094845882935,0.4791383176495391,,2.793851554449702,0.024271634650700133,,,5.257692661575468,,3.9502712376457416,0.012682757994037978,2.561816635412504,,1.2582965509544453,0.008079784744097145,1.2300829075879711,,6.585464234069352,0.08104939361936216,1.4500424137406018,,4.4248644193886495,,2.215316997093504,,5.14905339334321,,4.8084667482503205,,2.8928135224007483,0.027658214899714817,,,,,,,,,,,,,,,,,,,,,,,,,,,,
235,2012-08-16,0.5333461336405407,,6.247485387131679,0.036907094845882935,0.7187074764743087,,3.286884181705532,0.024271634650700133,0.5019475565192949,,5.445467399488877,,3.9502712376457416,0.02536551598807596,8.453994896861262,0.07566981247821616,1.4224221880354595,,1.2300829075879711,,4.9390981755520125,,1.4500424137406018,,4.4248644193886495,0.04084365565877481,2.953755996124672,0.04362337242321227,3.744766104249607,,5.048890085662835,,3.1731249102302783,0.032435542927847366,,,,,,,,,,,,,,,,,,,,,,,,,,,,
236,2012-08-17,0.6666826670506759,,5.997585971646413,0.07381418969176587,1.1978457941238478,,1.9721305090233188,0.04854326930140025,0.5019475565192949,,5.8210168753156974,,3.606769390893938,0.03804827398211393,1.7932716447887531,0.07566981247821616,1.039462368179759,,0.4100276358626571,,4.390309489379567,0.1215740904290432,0.7250212068703009,,2.2124322096943247,,2.0676291972872702,,3.744766104249607,,4.087196736012772,,2.4555277573866814,0.03557852189372406,,,,,,,,,,,,,,,,,,,,,,,,,,,,
237,2012-08-18,0.8000192004608111,,4.498189478734808,0.036907094845882935,0.4791383176495391,,2.4651631362791484,0.07281490395210037,0.5019475565192949,,5.257692661575468,0.055464075803247234,3.606769390893938,0.03804827398211393,3.8427249531187564,0.07566981247821616,2.2430503734405334,0.01615956948819429,,,6.311069890983127,0.08104939361936216,2.9000848274812037,0.2141535737110698,0.8296620786353718,,1.7722535976748033,,3.978813985765208,,4.087196736012772,,2.7358391452162114,0.02753249574107975,,,,,,,,,,,,,,,,,,,,,,,,,,,,
238,2012-08-19,0.6666826670506759,,5.7476865561611445,0.036907094845882935,0.4791383176495391,,1.9721305090233188,0.07281490395210037,,,5.445467399488877,,2.6621393123264783,0.02536551598807596,9.734903214567511,,0.7659196397114014,0.008079784744097145,0.8200552717253142,,4.66470383246579,0.04052469680968108,2.1750636206109037,,0.8296620786353718,0.04084365565877481,2.5106925967059714,0.02181168621160614,3.744766104249607,0.03456601667034908,4.3276200734252885,,2.5788647680316745,0.03067547470695644,,,,,,,,,,,,,,,,,,,,,,,,,,,,
239,2012-08-20,0.2666730668202704,,5.497787140675879,0.07381418969176587,0.7187074764743087,,1.4790978817674891,0.04854326930140025,1.0038951130385898,,5.445467399488877,,3.6926448525818887,0.012682757994037978,4.355088280201256,0.07566981247821616,2.4071760105215474,,0.8200552717253142,,4.115915146293344,,2.9000848274812037,,3.5952023407532776,0.04084365565877481,2.953755996124672,,3.978813985765208,0.03456601667034908,3.3659267237752233,,2.8703886113743846,0.028915406486065488,,,,,,,,,,,,,,,,,,,,,,,,,,,,
240,2012-08-21,,,5.497787140675879,0.036907094845882935,0.7187074764743087,,1.9721305090233188,0.024271634650700133,,,7.135440040709564,,2.7480147740144294,,2.561816635412504,,1.641256370810146,,,,3.841520803207121,0.04052469680968108,1.4500424137406018,,3.5952023407532776,0.12253096697632446,1.7722535976748033,0.10905843105803067,4.680957630312009,0.03456601667034908,3.3659267237752233,,2.489165123926225,0.03218410461057724,,,,,,,,,,,,,,,,,,,,,,,,,,,,
241,2012-08-22,,,4.2482900632495415,0.07381418969176587,0.9582766352990782,,1.6434420908527656,0.024271634650700133,,,6.7598905648827445,,3.0056411590782814,0.012682757994037978,6.404541588531259,,1.1488794595671021,,2.0501381793132856,,3.5671264601208983,,0.7250212068703009,,3.0420942883296966,,1.476877998062336,,4.680957630312009,,5.048890085662835,,2.5676523125184936,0.02790965321698496,,,,,,,,,,,,,,,,,,,,,,,,,,,,
242,2012-08-23,,,7.746881880043283,0.036907094845882935,0.2395691588247696,,2.6295073453644253,0.04854326930140025,,,5.257692661575468,,2.83389023570238,0.02536551598807596,4.098906616660007,,1.7506734621974889,0.01615956948819429,0.8200552717253142,,3.5671264601208983,0.04052469680968108,2.1750636206109037,,1.9358781834825345,,2.5106925967059714,0.06543505863481841,3.978813985765208,0.06913203334069816,4.568043410837803,,2.6349270455975806,0.028789687327430424,,,,,,,,,,,,,,,,,,,,,,,,,,,,
243,2012-08-24,,,5.497787140675879,0.036907094845882935,0.4791383176495391,,1.4790978817674891,0.04854326930140025,0.5019475565192949,,4.882143185748649,,3.606769390893938,0.02536551598807596,3.3303616260362547,,1.5318392794228028,,1.6401105434506285,,2.4695490877760062,,1.4500424137406018,,3.0420942883296966,,3.1014437959309067,0.08724674484642454,2.8085745781872054,0.06913203334069816,4.087196736012772,,2.4555277573866814,0.029544002279240825,,,,,,,,,,,,,,,,,,,,,,,,,,,,
244,2012-08-25,,,4.2482900632495415,0.1107212845376488,0.7187074764743087,,1.3147536726822129,0.07281490395210037,,,4.31881897200842,,3.520893929205987,0.03804827398211393,4.355088280201256,,1.641256370810146,0.008079784744097145,,,3.0183377739484523,,2.9000848274812037,,1.3827701310589529,,1.7722535976748033,,2.574526696671605,0.10369805001104723,6.491430110137931,,2.3434032022548696,0.02753249574107975,,,,,,,,,,,,,,,,,,,,,,,,,,,,
245,2012-08-26,0.5333461336405407,,5.997585971646413,0.036907094845882935,0.7187074764743087,,2.4651631362791484,0.024271634650700133,,,6.947665302796153,,3.177392082454184,0.012682757994037978,8.453994896861262,,1.3130050966481168,0.008079784744097145,1.2300829075879711,,9.878196351104023,0.08104939361936216,2.1750636206109037,,1.3827701310589529,,3.9875705947683073,0.04362337242321227,3.978813985765208,,6.972276784962963,,3.3300992874148148,0.02627530415472908,,,,,,,,,,,,,,,,,,,,,,,,,,,,
246,2012-08-27,1.6000384009216222,,5.497787140675879,0.07381418969176587,0.9582766352990782,,1.6434420908527656,0.024271634650700133,1.0038951130385898,,6.008791613229108,,4.637274931149348,0.012682757994037978,7.429268242696263,0.03783490623910808,2.8448443760709194,0.01615956948819429,2.4601658151759427,,6.585464234069352,0.08104939361936216,5.075148448092107,,3.8717563669650685,0.04084365565877481,3.1014437959309067,0.08724674484642454,6.787388563952413,0.06913203334069816,5.529736760487868,,3.8234473299947873,0.037338590114615,,,,,,,,,,,,,,,,,,,,,,,,,,,,
247,2012-08-28,,,5.7476865561611445,0.07381418969176587,0.4791383176495391,,1.3147536726822129,0.07281490395210037,1.0038951130385898,,5.445467399488877,,6.268908703220418,0.03804827398211393,7.685449906237513,0.07566981247821616,1.3677136423417882,,1.6401105434506285,0.06055607940030736,7.134252920241798,0.1215740904290432,4.350127241221807,,6.084188576659392,0.04084365565877481,3.2491315957371394,0.04362337242321227,5.851197037890012,0.03456601667034908,4.568043410837803,,3.5431359421652573,0.042870233094557966,,,,,,,,,,,,,,,,,,,,,,,,,,,,
248,2012-08-29,,,9.995976619410687,0.036907094845882935,0.7187074764743087,,1.4790978817674891,0.024271634650700133,1.0038951130385898,,6.196566351142516,,4.207897622709594,0.012682757994037978,7.429268242696263,,1.2582965509544453,0.008079784744097145,2.8701934510386,0.06055607940030736,8.231830292586688,,6.5251908618327095,,4.70141844560044,0.16337462263509925,3.69219499515584,0.1526818034812429,6.0852449194056115,0.13826406668139632,7.693546797200511,,3.744960141402519,0.039727254128681284,,,,,,,,,,,,,,,,,,,,,,,,,,,,
249,2012-08-30,1.3333653341013518,,8.246680711013816,0.036907094845882935,0.4791383176495391,,2.1364747181085955,0.024271634650700133,,,7.323214778622973,,4.551399469461399,0.012682757994037978,5.635996597907507,0.07566981247821616,2.188341827746861,,1.6401105434506285,0.06055607940030736,5.762281204810683,0.08104939361936216,2.9000848274812037,,4.4248644193886495,,4.430633994187008,0.10905843105803067,5.14905339334321,0.03456601667034908,7.933970134613028,,3.8346597855079683,0.0419901989841125,,,,,,,,,,,,,,,,,,,,,,,,,,,,
250,2012-08-31,0.9333557338709464,,6.997183633587482,0.036907094845882935,0.7187074764743087,,1.4790978817674891,0.024271634650700133,,,8.07431373027661,,6.183033241532465,0.012682757994037978,5.635996597907507,,2.2977589191342043,0.008079784744097145,2.0501381793132856,,9.32940766493158,0.04052469680968108,3.625106034351505,,2.7655402621179057,,4.282946194380775,0.02181168621160614,6.553340682436812,0.1728300833517454,7.693546797200511,,4.1373960843638615,0.04299595225319303,,,,,,,,,,,,,,,,,,,,,,,,,,,,
251,2012-09-01,0.5333461336405407,,8.996378957469616,0.14762837938353174,0.7187074764743087,,0.8217210454263828,0.024271634650700133,,,7.510989516536382,,5.152527701277054,0.012682757994037978,8.453994896861262,0.03783490623910808,2.0242161906658467,0.008079784744097145,2.0501381793132856,,8.506224635672911,0.1620987872387243,2.9000848274812037,,0.2765540262117906,,2.953755996124672,0.04362337242321227,4.212861867280808,0.03456601667034908,5.289313423075352,,3.576773308704801,0.046390369536339855,,,,,,,,,,,,,,,,,,,,,,,,,,,,
252,2012-09-02,1.466701867511487,,9.995976619410687,0.07381418969176587,0.2395691588247696,,3.451228390790808,0.024271634650700133,1.0038951130385898,0.14826306048089952,7.886538992363203,,4.894901316213201,0.012682757994037978,8.197813233320014,0.07566981247821616,2.4071760105215474,0.008079784744097145,3.280221086901257,,7.957435949500465,0.04052469680968108,4.350127241221807,0.4283071474221396,2.7655402621179057,0.08168731131754962,4.578321793993243,0.04362337242321227,7.021436445468013,0.06913203334069816,6.491430110137931,,4.384070105653847,0.040104411604586485,,,,,,,,,,,,,,,,,,,,,,,,,,,,
253,2012-09-03,,,13.244669020719162,0.036907094845882935,0.7187074764743087,,2.6295073453644253,0.07281490395210037,,,7.135440040709564,,5.238403162965005,0.03804827398211393,7.429268242696263,0.07566981247821616,2.4071760105215474,,3.280221086901257,,13.445322811224926,0.20262348404840536,2.9000848274812037,0.1070767868555349,1.9358781834825345,,5.31676079302441,0.02181168621160614,5.14905339334321,0.06913203334069816,10.578626846150703,,4.641956582457015,0.04915619102631134,,,,,,,,,,,,,,,,,,,,,,,,,,,,
254,2012-09-04,2.0000480011520283,0.03938435850626645,11.495373112322287,0.07381418969176587,0.7187074764743087,,3.286884181705532,0.04854326930140025,,,7.698764254449793,,5.066652239589104,0.02536551598807596,8.197813233320014,,1.6959649165038175,0.008079784744097145,1.6401105434506285,,9.603802008017805,0.04052469680968108,5.075148448092107,,5.807634550447602,0.04084365565877481,3.8398827949620737,0.02181168621160614,7.255484326983613,0.03456601667034908,8.655240146850575,,4.563469393864746,0.052047731674917885,,,,,,,,,,,,,,,,,,,,,,,,,,,,
255,2012-09-05,0.5333461336405407,,8.246680711013816,0.036907094845882935,0.7187074764743087,,2.9581957635349783,0.0970865386028005,0.5019475565192949,,8.07431373027661,,5.152527701277054,0.05073103197615191,7.429268242696263,,2.4071760105215474,,0.4100276358626571,,6.0366755478969045,0.08104939361936216,2.9000848274812037,,3.8717563669650685,0.04084365565877481,5.021385193411943,0.06543505863481841,3.978813985765208,0.13826406668139632,11.059473520975736,,4.182245906416584,0.05116769756447241,,,,,,,,,,,,,,,,,,,,,,,,,,,,
256,2012-09-06,0.9333557338709464,,5.7476865561611445,0.1107212845376488,1.1978457941238478,,1.9721305090233188,0.024271634650700133,1.5058426695578846,,8.44986320610343,,5.581905009716809,0.012682757994037978,13.321446504145019,0.03783490623910808,1.9695076449721751,0.01615956948819429,1.6401105434506285,,7.683041606414242,0.08104939361936216,3.625106034351505,,4.977972471812231,0.04084365565877481,3.8398827949620737,0.02181168621160614,5.617149156374412,0.03456601667034908,6.491430110137931,,4.260733095008853,0.04689324617088012,,,,,,,,,,,,,,,,,,,,,,,,,,,,
257,2012-09-07,0.8000192004608111,,7.996781295528549,0.036907094845882935,0.7187074764743087,,2.4651631362791484,0.07281490395210037,1.5058426695578846,,9.200962157757068,,4.036146699333694,0.03804827398211393,4.6112699437425055,,1.4771307337291313,0.008079784744097145,3.690248722763914,,5.4878868617244585,0.04052469680968108,7.25021206870301,,3.318648314541487,0.04084365565877481,3.2491315957371394,0.02181168621160614,7.489532208499213,0.03456601667034908,6.251006772725416,,3.711322774862975,0.04777328028132559,,,,,,,,,,,,,,,,,,,,,,,,,,,,
258,2012-09-08,0.4000096002304056,,7.247083049072748,0.036907094845882935,1.1978457941238478,,3.1225399726202547,0.04854326930140025,,,7.135440040709564,,5.410154086340908,0.02536551598807596,9.991084878108763,,3.391929833007635,,1.2300829075879711,,7.957435949500465,0.1620987872387243,3.625106034351505,,1.9358781834825345,0.04084365565877481,4.430633994187008,,5.14905339334321,0.13826406668139632,6.731853447550447,,4.283158006035216,0.041613041508207285,,,,,,,,,,,,,,,,,,,,,,,,,,,,
259,2012-09-09,1.0666922672810817,,10.49577545038122,0.1107212845376488,0.7187074764743087,,3.779916808961361,0.024271634650700133,,,8.44986320610343,0.055464075803247234,6.526535088284269,0.012682757994037978,10.503448205191264,,2.680718738989905,,0.4100276358626571,0.06055607940030736,6.585464234069352,0.04052469680968108,5.800169654962407,0.1070767868555349,0.5531080524235812,,5.612136392636877,0.06543505863481841,5.851197037890012,0.03456601667034908,5.048890085662835,,4.552256938351563,0.04802471859859573,,,,,,,,,,,,,,,,,,,,,,,,,,,,
260,2012-09-10,1.7333749343317573,,9.746077203925418,0.036907094845882935,0.4791383176495391,,4.930326272558297,0.024271634650700133,1.0038951130385898,,9.576511633583886,,4.809025854525251,0.012682757994037978,11.015811532273764,,2.188341827746861,,3.690248722763914,,6.859858577155572,0.04052469680968108,6.5251908618327095,0.1070767868555349,5.254526498024021,0.04084365565877481,6.350575391668045,0.02181168621160614,6.787388563952413,0.03456601667034908,6.491430110137931,0.07101518744905243,4.899843059260181,0.05104197840583734,,,,,,,,,,,,,,,,,,,,,,,,,,,,
261,2012-09-11,0.8000192004608111,,10.995574281351757,0.036907094845882935,0.2395691588247696,,2.9581957635349783,0.024271634650700133,0.5019475565192949,,6.572115826969335,,4.379648546085496,0.012682757994037978,9.478721551026263,0.03783490623910808,2.7354272846835763,,1.2300829075879711,,11.798956752707586,0.1620987872387243,1.4500424137406018,,3.318648314541487,,5.021385193411943,0.04362337242321227,5.851197037890012,0.03456601667034908,10.578626846150703,0.035507593724526214,4.552256938351563,0.054939272323524434,,,,,,,,,,,,,,,,,,,,,,,,,,,,
262,2012-09-12,0.6666826670506759,,5.497787140675879,0.036907094845882935,0.9582766352990782,,4.272949436217191,0.024271634650700133,0.5019475565192949,,6.3843410890559245,0.027732037901623617,4.293773084397545,0.012682757994037978,9.222539887485011,,2.5165931019088905,,2.4601658151759427,,7.408647263328017,0.04052469680968108,10.150296896184214,0.1070767868555349,6.637296629082974,0.08168731131754962,2.806068196318438,,4.9150055118276095,0.06913203334069816,5.7701600979003835,,4.0252715292320485,0.05104197840583734,,,,,,,,,,,,,,,,,,,,,,,,,,,,
263,2012-09-13,0.2666730668202704,,5.7476865561611445,0.036907094845882935,,,4.930326272558297,0.04854326930140025,0.5019475565192949,,7.323214778622973,,3.77852031426984,0.02536551598807596,7.1730865791550125,,2.352467464827876,0.008079784744097145,1.2300829075879711,,6.859858577155572,0.04052469680968108,7.25021206870301,0.32123036056660464,4.70141844560044,0.04084365565877481,5.31676079302441,0.06543505863481841,4.9150055118276095,0.03456601667034908,5.7701600979003835,,3.879509607560693,0.04513317794998917,,,,,,,,,,,,,,,,,,,,,,,,,,,,
264,2012-09-14,1.0666922672810817,0.019692179253133223,6.4973848026169465,0.036907094845882935,,,3.6155725998760846,0.04854326930140025,,,8.63763794401684,0.055464075803247234,4.379648546085496,0.02536551598807596,7.429268242696263,,2.188341827746861,0.01615956948819429,2.8701934510386,,9.055013321845355,0.04052469680968108,4.350127241221807,,4.14831039317686,0.08168731131754962,4.282946194380775,0.06543505863481841,3.5107182227340066,,5.7701600979003835,,3.935571885126599,0.0434988288877333,,,,,,,,,,,,,,,,,,,,,,,,,,,,
265,2012-09-15,0.4000096002304056,,5.7476865561611445,0.036907094845882935,,,1.3147536726822129,0.04854326930140025,1.5058426695578846,,5.069917923662059,,3.6926448525818887,,4.6112699437425055,,1.4224221880354595,0.02423935423229144,0.8200552717253142,,6.311069890983127,0.08104939361936216,1.4500424137406018,,3.5952023407532776,,2.658380396512205,,3.978813985765208,0.10369805001104723,4.087196736012772,,2.72462668970303,0.04412742468090864,,,,,,,,,,,,,,,,,,,,,,,,,,,,
266,2012-09-16,0.2666730668202704,,6.247485387131679,0.036907094845882935,,,4.272949436217191,0.04854326930140025,,,7.510989516536382,,4.551399469461399,0.02536551598807596,8.453994896861262,0.11350471871732425,1.860090553584832,0.02423935423229144,1.2300829075879711,,9.055013321845355,0.04052469680968108,1.4500424137406018,,2.4889862359061152,,4.578321793993243,,7.723580090014813,0.03456601667034908,5.7701600979003835,0.035507593724526214,3.9019345185870553,0.030549755548321362,,,,,,,,,,,,,,,,,,,,,,,,,,,,
267,2012-09-17,0.6666826670506759,,13.994367267174963,0.07381418969176587,,,3.1225399726202547,0.07281490395210037,0.5019475565192949,,9.576511633583886,,5.410154086340908,0.02536551598807596,7.941631569778763,0.03783490623910808,2.7354272846835763,0.008079784744097145,0.8200552717253142,,7.134252920241798,0.1215740904290432,2.1750636206109037,,4.977972471812231,0.04084365565877481,4.873697393605709,0.02181168621160614,6.0852449194056115,0.2073961000220945,10.338203508738188,,4.78771850412837,0.04375026720500343,,,,,,,,,,,,,,,,,,,,,,,,,,,,
268,2012-09-18,0.8000192004608111,,11.245473696837022,0.036907094845882935,,,2.6295073453644253,0.024271634650700133,,,7.323214778622973,0.055464075803247234,5.496029548028859,0.03804827398211393,5.635996597907507,,2.7354272846835763,0.008079784744097145,2.0501381793132856,0.18166823820092207,6.859858577155572,0.04052469680968108,2.9000848274812037,,5.254526498024021,0.04084365565877481,5.759824192443111,0.02181168621160614,6.319292800921213,0.1728300833517454,6.010583435312897,,4.328007828087942,0.05368208073717376,,,,,,,,,,,,,,,,,,,,,,,,,,,,
269,2012-09-19,1.8667114677418928,,7.496982464558015,0.036907094845882935,0.4791383176495391,,4.437293645302467,0.024271634650700133,,,4.131044234095009,0.027732037901623617,4.465524007773447,0.012682757994037978,10.247266541650015,0.11350471871732425,1.641256370810146,,1.2300829075879711,,9.603802008017805,0.24314818085808645,7.25021206870301,,5.531080524235811,,3.5445071953496066,0.02181168621160614,6.319292800921213,0.03456601667034908,5.7701600979003835,,4.03648398474523,0.048527595233135996,,,,,,,,,,,,,,,,,,,,,,,,,,,,
270,2012-09-20,0.6666826670506759,,8.996378957469616,0.07381418969176587,2.156122429422926,,5.0946704816435755,0.024271634650700133,,,9.952061109410707,,5.238403162965005,0.012682757994037978,6.6607232520725095,,3.282512741620292,0.008079784744097145,2.8701934510386,,6.0366755478969045,0.20262348404840536,4.350127241221807,,5.807634550447602,0.08168731131754962,5.021385193411943,0.04362337242321227,5.617149156374412,0.03456601667034908,7.693546797200511,,4.78771850412837,0.04525889710862425,,,,,,,,,,,,,,,,,,,,,,,,,,,,
271,2012-09-21,0.8000192004608111,,9.246278372954883,0.036907094845882935,0.2395691588247696,,2.4651631362791484,0.024271634650700133,0.5019475565192949,,9.388736895670478,0.055464075803247234,3.864395775957792,,6.6607232520725095,0.15133962495643233,2.5165931019088905,0.01615956948819429,2.4601658151759427,,5.4878868617244585,0.04052469680968108,10.150296896184214,,3.8717563669650685,,3.2491315957371394,0.02181168621160614,6.319292800921213,0.03456601667034908,4.8084667482503205,0.035507593724526214,3.9243594296134177,0.05368208073717376,,,,,,,,,,,,,,,,,,,,,,,,,,,,
272,2012-09-22,0.6666826670506759,,12.245071358778093,0.036907094845882935,0.9582766352990782,,2.4651631362791484,,0.5019475565192949,,5.257692661575468,,5.410154086340908,,8.453994896861262,0.03783490623910808,2.5165931019088905,,,,8.231830292586688,0.04052469680968108,2.1750636206109037,,3.8717563669650685,,2.953755996124672,0.04362337242321227,7.723580090014813,0.03456601667034908,4.568043410837803,,4.070121351284773,0.04400170552227357,,,,,,,,,,,,,,,,,,,,,,,,,,,,
273,2012-09-23,0.2666730668202704,,7.996781295528549,0.036907094845882935,,,4.108605227131913,0.024271634650700133,,,5.633242137402287,0.055464075803247234,3.77852031426984,,10.503448205191264,,3.118387104539277,0.008079784744097145,0.4100276358626571,,9.055013321845355,0.04052469680968108,5.075148448092107,,2.4889862359061152,,3.1014437959309067,0.06543505863481841,4.212861867280808,0.13826406668139632,6.491430110137931,0.07101518744905243,3.8907220630738735,0.04563605458452945,,,,,,,,,,,,,,,,,,,,,,,,,,,,
274,2012-09-24,0.9333557338709464,,12.494970774263358,0.036907094845882935,0.2395691588247696,,2.9581957635349783,0.04854326930140025,,,9.388736895670478,,6.955912396724023,0.012682757994037978,9.734903214567511,0.07566981247821616,2.0242161906658467,0.008079784744097145,2.0501381793132856,,2.4695490877760062,,6.5251908618327095,,6.084188576659392,0.04084365565877481,5.169072993218176,,5.14905339334321,0.06913203334069816,7.693546797200511,0.035507593724526214,4.6643814934833765,0.04362454804636837,,,,,,,,,,,,,,,,,,,,,,,,,,,,
275,2012-09-25,0.5333461336405407,,13.494568436204426,0.036907094845882935,0.2395691588247696,,4.765982063473022,0.024271634650700133,1.0038951130385898,,8.07431373027661,,4.980776777901152,0.012682757994037978,7.941631569778763,,2.680718738989905,0.01615956948819429,2.0501381793132856,0.12111215880061472,4.9390981755520125,0.04052469680968108,2.1750636206109037,,6.913850655294765,0.04084365565877481,6.941326590892979,0.02181168621160614,4.680957630312009,,6.731853447550447,0.07101518744905243,4.675593948996559,0.05229916999218802,,,,,,,,,,,,,,,,,,,,,,,,,,,,
276,2012-09-26,0.13333653341013518,,8.496580126499081,0.036907094845882935,0.9582766352990782,,3.779916808961361,0.024271634650700133,,,7.886538992363203,,4.465524007773447,0.012682757994037978,5.635996597907507,,2.4618845562152187,,0.8200552717253142,,8.231830292586688,0.1620987872387243,7.975233275573308,0.2141535737110698,5.807634550447602,0.04084365565877481,3.69219499515584,0.04362337242321227,6.553340682436812,0.03456601667034908,8.41481680943806,,4.204670817442948,0.052424889150823085,,,,,,,,,,,,,,,,,,,,,,,,,,,,
277,2012-09-27,0.4000096002304056,,12.744870189748626,0.036907094845882935,0.7187074764743087,,2.4651631362791484,0.04854326930140025,0.5019475565192949,,6.008791613229108,,5.925406856468612,0.02536551598807596,6.91690491561376,,2.680718738989905,0.01615956948819429,0.8200552717253142,0.12111215880061472,4.9390981755520125,,5.075148448092107,,4.70141844560044,0.04084365565877481,2.658380396512205,0.06543505863481841,6.553340682436812,0.03456601667034908,5.7701600979003835,,4.0813338067979545,0.04714468448815026,,,,,,,,,,,,,,,,,,,,,,,,,,,,
278,2012-09-28,,,4.9979883097053435,0.036907094845882935,0.4791383176495391,,3.6155725998760846,0.024271634650700133,,,3.1921705445279627,,3.864395775957792,0.012682757994037978,8.966358223943761,,2.188341827746861,0.01615956948819429,0.4100276358626571,0.24222431760122945,9.055013321845355,0.08104939361936216,7.25021206870301,0.2141535737110698,2.2124322096943247,,5.464448592830643,0.02181168621160614,6.0852449194056115,0.06913203334069816,4.087196736012772,,3.5094985756257127,0.04576177374316452,,,,,,,,,,,,,,,,,,,,,,,,,,,,
279,2012-09-29,,,9.746077203925418,0.036907094845882935,1.6769841117733868,,1.150409463596936,0.04854326930140025,,,7.323214778622973,,6.183033241532465,0.012682757994037978,3.5865432895775053,,2.13363328205319,0.008079784744097145,1.2300829075879711,,7.957435949500465,0.04052469680968108,2.1750636206109037,,1.6593241572707436,0.04084365565877481,3.8398827949620737,0.02181168621160614,4.212861867280808,0.10369805001104723,6.010583435312897,,3.6664729528102495,0.039350096652776084,,,,,,,,,,,,,,,,,,,,,,,,,,,,
280,2012-09-30,0.13333653341013518,,11.495373112322287,0.036907094845882935,0.2395691588247696,,2.4651631362791484,0.024271634650700133,,,8.63763794401684,,6.784161473348122,0.02536551598807596,15.627081476016276,,2.5165931019088905,0.040398923720485716,0.8200552717253142,,9.32940766493158,0.04052469680968108,4.350127241221807,,1.9358781834825345,0.08168731131754962,4.430633994187008,0.04362337242321227,5.14905339334321,0.10369805001104723,7.453123459787995,,4.78771850412837,0.04111016487366703,,,,,,,,,,,,,,,,,,,,,,,,,,,,
281,2012-10-01,0.8000192004608111,,12.245071358778093,0.036907094845882935,0.9582766352990782,,5.587703108899404,0.024271634650700133,1.0038951130385898,,10.890934798977757,,5.753655933092711,0.012682757994037978,7.429268242696263,,3.4466383787013064,,2.4601658151759427,,8.780618978759135,0.08104939361936216,2.1750636206109037,,5.531080524235811,0.04084365565877481,6.350575391668045,0.06543505863481841,6.787388563952413,0.06913203334069816,8.174393472025544,,5.370766190813792,0.05368208073717376,,,,,,,,,,,,,,,,,,,,,,,,,,,,
282,2012-10-02,0.9333557338709464,0.019692179253133223,10.49577545038122,0.036907094845882935,0.4791383176495391,,4.601637854387744,0.07281490395210037,,,8.07431373027661,,5.066652239589104,0.02536551598807596,9.991084878108763,,2.790135830377248,,2.8701934510386,,9.878196351104023,0.1215740904290432,9.425275689313912,,5.531080524235811,0.04084365565877481,3.69219499515584,0.04362337242321227,7.021436445468013,0.03456601667034908,7.453123459787995,,4.854993237207457,0.060219476986197264,,,,,,,,,,,,,,,,,,,,,,,,,,,,
283,2012-10-03,1.0666922672810817,,10.745674865866489,0.036907094845882935,1.1978457941238478,,3.286884181705532,0.024271634650700133,,,8.262088468190019,,5.410154086340908,0.012682757994037978,4.867451607283757,,3.610764015782321,,3.280221086901257,,8.780618978759135,0.1215740904290432,3.625106034351505,,6.084188576659392,0.08168731131754962,5.169072993218176,0.02181168621160614,7.255484326983613,0.03456601667034908,9.616933496500641,,4.944692881312906,0.05443639568898416,,,,,,,,,,,,,,,,,,,,,,,,,,,,
284,2012-10-04,0.8000192004608111,,6.247485387131679,0.036907094845882935,0.7187074764743087,,4.930326272558297,0.04854326930140025,1.5058426695578846,,8.07431373027661,,6.268908703220418,0.012682757994037978,,,2.188341827746861,,2.8701934510386,,8.231830292586688,0.08104939361936216,1.4500424137406018,,4.4248644193886495,,4.430633994187008,0.02181168621160614,6.319292800921213,0.06913203334069816,10.578626846150703,,4.249520639495673,0.05544214895806469,,,,,,,,,,,,,,,,,,,,,,,,,,,,
285,2012-10-05,0.5333461336405407,,5.7476865561611445,0.036907094845882935,0.9582766352990782,,2.300818927193872,0.04854326930140025,0.5019475565192949,,7.323214778622973,0.027732037901623617,5.238403162965005,0.03804827398211393,6.91690491561376,,2.6260101932962336,,1.2300829075879711,,9.603802008017805,,2.1750636206109037,,4.977972471812231,,3.5445071953496066,,6.319292800921213,,6.010583435312897,,3.991634162692505,0.04764756112269053,,,,,,,,,,,,,,,,,,,,,,,,,,,,
286,2012-10-06,0.6666826670506759,,11.995171943292826,0.07381418969176587,0.2395691588247696,,3.9442610180466375,0.024271634650700133,0.5019475565192949,,8.262088468190019,,6.526535088284269,0.012682757994037978,14.602354821851273,,2.7354272846835763,0.02423935423229144,1.6401105434506285,,11.250168066535142,0.04052469680968108,2.9000848274812037,,2.4889862359061152,0.12253096697632446,4.430633994187008,,6.553340682436812,0.06913203334069816,8.895663484263087,,5.1465170805501685,0.04475602047408398,,,,,,,,,,,,,,,,,,,,,,,,,,,,
287,2012-10-07,1.0666922672810817,,11.745272527807556,0.036907094845882935,,,6.573768363411063,0.024271634650700133,,,8.262088468190019,,5.3242786246529565,0.02536551598807596,9.222539887485011,,3.118387104539277,0.03231913897638858,0.4100276358626571,,11.798956752707586,0.04052469680968108,5.075148448092107,,4.4248644193886495,0.12253096697632446,5.169072993218176,,7.489532208499213,0.10369805001104723,7.693546797200511,,5.157729536063349,0.05770509381349592,,,,,,,,,,,,,,,,,,,,,,,,,,,,
288,2012-10-08,0.9333557338709464,,14.494166098145495,0.07381418969176587,0.7187074764743087,,6.4094241543257855,0.024271634650700133,1.0038951130385898,,10.703160061064343,,6.526535088284269,0.02536551598807596,11.015811532273764,,2.8995529217645912,0.01615956948819429,2.8701934510386,,12.073351095793807,0.08104939361936216,5.075148448092107,,6.360742602871183,0.04084365565877481,5.021385193411943,,7.957627971530415,0.03456601667034908,11.299896858388252,,5.987451244038758,0.057830812972130975,,,,,,,,,,,,,,,,,,,,,,,,,,,,
289,2012-10-09,1.0666922672810817,,10.995574281351757,0.036907094845882935,1.437414952948617,,4.108605227131913,0.0970865386028005,,,10.327610585237526,0.027732037901623617,5.6677804714047575,0.012682757994037978,9.991084878108763,,3.173095650232949,0.03231913897638858,2.4601658151759427,,12.896534125052474,0.08104939361936216,4.350127241221807,0.4283071474221396,5.254526498024021,0.04084365565877481,4.1352583945745405,0.02181168621160614,7.723580090014813,0.03456601667034908,8.655240146850575,,5.337128824274249,0.06713403071112596,,,,,,,,,,,,,,,,,,,,,,,,,,,,
290,2012-10-10,0.5333461336405407,,10.745674865866489,0.07381418969176587,0.7187074764743087,,3.6155725998760846,0.04854326930140025,0.5019475565192949,,8.82541268193025,,6.011282318156563,0.012682757994037978,7.1730865791550125,0.03783490623910808,1.9695076449721751,0.01615956948819429,1.6401105434506285,,11.250168066535142,0.1215740904290432,2.1750636206109037,,4.977972471812231,,4.578321793993243,,4.4469097487964095,0.10369805001104723,5.7701600979003835,,4.417707472193389,0.059842319510292064,,,,,,,,,,,,,,,,,,,,,,,,,,,,
291,2012-10-11,1.0666922672810817,,10.745674865866489,0.036907094845882935,0.9582766352990782,,3.451228390790808,0.024271634650700133,,,9.388736895670478,0.08319611370487084,4.379648546085496,0.012682757994037978,11.528174859356264,,1.9695076449721751,0.05655849320868001,1.6401105434506285,,8.506224635672911,0.04052469680968108,0.7250212068703009,,5.531080524235811,0.04084365565877481,3.9875705947683073,,7.021436445468013,0.03456601667034908,9.857356833913157,,4.619531671430652,0.04953334850221654,,,,,,,,,,,,,,,,,,,,,,,,,,,,
292,2012-10-12,0.6666826670506759,,8.496580126499081,0.07381418969176587,0.7187074764743087,,4.765982063473022,0.04854326930140025,1.5058426695578846,,6.008791613229108,0.027732037901623617,4.122022161021643,0.05073103197615191,12.296719849980018,0.03783490623910808,2.680718738989905,0.040398923720485716,2.0501381793132856,,6.859858577155572,0.04052469680968108,6.5251908618327095,,3.318648314541487,,6.202887591861813,0.04362337242321227,7.255484326983613,0.03456601667034908,8.895663484263087,,4.619531671430652,0.05179629335764775,,,,,,,,,,,,,,,,,,,,,,,,,,,,
293,2012-10-13,0.6666826670506759,,8.996378957469616,0.036907094845882935,0.2395691588247696,,4.272949436217191,0.024271634650700133,1.5058426695578846,,6.572115826969335,,4.637274931149348,0.02536551598807596,11.784356522897514,,2.352467464827876,0.008079784744097145,1.2300829075879711,,7.957435949500465,0.1215740904290432,5.075148448092107,,4.14831039317686,0.08168731131754962,6.055199792055577,0.04362337242321227,6.553340682436812,0.03456601667034908,5.529736760487868,,4.4289199277065725,0.05179629335764775,,,,,,,,,,,,,,,,,,,,,,,,,,,,
294,2012-10-14,0.9333557338709464,,12.494970774263358,0.036907094845882935,,,3.1225399726202547,0.07281490395210037,0.5019475565192949,,8.63763794401684,0.08319611370487084,6.870036935036072,0.012682757994037978,21.00689641038253,,2.8448443760709194,0.01615956948819429,1.2300829075879711,,12.622139781966254,0.04052469680968108,0.7250212068703009,,5.254526498024021,,6.645950991280513,0.06543505863481841,10.06405890517082,0.03456601667034908,9.136086821675606,,5.9650263330123945,0.0496590676608516,,,,,,,,,,,,,,,,,,,,,,,,,,,,
295,2012-10-15,1.0666922672810817,,14.244266682660227,0.036907094845882935,0.4791383176495391,,5.587703108899404,0.024271634650700133,1.0038951130385898,,10.515385323150936,0.11092815160649447,6.440659626596317,0.02536551598807596,9.991084878108763,0.03783490623910808,2.6260101932962336,,3.690248722763914,,7.134252920241798,0.04052469680968108,5.075148448092107,,6.913850655294765,0.04084365565877481,7.975141189536615,,7.957627971530415,0.03456601667034908,8.655240146850575,,5.740777222748772,0.06688259239385583,,,,,,,,,,,,,,,,,,,,,,,,,,,,
296,2012-10-16,0.5333461336405407,,11.995171943292826,0.036907094845882935,,,5.9163915270699565,0.024271634650700133,1.5058426695578846,,6.008791613229108,0.027732037901623617,5.066652239589104,0.012682757994037978,9.222539887485011,,1.9695076449721751,,2.0501381793132856,,8.780618978759135,0.04052469680968108,5.800169654962407,,2.7655402621179057,0.04084365565877481,5.31676079302441,0.04362337242321227,4.212861867280808,0.10369805001104723,8.895663484263087,,4.484982205272479,0.06436820922115448,,,,,,,,,,,,,,,,,,,,,,,,,,,,
297,2012-10-17,0.8000192004608111,,11.745272527807556,0.1107212845376488,,,5.587703108899404,0.07281490395210037,,,7.698764254449793,,4.980776777901152,0.03804827398211393,11.528174859356264,,3.282512741620292,,4.100276358626571,,7.408647263328017,,2.9000848274812037,,3.318648314541487,,7.236702190505446,0.02181168621160614,8.191675853046016,0.06913203334069816,6.251006772725416,,5.0904548029842625,0.050287663454026944,,,,,,,,,,,,,,,,,,,,,,,,,,,,
298,2012-10-18,0.2666730668202704,,10.745674865866489,0.14762837938353174,,,5.9163915270699565,0.024271634650700133,0.5019475565192949,,9.764286371497297,,5.925406856468612,0.012682757994037978,6.91690491561376,,2.2977589191342043,,3.280221086901257,,6.859858577155572,0.04052469680968108,4.350127241221807,,5.254526498024021,0.08168731131754962,5.31676079302441,0.08724674484642454,6.787388563952413,0.13826406668139632,8.174393472025544,,4.810143415154731,0.057076498020320575,,,,,,,,,,,,,,,,,,,,,,,,,,,,
299,2012-10-19,1.3333653341013518,,10.745674865866489,0.036907094845882935,0.9582766352990782,,3.6155725998760846,0.024271634650700133,,,6.196566351142516,,5.925406856468612,0.012682757994037978,5.123633270825008,,2.188341827746861,0.01615956948819429,3.280221086901257,,7.408647263328017,,2.9000848274812037,,5.254526498024021,,5.021385193411943,,8.425723734561616,0.03456601667034908,6.972276784962963,,4.462557294246115,0.053933519054443886,,,,,,,,,,,,,,,,,,,,,,,,,,,,
300,2012-10-20,1.3333653341013518,,8.74647954198435,0.1107212845376488,0.9582766352990782,,3.779916808961361,0.024271634650700133,0.5019475565192949,,7.323214778622973,,4.036146699333694,0.03804827398211393,7.429268242696263,,2.7354272846835763,,2.0501381793132856,,11.524562409621366,0.04052469680968108,3.625106034351505,,3.0420942883296966,,5.31676079302441,0.02181168621160614,7.723580090014813,,7.693546797200511,,4.50740711629884,0.0500362251367568,,,,,,,,,,,,,,,,,,,,,,,,,,,,
301,2012-10-21,1.0666922672810817,,13.994367267174963,0.07381418969176587,0.4791383176495391,,3.6155725998760846,,0.5019475565192949,,7.698764254449793,,6.011282318156563,0.012682757994037978,14.08999149476877,0.03783490623910808,2.4618845562152187,0.008079784744097145,1.2300829075879711,,13.1709284681387,0.1215740904290432,3.625106034351505,0.2141535737110698,3.318648314541487,,5.464448592830643,0.10905843105803067,5.617149156374412,0.10369805001104723,4.087196736012772,,5.000755158878811,0.05053910177129707,,,,,,,,,,,,,,,,,,,,,,,,,,,,
302,2012-10-22,0.5333461336405407,,14.494166098145495,0.036907094845882935,0.2395691588247696,,6.902456781581616,0.024271634650700133,0.5019475565192949,,9.01318741984366,,7.986417936979432,0.012682757994037978,16.651808130181273,,2.8448443760709194,,2.4601658151759427,,6.585464234069352,0.08104939361936216,5.800169654962407,,5.807634550447602,0.08168731131754962,8.713580188567782,0.02181168621160614,7.957627971530415,0.06913203334069816,9.857356833913157,,6.245337720841925,0.056070744751240034,,,,,,,,,,,,,,,,,,,,,,,,,,,,
303,2012-10-23,1.466701867511487,,13.744467851689693,0.07381418969176587,1.437414952948617,,5.9163915270699565,0.024271634650700133,,,9.576511633583886,,7.213538781787876,0.012682757994037978,8.966358223943761,0.11350471871732425,2.2430503734405334,0.008079784744097145,1.6401105434506285,,7.134252920241798,0.1620987872387243,3.625106034351505,,8.296620786353719,0.08168731131754962,9.156643587986485,,5.617149156374412,,,,5.269854091195161,0.07002557135973253,,,,,,,,,,,,,,,,,,,,,,,,,,,,
304,2012-10-24,0.5333461336405407,,11.495373112322287,0.036907094845882935,0.7187074764743087,,3.1225399726202547,0.024271634650700133,,,9.764286371497297,,4.637274931149348,0.012682757994037978,5.379814934366259,0.03783490623910808,3.22780419592662,0.02423935423229144,3.690248722763914,,7.683041606414242,0.04052469680968108,3.625106034351505,,6.637296629082974,,4.282946194380775,0.04362337242321227,9.59596314213962,0.03456601667034908,11.059473520975736,,4.933480425799727,0.05908800455848165,,,,,,,,,,,,,,,,,,,,,,,,,,,,
305,2012-10-25,1.0666922672810817,,12.994769605233893,0.1107212845376488,1.437414952948617,,5.259014690728852,0.024271634650700133,1.0038951130385898,,10.139835847324118,,4.980776777901152,0.012682757994037978,19.725988092676282,,3.5013469243949777,,4.510303994489229,,13.719717154311144,0.1215740904290432,3.625106034351505,,3.8717563669650685,,7.236702190505446,0.04362337242321227,5.3831012748588085,0.03456601667034908,12.742436882863348,,6.256550176355107,0.055316429799429634,,,,,,,,,,,,,,,,,,,,,,,,,,,,
306,2012-10-26,0.4000096002304056,,8.996378957469616,0.036907094845882935,0.4791383176495391,,3.286884181705532,,,,8.82541268193025,,6.440659626596317,0.012682757994037978,10.759629868732517,,2.6260101932962336,0.008079784744097145,2.4601658151759427,,5.762281204810683,0.08104939361936216,5.075148448092107,,7.190404681506555,0.04084365565877481,6.645950991280513,0.02181168621160614,7.489532208499213,0.03456601667034908,9.376510159088124,,5.034392525418356,0.07015129051836759,,,,,,,,,,,,,,,,,,,,,,,,,,,,
307,2012-10-27,0.6666826670506759,,11.245473696837022,0.036907094845882935,0.7187074764743087,,3.779916808961361,0.04854326930140025,0.5019475565192949,,7.886538992363203,,5.581905009716809,0.012682757994037978,7.1730865791550125,,3.173095650232949,,1.2300829075879711,,11.250168066535142,0.04052469680968108,2.9000848274812037,,6.084188576659392,0.20421827829387407,4.726009593799477,,6.787388563952413,0.03456601667034908,8.655240146850575,,4.899843059260181,0.056447902227145234,,,,,,,,,,,,,,,,,,,,,,,,,,,,
308,2012-10-28,1.2000288006912163,,11.245473696837022,0.036907094845882935,0.4791383176495391,,6.2450799452405095,0.024271634650700133,1.0038951130385898,,11.454259012717984,,4.465524007773447,0.02536551598807596,18.188898111428774,,2.571301647602562,0.008079784744097145,2.8701934510386,,5.213492518638237,,2.9000848274812037,,5.807634550447602,0.12253096697632446,4.873697393605709,,6.787388563952413,0.06913203334069816,8.41481680943806,,5.325916368761066,0.054939272323524434,,,,,,,,,,,,,,,,,,,,,,,,,,,,
309,2012-10-29,1.466701867511487,0.019692179253133223,15.993562591057096,0.036907094845882935,0.9582766352990782,,4.272949436217191,0.024271634650700133,1.5058426695578846,,9.952061109410707,0.055464075803247234,5.6677804714047575,0.012682757994037978,9.478721551026263,,3.829598198557007,0.02423935423229144,2.4601658151759427,,11.798956752707586,0.04052469680968108,6.5251908618327095,,9.679390917412672,0.16337462263509925,6.793638791086748,0.08724674484642454,7.021436445468013,,12.261590208038314,,6.211700354302383,0.05971660035165701,,,,,,,,,,,,,,,,,,,,,,,,,,,,
310,2012-10-30,0.6666826670506759,,10.245876034895954,0.07381418969176587,,,4.765982063473022,0.04854326930140025,,,11.454259012717984,,6.784161473348122,0.012682757994037978,10.503448205191264,,1.5318392794228028,,3.280221086901257,,8.231830292586688,0.04052469680968108,10.875318103054514,,7.743512733930137,0.08168731131754962,5.759824192443111,,5.14905339334321,0.06913203334069816,8.895663484263087,,5.191366902602892,0.06964841388382731,,,,,,,,,,,,,,,,,,,,,,,,,,,,
311,2012-10-31,0.8000192004608111,,13.994367267174963,0.036907094845882935,0.2395691588247696,,3.779916808961361,0.024271634650700133,,,9.01318741984366,,5.3242786246529565,0.02536551598807596,12.809083177062519,,3.118387104539277,0.008079784744097145,2.0501381793132856,,7.957435949500465,0.04052469680968108,4.350127241221807,,9.12628286498909,0.16337462263509925,5.759824192443111,0.02181168621160614,3.0426224597028058,0.06913203334069816,4.8084667482503205,,5.023180069905175,0.058207970448036175,,,,,,,,,,,,,,,,,,,,,,,,,,,,
312,2012-11-01,0.2666730668202704,,9.246278372954883,0.036907094845882935,0.2395691588247696,,5.75204731798468,0.024271634650700133,0.5019475565192949,,9.388736895670478,,4.379648546085496,0.012682757994037978,8.966358223943761,,1.9695076449721751,,2.4601658151759427,,9.603802008017805,0.08104939361936216,5.075148448092107,,4.70141844560044,0.08168731131754962,3.5445071953496066,0.02181168621160614,2.8085745781872054,0.06913203334069816,6.010583435312897,,4.193458361929767,0.056322183068510175,,,,,,,,,,,,,,,,,,,,,,,,,,,,
313,2012-11-02,0.4000096002304056,,7.746881880043283,0.036907094845882935,0.4791383176495391,,5.259014690728852,0.024271634650700133,,,13.895330605592306,0.027732037901623617,6.011282318156563,0.012682757994037978,12.552901513521268,,0.8753367310987444,0.01615956948819429,3.690248722763914,,6.0366755478969045,0.08104939361936216,7.975233275573308,,3.318648314541487,,4.430633994187008,0.08724674484642454,0.23404788151560044,,3.60635006118774,,4.22709572846931,0.04701896532951519,,,,,,,,,,,,,,,,,,,,,,,,,,,,
314,2012-11-03,0.4000096002304056,,10.49577545038122,0.036907094845882935,0.7187074764743087,,2.793851554449702,0.024271634650700133,1.0038951130385898,0.07413153024044976,11.078709536891164,,6.183033241532465,0.012682757994037978,15.370899812475026,,2.4618845562152187,0.02423935423229144,1.2300829075879711,,13.1709284681387,0.08104939361936216,5.075148448092107,,6.913850655294765,0.28590558961142365,5.169072993218176,0.02181168621160614,4.680957630312009,0.10369805001104723,7.933970134613028,,5.314703913247887,0.04739612280542039,,,,,,,,,,,,,,,,,,,,,,,,,,,,
315,2012-11-04,0.4000096002304056,,13.494568436204426,0.036907094845882935,,,3.286884181705532,0.024271634650700133,,,9.01318741984366,,5.496029548028859,0.012682757994037978,10.503448205191264,,2.0242161906658467,,0.4100276358626571,,6.859858577155572,0.08104939361936216,2.1750636206109037,,6.913850655294765,0.20421827829387407,6.055199792055577,0.02181168621160614,6.553340682436812,0.03456601667034908,6.731853447550447,,4.686806404509738,0.05959088119302192,,,,,,,,,,,,,,,,,,,,,,,,,,,,
316,2012-11-05,0.6666826670506759,,10.995574281351757,0.07381418969176587,,,2.4651631362791484,0.024271634650700133,,,10.703160061064343,,7.385289705163776,0.012682757994037978,10.759629868732517,0.03783490623910808,2.4071760105215474,,4.510303994489229,,7.683041606414242,0.1215740904290432,3.625106034351505,,7.190404681506555,0.04084365565877481,6.645950991280513,0.02181168621160614,4.4469097487964095,0.03456601667034908,12.502013545450833,,5.370766190813792,0.05255060830945815,,,,,,,,,,,,,,,,,,,,,,,,,,,,
317,2012-11-06,0.9333557338709464,,7.496982464558015,0.036907094845882935,,,5.259014690728852,0.024271634650700133,,,9.388736895670478,,7.986417936979432,0.012682757994037978,8.966358223943761,,2.078924736359518,0.02423935423229144,1.6401105434506285,,8.780618978759135,0.04052469680968108,4.350127241221807,,6.637296629082974,0.08168731131754962,4.873697393605709,0.04362337242321227,4.212861867280808,0.03456601667034908,7.453123459787995,,4.854993237207457,0.060219476986197264,,,,,,,,,,,,,,,,,,,,,,,,,,,,
318,2012-11-07,1.2000288006912163,,9.746077203925418,0.036907094845882935,0.2395691588247696,,2.793851554449702,0.024271634650700133,1.5058426695578846,,10.327610585237526,,5.152527701277054,0.012682757994037978,11.015811532273764,0.07566981247821616,2.352467464827876,0.008079784744097145,1.6401105434506285,,7.957435949500465,0.04052469680968108,6.5251908618327095,,4.70141844560044,,5.907511992249344,0.02181168621160614,3.276670341218406,,9.136086821675606,,4.720443771049284,0.05443639568898416,,,,,,,,,,,,,,,,,,,,,,,,,,,,
319,2012-11-08,1.2000288006912163,,9.995976619410687,0.07381418969176587,0.4791383176495391,,3.286884181705532,0.024271634650700133,0.5019475565192949,,9.952061109410707,,5.410154086340908,0.012682757994037978,14.34617315831002,,2.2430503734405334,0.008079784744097145,1.2300829075879711,,9.878196351104023,0.04052469680968108,6.5251908618327095,,8.849728838777299,0.08168731131754962,5.612136392636877,,2.8085745781872054,,7.693546797200511,,5.011967614391994,0.05292776578536335,,,,,,,,,,,,,,,,,,,,,,,,,,,,
320,2012-11-09,1.6000384009216222,,8.496580126499081,0.036907094845882935,0.2395691588247696,,1.6434420908527656,0.024271634650700133,,,9.01318741984366,,6.011282318156563,0.012682757994037978,10.503448205191264,0.03783490623910808,2.680718738989905,0.008079784744097145,3.690248722763914,,7.683041606414242,,7.25021206870301,,6.360742602871183,,5.907511992249344,0.06543505863481841,3.978813985765208,,11.299896858388252,,4.922267970286544,0.05619646390987512,,,,,,,,,,,,,,,,,,,,,,,,,,,,
321,2012-11-10,0.9333557338709464,,8.996378957469616,0.036907094845882935,,,0.8217210454263828,0.024271634650700133,2.00779022607718,,9.200962157757068,0.027732037901623617,5.6677804714047575,0.012682757994037978,11.528174859356264,,3.0089700131519344,,1.6401105434506285,,7.957435949500465,,5.075148448092107,,4.14831039317686,0.04084365565877481,4.430633994187008,0.02181168621160614,4.212861867280808,0.03456601667034908,10.09778017132567,,4.619531671430652,0.05519071064079457,,,,,,,,,,,,,,,,,,,,,,,,,,,,
322,2012-11-11,0.4000096002304056,,13.494568436204426,0.036907094845882935,,,2.6295073453644253,0.024271634650700133,1.5058426695578846,,13.519781129765489,,8.58754616879509,0.012682757994037978,18.70126143851128,,3.5560554700886486,0.01615956948819429,1.6401105434506285,,13.994111497397368,0.04052469680968108,4.350127241221807,,4.70141844560044,,6.941326590892979,,6.0852449194056115,0.03456601667034908,10.81905018356322,,6.525649108671455,0.05179629335764775,,,,,,,,,,,,,,,,,,,,,,,,,,,,
323,2012-11-12,0.4000096002304056,,12.994769605233893,0.07381418969176587,,,6.573768363411063,0.024271634650700133,0.5019475565192949,,8.262088468190019,,9.789802632426404,0.012682757994037978,9.222539887485011,,3.5013469243949777,0.008079784744097145,4.510303994489229,,12.073351095793807,0.04052469680968108,5.800169654962407,0.2141535737110698,9.679390917412672,0.04084365565877481,7.089014390699212,0.13087011726963682,4.680957630312009,,16.10836360663857,,6.5817113862373615,0.07316855032560919,,,,,,,,,,,,,,,,,,,,,,,,,,,,
324,2012-11-13,1.466701867511487,,11.995171943292826,0.036907094845882935,0.7187074764743087,,1.8077862999380423,0.024271634650700133,,,11.266484274804574,0.027732037901623617,6.0971577798445145,0.012682757994037978,15.114718148933775,0.03783490623910808,2.188341827746861,,2.4601658151759427,,9.055013321845355,0.08104939361936216,5.800169654962407,,8.573174812565508,0.12253096697632446,6.941326590892979,0.10905843105803067,4.4469097487964095,,15.627516931813538,,5.740777222748772,0.07379714611878453,,,,,,,,,,,,,,,,,,,,,,,,,,,,
325,2012-11-14,1.0666922672810817,,9.746077203925418,0.036907094845882935,0.4791383176495391,,4.930326272558297,0.024271634650700133,0.5019475565192949,,11.829808488544804,0.027732037901623617,7.55704062853968,0.012682757994037978,15.114718148933775,,3.6654725614759927,0.01615956948819429,1.2300829075879711,,10.426985037276474,0.04052469680968108,5.800169654962407,,7.466958707718346,,6.941326590892979,0.02181168621160614,2.106430933640404,,10.81905018356322,,5.987451244038758,0.06436820922115448,,,,,,,,,,,,,,,,,,,,,,,,,,,,
326,2012-11-15,0.5333461336405407,,15.243864344601295,0.07381418969176587,0.4791383176495391,,3.6155725998760846,0.04854326930140025,0.5019475565192949,,10.327610585237526,,6.870036935036072,0.012682757994037978,12.552901513521268,,2.790135830377248,,4.510303994489229,,7.957435949500465,0.04052469680968108,5.075148448092107,0.2141535737110698,5.807634550447602,,8.122828989342848,0.02181168621160614,1.8723830521248035,,12.742436882863348,,5.707139856209228,0.06713403071112596,,,,,,,,,,,,,,,,,,,,,,,,,,,,
327,2012-11-16,0.8000192004608111,,8.74647954198435,0.036907094845882935,0.7187074764743087,,5.423358899814127,0.024271634650700133,,,10.139835847324118,,6.011282318156563,0.02536551598807596,7.941631569778763,0.03783490623910808,2.571301647602562,,1.2300829075879711,,9.878196351104023,0.08104939361936216,7.975233275573308,,9.12628286498909,,6.941326590892979,0.02181168621160614,1.8723830521248035,,,,4.675593948996559,0.06399105174524929,,,,,,,,,,,,,,,,,,,,,,,,,,,,
328,2012-11-17,0.4000096002304056,,14.744065513630762,0.036907094845882935,0.9582766352990782,,3.779916808961361,0.04854326930140025,,,7.510989516536382,,7.64291609022763,0.012682757994037978,10.503448205191264,,3.22780419592662,0.02423935423229144,0.8200552717253142,,11.250168066535142,0.04052469680968108,7.975233275573308,,7.466958707718346,,6.202887591861813,0.02181168621160614,0.9361915260624016,,,,4.989542703365632,0.052424889150823085,,,,,,,,,,,,,,,,,,,,,,,,,,,,
329,2012-11-18,0.8000192004608111,,12.245071358778093,0.036907094845882935,0.4791383176495391,,7.559833617922722,0.024271634650700133,0.5019475565192949,,10.139835847324118,0.08319611370487084,8.845172553858943,0.02536551598807596,17.932716447887522,,3.774889652863336,0.008079784744097145,2.8701934510386,,15.91487189900093,0.08104939361936216,5.800169654962407,,6.360742602871183,0.04084365565877481,6.202887591861813,,0.9361915260624016,,,,6.077150888144207,0.055945025592604974,,,,,,,,,,,,,,,,,,,,,,,,,,,,
330,2012-11-19,1.6000384009216222,,15.993562591057096,0.07381418969176587,,,7.395489408837445,0.04854326930140025,,,11.078709536891164,,7.900542475291482,0.012682757994037978,15.627081476016276,,4.5955178382684085,0.01615956948819429,2.8701934510386,,7.408647263328017,,8.700254482443611,,6.084188576659392,,8.270516789149081,0.08724674484642454,2.3404788151560045,0.06913203334069816,,,6.1780629877628375,0.0681397839802065,,,,,,,,,,,,,,,,,,,,,,,,,,,,
331,2012-11-20,1.2000288006912163,,14.244266682660227,0.036907094845882935,,,10.189340963287151,0.024271634650700133,0.5019475565192949,,15.397528508899589,0.027732037901623617,8.845172553858943,0.02536551598807596,14.08999149476877,0.03783490623910808,2.9542614674582626,0.02423935423229144,1.6401105434506285,,8.506224635672911,0.04052469680968108,7.975233275573308,,11.891823127106994,0.04084365565877481,10.485833786242583,0.04362337242321227,0.4680957630312009,,,,6.5592864752110005,0.0692712564079221,,,,,,,,,,,,,,,,,,,,,,,,,,,,
332,2012-11-21,0.6666826670506759,,18.49255674590977,0.036907094845882935,,,5.0946704816435755,0.04854326930140025,0.5019475565192949,,11.266484274804574,,8.329919783731238,0.012682757994037978,14.858536485392525,0.03783490623910808,4.978477658124108,0.008079784744097145,2.8701934510386,,14.268505840483591,,5.800169654962407,,12.998039231954158,0.12253096697632446,5.907511992249344,0.02181168621160614,1.8723830521248035,0.03456601667034908,,,6.492011742131911,0.0735457078015144,,,,,,,,,,,,,,,,,,,,,,,,,,,,
333,2012-11-22,0.5333461336405407,,15.493763760086566,0.036907094845882935,,,5.9163915270699565,0.024271634650700133,0.5019475565192949,,9.952061109410707,0.027732037901623617,6.955912396724023,0.02536551598807596,9.991084878108763,0.15133962495643233,2.571301647602562,0.008079784744097145,2.0501381793132856,,15.366083212828483,0.04052469680968108,3.625106034351505,,8.573174812565508,,6.055199792055577,0.02181168621160614,1.404287289093603,,,,5.236216724655618,0.07279139284970401,,,,,,,,,,,,,,,,,,,,,,,,,,,,
334,2012-11-23,1.6000384009216222,,12.245071358778093,0.07381418969176587,,,4.930326272558297,0.024271634650700133,0.5019475565192949,,11.266484274804574,0.055464075803247234,5.6677804714047575,0.012682757994037978,10.247266541650015,,4.7596434753494234,0.01615956948819429,2.4601658151759427,,7.408647263328017,0.1215740904290432,7.25021206870301,0.2141535737110698,10.785607022259834,0.04084365565877481,7.3843899903116785,0.04362337242321227,4.4469097487964095,0.03456601667034908,,,5.561377934537872,0.05871084708257645,,,,,,,,,,,,,,,,,,,,,,,,,,,,
335,2012-11-24,1.3333653341013518,,14.494166098145495,0.036907094845882935,,,4.601637854387744,0.024271634650700133,,,11.829808488544804,,6.6124105499722186,0.012682757994037978,15.370899812475026,0.07566981247821616,2.0242161906658467,,2.0501381793132856,,13.994111497397368,0.04052469680968108,4.350127241221807,,1.9358781834825345,,6.350575391668045,,3.0426224597028058,,,,5.135304625036987,0.06235670268299341,,,,,,,,,,,,,,,,,,,,,,,,,,,,
336,2012-11-25,0.5333461336405407,,19.24225499236557,0.07381418969176587,0.7187074764743087,,9.696308336031317,0.024271634650700133,0.5019475565192949,,12.017583226458216,,7.1276633200999235,0.012682757994037978,22.287804728088783,,3.0089700131519344,0.02423935423229144,3.280221086901257,,14.268505840483591,0.08104939361936216,5.800169654962407,,3.8717563669650685,,9.00895578818025,,1.1702394075780025,,,,6.514436653158274,0.05757937465486085,,,,,,,,,,,,,,,,,,,,,,,,,,,,
337,2012-11-26,1.3333653341013518,,15.493763760086566,0.07381418969176587,0.2395691588247696,,6.2450799452405095,0.07281490395210037,0.5019475565192949,,11.642033750631391,,12.108440098001076,0.012682757994037978,12.040538186438766,,2.680718738989905,,3.280221086901257,,13.719717154311144,0.08104939361936216,8.700254482443611,,15.210471441648483,,9.304331387792717,0.06543505863481841,3.276670341218406,0.06913203334069816,,,6.8732352295800725,0.07304283116697413,,,,,,,,,,,,,,,,,,,,,,,,,,,,
338,2012-11-27,0.9333557338709464,,15.493763760086566,0.1107212845376488,0.2395691588247696,,5.0946704816435755,0.0970865386028005,1.0038951130385898,,12.95645691602526,,8.072293398667384,0.03804827398211393,15.370899812475026,,3.610764015782321,0.01615956948819429,4.100276358626571,,17.56123795751827,0.04052469680968108,7.975233275573308,,10.232498969836252,0.08168731131754962,11.815023984498687,0.06543505863481841,1.638335170609203,,,,6.7386857634218975,0.07706584424329628,,,,,,,,,,,,,,,,,,,,,,,,,,,,
339,2012-11-28,0.9333557338709464,,13.994367267174963,0.07381418969176587,0.9582766352990782,,7.066800990666892,0.024271634650700133,1.0038951130385898,,6.7598905648827445,,8.415795245419188,0.05073103197615191,16.651808130181273,,4.7596434753494234,0.008079784744097145,6.150414537939858,,15.366083212828483,0.04052469680968108,4.350127241221807,,11.062161048471623,0.12253096697632446,7.827453389730381,0.04362337242321227,0.9361915260624016,,,,6.413524553539642,0.07555721433967548,,,,,,,,,,,,,,,,,,,,,,,,,,,,
340,2012-11-29,1.6000384009216222,,15.243864344601295,0.1107212845376488,0.7187074764743087,,7.231145199752167,0.07281490395210037,1.5058426695578846,,10.890934798977757,,7.900542475291482,0.012682757994037978,9.734903214567511,0.03783490623910808,2.4071760105215474,0.008079784744097145,3.690248722763914,,9.878196351104023,0.04052469680968108,7.25021206870301,,7.466958707718346,0.12253096697632446,10.338145986436352,0.02181168621160614,1.404287289093603,,,,5.751989678261952,0.07191135873925852,,,,,,,,,,,,,,,,,,,,,,,,,,,,
341,2012-11-30,0.6666826670506759,,11.495373112322287,0.036907094845882935,0.4791383176495391,,4.108605227131913,0.04854326930140025,0.5019475565192949,,12.017583226458216,,8.072293398667384,,7.1730865791550125,0.03783490623910808,3.4466383787013064,0.008079784744097145,3.280221086901257,,9.055013321845355,0.1620987872387243,7.25021206870301,,6.637296629082974,,7.3843899903116785,,1.8723830521248035,,11.540320195800767,,5.707139856209228,0.06449392837978955,,,,,,,,,,,,,,,,,,,,,,,,,,,,
342,2012-12-01,1.3333653341013518,,18.242657330424503,0.036907094845882935,1.6769841117733868,,,,0.5019475565192949,,12.768682178111849,,6.0971577798445145,,16.395626466640028,,3.5560554700886486,,1.2300829075879711,,13.994111497397368,0.08104939361936216,8.700254482443611,,0.8296620786353718,,7.827453389730381,0.02181168621160614,1.1702394075780025,,9.857356833913157,,5.908964055446489,0.06399105174524929,,,,,,,,,,,,,,,,,,,,,,,,,,,,
343,2012-12-02,2.5333941347925686,,17.243059668483433,0.036907094845882935,,,6.0807357361552326,0.024271634650700133,0.5019475565192949,,11.454259012717984,,7.8146670136035326,0.03804827398211393,24.337258036418785,0.07566981247821616,3.173095650232949,0.01615956948819429,2.4601658151759427,,12.347745438880036,0.04052469680968108,7.975233275573308,,2.4889862359061152,,9.747394787211418,0.04362337242321227,1.8723830521248035,,14.184976907338445,,7.119909250870057,0.0662539966006805,,,,,,,,,,,,,,,,,,,,,,,,,,,,
344,2012-12-03,0.2666730668202704,,14.494166098145495,0.036907094845882935,0.7187074764743087,,10.5180293814577,0.04854326930140025,2.00779022607718,,16.336402198466633,,9.4463007856746,0.02536551598807596,15.114718148933775,0.03783490623910808,3.282512741620292,0.01615956948819429,5.330359266214543,,18.65881532986316,0.08104939361936216,5.800169654962407,,12.721485205742367,,9.747394787211418,0.04362337242321227,4.9150055118276095,0.03456601667034908,18.512596980763725,,8.364491812833169,0.07983166573326776,,,,,,,,,,,,,,,,,,,,,,,,,,,,
345,2012-12-04,1.6000384009216222,,19.74205382333611,0.1107212845376488,0.7187074764743087,,5.0946704816435755,0.024271634650700133,2.00779022607718,,8.07431373027661,,7.385289705163776,0.012682757994037978,19.725988092676282,0.03783490623910808,3.337221287313964,0.02423935423229144,2.0501381793132856,,16.738054928259597,,11.600339309924815,,10.785607022259834,,8.713580188567782,0.06543505863481841,3.0426224597028058,,15.867940269226056,,7.344158361133683,0.09378649234176024,,,,,,,,,,,,,,,,,,,,,,,,,,,,
346,2012-12-05,2.0000480011520283,,21.241450316247708,0.036907094845882935,0.7187074764743087,,2.9581957635349783,0.07281490395210037,1.0038951130385898,,6.947665302796153,0.027732037901623617,9.6180517090505,0.02536551598807596,,,3.4466383787013064,,3.280221086901257,,15.366083212828483,0.04052469680968108,8.700254482443611,,10.232498969836252,,6.793638791086748,0.02181168621160614,2.574526696671605,,14.42540024475096,,6.3350373649473735,0.08234604890596912,,,,,,,,,,,,,,,,,,,,,,,,,,,,
347,2012-12-06,1.0666922672810817,,16.493361422027633,0.14762837938353174,,,6.738112572496339,0.024271634650700133,1.5058426695578846,,9.576511633583886,,8.244044322043287,0.012682757994037978,28.43616465307879,0.03783490623910808,3.282512741620292,,5.7403869020772005,,14.817294526656035,0.1215740904290432,13.050381723665414,,10.509052996048043,0.04084365565877481,5.907511992249344,0.02181168621160614,3.5107182227340066,,14.665823582163474,,7.579619926910487,0.07103132462881305,,,,,,,,,,,,,,,,,,,,,,,,,,,,
348,2012-12-07,2.2667210679722984,,15.993562591057096,0.07381418969176587,0.4791383176495391,,5.423358899814127,0.024271634650700133,,,10.327610585237526,0.027732037901623617,10.219179940866157,0.03804827398211393,11.271993195815014,0.03783490623910808,3.5560554700886486,,6.150414537939858,,9.32940766493158,0.04052469680968108,7.25021206870301,,10.232498969836252,,8.565892388761549,0.06543505863481841,5.617149156374412,0.06913203334069816,14.665823582163474,,7.153546617409602,0.08498615123730552,,,,,,,,,,,,,,,,,,,,,,,,,,,,
349,2012-12-08,0.6666826670506759,,19.99195323882137,0.07381418969176587,1.1978457941238478,,4.765982063473022,,0.5019475565192949,,19.528572742994594,0.027732037901623617,7.900542475291482,0.012682757994037978,7.429268242696263,,3.0089700131519344,0.01615956948819429,1.6401105434506285,,10.152590694190248,0.04052469680968108,8.700254482443611,,4.4248644193886495,,7.5320777901179135,0.02181168621160614,6.0852449194056115,0.03456601667034908,12.261590208038314,,6.693835941369172,0.08020882320917297,,,,,,,,,,,,,,,,,,,,,,,,,,,,
350,2012-12-09,2.5333941347925686,,15.243864344601295,0.07381418969176587,0.2395691588247696,,0.9860652545116594,,0.5019475565192949,,14.270880081419127,,10.133304479178207,0.012682757994037978,8.453994896861262,,3.8843067442506793,,2.8701934510386,,17.286843614432044,0.1215740904290432,6.5251908618327095,,2.2124322096943247,0.04084365565877481,8.713580188567782,,3.5107182227340066,0.03456601667034908,4.8084667482503205,,6.357462275973737,0.07505433770513521,,,,,,,,,,,,,,,,,,,,,,,,,,,,
351,2012-12-10,1.8667114677418928,,22.740846809159308,0.07381418969176587,1.6769841117733868,,4.765982063473022,0.024271634650700133,,,14.270880081419127,,9.961553555802304,0.012682757994037978,13.83380983122752,,3.22780419592662,,2.0501381793132856,,9.32940766493158,0.04052469680968108,7.25021206870301,,6.637296629082974,,8.122828989342848,0.02181168621160614,4.212861867280808,,14.90624691957599,0.07101518744905243,7.332945905620501,0.07128276294608317,,,,,,,,,,,,,,,,,,,,,,,,,,,,
352,2012-12-11,1.2000288006912163,,18.242657330424503,0.036907094845882935,0.4791383176495391,,6.4094241543257855,0.024271634650700133,,,11.829808488544804,0.027732037901623617,11.33556094280952,0.012682757994037978,11.015811532273764,,2.790135830377248,,2.8701934510386,,5.4878868617244585,0.04052469680968108,11.600339309924815,,6.084188576659392,,9.599706987405183,,4.9150055118276095,0.10369805001104723,15.146670256988505,0.10652278117357863,7.018997151251428,0.08222032974733405,,,,,,,,,,,,,,,,,,,,,,,,,,,,
353,2012-12-12,,,20.74165148527717,0.07381418969176587,,,3.1225399726202547,0.04854326930140025,2.509737782596474,,4.131044234095009,,8.673421630483041,0.02536551598807596,18.188898111428774,,3.22780419592662,,2.0501381793132856,,7.683041606414242,0.04052469680968108,7.975233275573308,,4.977972471812231,,5.759824192443111,,3.744766104249607,,15.387093594401026,,6.065938432631026,0.07870019330555215,,,,,,,,,,,,,,,,,,,,,,,,,,,,
354,2012-12-13,,,23.49054505561511,0.036907094845882935,1.6769841117733868,,8.052866245178551,0.024271634650700133,,,10.139835847324118,,8.673421630483041,0.012682757994037978,9.734903214567511,0.03783490623910808,2.9542614674582626,,1.2300829075879711,,10.152590694190248,0.04052469680968108,5.800169654962407,,12.721485205742367,,8.565892388761549,0.02181168621160614,3.276670341218406,0.03456601667034908,15.146670256988505,,7.018997151251428,0.06801406482157142,,,,,,,,,,,,,,,,,,,,,,,,,,,,
355,2012-12-14,,,14.494166098145495,0.2583496639211805,1.1978457941238478,,3.9442610180466375,0.024271634650700133,,,7.510989516536382,,8.58754616879509,0.012682757994037978,24.337258036418785,,2.790135830377248,,2.0501381793132856,,10.701379380362694,,10.875318103054514,,9.12628286498909,,6.645950991280513,,3.744766104249607,0.06913203334069816,16.10836360663857,,6.648986119316446,0.07870019330555215,,,,,,,,,,,,,,,,,,,,,,,,,,,,
356,2012-12-15,,,15.993562591057096,0.1107212845376488,1.1978457941238478,,1.6434420908527656,0.024271634650700133,1.0038951130385898,,5.069917923662059,,8.58754616879509,0.012682757994037978,7.1730865791550125,0.03783490623910808,2.7354272846835763,,1.2300829075879711,,10.426985037276474,0.04052469680968108,5.075148448092107,,1.6593241572707436,,7.3843899903116785,0.02181168621160614,2.106430933640404,,6.972276784962963,,4.798930959641551,0.07455146107059495,,,,,,,,,,,,,,,,,,,,,,,,,,,,
357,2012-12-16,,,20.99155090076244,0.07381418969176587,3.1143990647220043,0.0707628839365207,2.793851554449702,,1.5058426695578846,,6.196566351142516,,6.440659626596317,0.012682757994037978,21.77544140100628,,2.8995529217645912,,1.6401105434506285,,9.878196351104023,,9.425275689313912,0.1070767868555349,,,8.122828989342848,0.02181168621160614,7.255484326983613,,10.09778017132567,,6.0995757991705695,0.05380779989580882,,,,,,,,,,,,,,,,,,,,,,,,,,,,
358,2012-12-17,,,17.992757914939233,0.07381418969176587,1.437414952948617,,5.0946704816435755,0.024271634650700133,0.5019475565192949,,11.266484274804574,,11.936689174625174,0.012682757994037978,11.784356522897514,,4.157849472719036,0.008079784744097145,1.6401105434506285,,9.878196351104023,0.04052469680968108,12.325360516795115,,5.531080524235811,,7.975141189536615,0.06543505863481841,3.744766104249607,0.06913203334069816,11.540320195800767,,7.018997151251428,0.06839122229747664,,,,,,,,,,,,,,,,,,,,,,,,,,,,
359,2012-12-18,,,16.993160252998162,0.07381418969176587,0.9582766352990782,,6.4094241543257855,0.024271634650700133,1.5058426695578846,,3.9432694961816015,,8.759297092170993,0.02536551598807596,14.34617315831002,,2.4071760105215474,,4.100276358626571,,14.542900183569815,0.04052469680968108,10.150296896184214,,5.254526498024021,,7.236702190505446,0.04362337242321227,3.978813985765208,,6.010583435312897,,5.875326688906946,0.07870019330555215,,,,,,,,,,,,,,,,,,,,,,,,,,,,
360,2012-12-19,,,22.241047978188767,0.07381418969176587,1.437414952948617,,5.259014690728852,0.04854326930140025,1.0038951130385898,,4.31881897200842,,7.900542475291482,0.012682757994037978,12.809083177062519,0.07566981247821616,2.8995529217645912,,2.8701934510386,,13.719717154311144,0.08104939361936216,5.800169654962407,,5.531080524235811,,6.645950991280513,0.08724674484642454,2.3404788151560045,,9.616933496500641,,5.908964055446489,0.0658768391247753,,,,,,,,,,,,,,,,,,,,,,,,,,,,
361,2012-12-20,,,16.993160252998162,0.07381418969176587,0.9582766352990782,,6.902456781581616,0.024271634650700133,1.5058426695578846,,8.262088468190019,,11.163810019433617,0.012682757994037978,7.685449906237513,,3.22780419592662,,2.4601658151759427,,9.32940766493158,0.04052469680968108,8.700254482443611,,8.573174812565508,,10.042770386823886,0.02181168621160614,3.5107182227340066,0.03456601667034908,12.021166870625795,,6.682623485855991,0.0662539966006805,,,,,,,,,,,,,,,,,,,,,,,,,,,,
362,2012-12-21,,,13.744467851689693,0.14762837938353174,,,4.272949436217191,0.024271634650700133,2.00779022607718,,11.829808488544804,,8.158168860355335,0.02536551598807596,9.478721551026263,,3.22780419592662,,3.280221086901257,,9.603802008017805,0.04052469680968108,7.975233275573308,0.2141535737110698,2.2124322096943247,,5.612136392636877,0.06543505863481841,3.0426224597028058,0.03456601667034908,7.693546797200511,,5.426828468379698,0.07492861854650014,,,,,,,,,,,,,,,,,,,,,,,,,,,,
363,2012-12-22,,,18.74245616139504,0.07381418969176587,,,1.8077862999380423,0.04854326930140025,0.5019475565192949,,11.078709536891164,,7.1276633200999235,0.012682757994037978,14.858536485392525,,1.9695076449721751,,2.0501381793132856,,9.32940766493158,0.08104939361936216,3.625106034351505,,1.9358781834825345,,4.282946194380775,,6.0852449194056115,,8.174393472025544,,5.191366902602892,0.0608480727793726,,,,,,,,,,,,,,,,,,,,,,,,,,,,
364,2012-12-23,,,15.493763760086566,0.07381418969176587,,,1.9721305090233188,,,,12.017583226458216,,10.992059096057718,0.012682757994037978,14.08999149476877,,4.376683655493722,,1.6401105434506285,,6.0366755478969045,,5.075148448092107,,3.8717563669650685,,4.578321793993243,0.04362337242321227,6.0852449194056115,0.03456601667034908,7.453123459787995,,6.00987615506512,0.058207970448036175,,,,,,,,,,,,,,,,,,,,,,,,,,,,
365,2012-12-24,,,17.4929590839687,0.1107212845376488,1.1978457941238478,,2.9581957635349783,0.024271634650700133,0.5019475565192949,,7.886538992363203,,9.274549862298695,0.012682757994037978,14.858536485392525,,2.352467464827876,0.03231913897638858,0.4100276358626571,,6.0366755478969045,0.04052469680968108,7.975233275573308,,4.14831039317686,,4.282946194380775,0.02181168621160614,5.617149156374412,,3.8467733986002566,,5.191366902602892,0.06738546902839611,,,,,,,,,,,,,,,,,,,,,,,,,,,,
366,2012-12-25,,,19.74205382333611,0.036907094845882935,0.7187074764743087,,1.3147536726822129,0.024271634650700133,1.0038951130385898,,11.642033750631391,,8.329919783731238,0.02536551598807596,13.321446504145019,,3.6654725614759927,,3.280221086901257,,7.957435949500465,0.04052469680968108,5.075148448092107,,3.5952023407532776,,6.202887591861813,0.02181168621160614,9.59596314213962,0.13826406668139632,6.731853447550447,,6.032301066091483,0.058207970448036175,,,,,,,,,,,,,,,,,,,,,,,,,,,,
367,2012-12-26,1.6000384009216222,,23.49054505561511,0.07381418969176587,1.1978457941238478,,3.9442610180466375,0.024271634650700133,1.0038951130385898,,12.580907440198441,,14.1694511785119,0.012682757994037978,6.91690491561376,0.03783490623910808,3.9390152899443502,0.008079784744097145,4.100276358626571,,16.463660585173375,0.04052469680968108,10.875318103054514,,11.615269100895205,,8.270516789149081,0.02181168621160614,2.106430933640404,,9.857356833913157,,7.859931314740018,0.06763690734566623,,,,,,,,,,,,,,,,,,,,,,,,,,,,
368,2012-12-27,3.0667402684331093,,16.993160252998162,0.07381418969176587,0.7187074764743087,,7.724177827007999,0.04854326930140025,1.0038951130385898,,10.139835847324118,,10.47680632593001,0.012682757994037978,13.83380983122752,,3.0636785588456057,,4.100276358626571,,15.91487189900093,0.04052469680968108,10.875318103054514,,9.679390917412672,,6.498263191474277,0.02181168621160614,5.617149156374412,,12.502013545450833,,7.478707827291857,0.08812913020318221,,,,,,,,,,,,,,,,,,,,,,,,,,,,
369,2012-12-28,0.6666826670506759,,14.494166098145495,0.036907094845882935,0.9582766352990782,,2.300818927193872,0.024271634650700133,,,13.7075558676789,,10.39093086424206,0.02536551598807596,4.867451607283757,,3.774889652863336,0.040398923720485716,0.8200552717253142,,12.347745438880036,0.04052469680968108,10.875318103054514,,5.254526498024021,,7.236702190505446,0.04362337242321227,4.212861867280808,,,,5.729564767235591,0.08385467880958992,,,,,,,,,,,,,,,,,,,,,,,,,,,,
370,2012-12-29,1.0666922672810817,,12.994769605233893,0.036907094845882935,,,3.451228390790808,0.024271634650700133,0.5019475565192949,,8.07431373027661,,7.8146670136035326,0.012682757994037978,9.734903214567511,,2.6260101932962336,,,,6.859858577155572,0.04052469680968108,6.5251908618327095,,0.5531080524235812,,7.6797655899241475,0.04362337242321227,4.9150055118276095,,,,4.6083192159174695,0.06424249006251942,,,,,,,,,,,,,,,,,,,,,,,,,,,,
371,2012-12-30,1.8667114677418928,,12.994769605233893,0.036907094845882935,,,1.8077862999380423,0.04854326930140025,,,5.633242137402287,0.027732037901623617,8.58754616879509,0.012682757994037978,16.395626466640028,,3.9937238356380216,,2.8701934510386,,8.780618978759135,0.04052469680968108,9.425275689313912,,1.6593241572707436,,3.9875705947683073,0.04362337242321227,3.978813985765208,,,,5.000755158878811,0.05167057419901268,,,,,,,,,,,,,,,,,,,,,,,,,,,,
372,2012-12-31,0.6666826670506759,,18.74245616139504,0.036907094845882935,,,3.779916808961361,0.024271634650700133,1.5058426695578846,,4.31881897200842,,7.299414243475827,0.012682757994037978,13.065264840603767,,2.4071760105215474,,1.2300829075879711,,5.213492518638237,,5.800169654962407,,2.4889862359061152,,2.658380396512205,,2.8085745781872054,,,,4.238308183982491,0.056070744751240034,,,,,,,,,,,,,,,,,,,,,,,,,,,,
373,2013-01-01,1.2000288006912163,,16.493361422027633,0.07381418969176587,1.1978457941238478,,,,0.5019475565192949,,6.3843410890559245,0.11092815160649447,7.1276633200999235,0.02536551598807596,6.404541588531259,,2.790135830377248,0.008079784744097145,2.0501381793132856,,7.683041606414242,,3.625106034351505,,1.3827701310589529,,4.430633994187008,,7.021436445468013,,,,4.22709572846931,0.04752184196405546,,,,,,,,,,,,,,,,,,,,,,,,,,,,
374,2013-01-02,1.6000384009216222,,15.493763760086566,0.1107212845376488,0.9582766352990782,,5.587703108899404,0.024271634650700133,1.0038951130385898,,8.63763794401684,,9.4463007856746,0.012682757994037978,10.759629868732517,,3.282512741620292,0.01615956948819429,1.6401105434506285,,8.231830292586688,,5.800169654962407,,8.020066760141928,,4.578321793993243,0.04362337242321227,0.9361915260624016,,,,5.359553735300612,0.04739612280542039,,,,,,,,,,,,,,,,,,,,,,,,,,,,
375,2013-01-03,2.2667210679722984,,14.244266682660227,0.2214425690752976,0.9582766352990782,,6.573768363411063,0.024271634650700133,1.5058426695578846,,10.890934798977757,,8.759297092170993,0.012682757994037978,30.997981288491296,,2.8995529217645912,,2.0501381793132856,,11.250168066535142,0.04052469680968108,9.425275689313912,,4.977972471812231,,3.3968193955433734,,1.404287289093603,0.06913203334069816,,,6.2901875428946505,0.06009375782756219,,,,,,,,,,,,,,,,,,,,,,,,,,,,
376,2013-01-04,1.6000384009216222,,19.49215440785084,0.07381418969176587,0.7187074764743087,,2.1364747181085955,0.04854326930140025,2.00779022607718,,11.642033750631391,,11.249685481121569,0.012682757994037978,5.892178261448757,,2.0242161906658467,0.01615956948819429,4.510303994489229,,9.878196351104023,,10.875318103054514,,5.807634550447602,,3.8398827949620737,,1.404287289093603,,,,5.359553735300612,0.07052844799427277,,,,,,,,,,,,,,,,,,,,,,,,,,,,
377,2013-01-05,0.13333653341013518,,10.245876034895954,0.036907094845882935,1.9165532705981565,,1.9721305090233188,0.024271634650700133,,,10.890934798977757,,4.809025854525251,0.02536551598807596,7.941631569778763,,1.860090553584832,0.008079784744097145,1.2300829075879711,,8.506224635672911,0.04052469680968108,6.5251908618327095,,0.8296620786353718,,4.1352583945745405,,3.5107182227340066,0.03456601667034908,,,3.7001103193497937,0.06009375782756219,,,,,,,,,,,,,,,,,,,,,,,,,,,,
378,2013-01-06,0.9333557338709464,,9.496177788440152,0.036907094845882935,,,5.0946704816435755,0.024271634650700133,1.0038951130385898,,11.266484274804574,,4.293773084397545,0.012682757994037978,9.734903214567511,,1.9695076449721751,,1.2300829075879711,,7.957435949500465,0.04052469680968108,8.700254482443611,0.2141535737110698,2.4889862359061152,,3.2491315957371394,,3.744766104249607,,,,3.9579967961529614,0.04148732234957223,,,,,,,,,,,,,,,,,,,,,,,,,,,,
379,2013-01-07,1.0666922672810817,,20.99155090076244,0.036907094845882935,1.6769841117733868,,2.793851554449702,0.024271634650700133,0.5019475565192949,,15.960852722639814,,9.4463007856746,0.02536551598807596,11.015811532273764,,3.118387104539277,,3.280221086901257,,10.426985037276474,0.04052469680968108,7.975233275573308,,3.5952023407532776,,6.941326590892979,0.06543505863481841,2.3404788151560045,,,,6.043513521604662,0.04437886299817877,,,,,,,,,,,,,,,,,,,,,,,,,,,,
380,2013-01-08,0.9333557338709464,,10.995574281351757,0.036907094845882935,,,3.451228390790808,0.04854326930140025,1.0038951130385898,,11.078709536891164,0.055464075803247234,7.986417936979432,0.02536551598807596,14.602354821851273,0.07566981247821616,1.9147990992785042,,5.330359266214543,,9.32940766493158,0.04052469680968108,5.800169654962407,,5.531080524235811,,5.31676079302441,,3.0426224597028058,0.06913203334069816,,,4.9559053368260875,0.0677626265043013,,,,,,,,,,,,,,,,,,,,,,,,,,,,
381,2013-01-09,1.0666922672810817,,17.74285849945397,0.07381418969176587,,,4.272949436217191,0.024271634650700133,2.00779022607718,,7.698764254449793,,9.360425323986648,0.03804827398211393,6.148359924990009,0.11350471871732425,2.6260101932962336,0.03231913897638858,1.6401105434506285,,10.152590694190248,0.04052469680968108,7.975233275573308,,3.8717563669650685,,3.9875705947683073,,1.8723830521248035,,,,4.843780781694276,0.05556786811669977,,,,,,,,,,,,,,,,,,,,,,,,,,,,
382,2013-01-10,2.133384534562163,,13.494568436204426,0.1107212845376488,,,1.150409463596936,0.04854326930140025,0.5019475565192949,,10.515385323150936,,5.410154086340908,0.02536551598807596,20.75071474684128,,2.680718738989905,0.008079784744097145,3.280221086901257,,8.780618978759135,0.04052469680968108,5.800169654962407,,1.9358781834825345,0.04084365565877481,5.612136392636877,0.02181168621160614,2.3404788151560045,,,,4.821355870667913,0.0543106765303491,,,,,,,,,,,,,,,,,,,,,,,,,,,,
383,2013-01-11,1.3333653341013518,,11.995171943292826,0.07381418969176587,,,1.3147536726822129,,,,12.017583226458216,,7.900542475291482,0.03804827398211393,6.404541588531259,,3.6654725614759927,,3.690248722763914,,13.1709284681387,0.04052469680968108,4.350127241221807,,5.254526498024021,,4.430633994187008,0.02181168621160614,4.212861867280808,0.03456601667034908,,,4.97833024785245,0.05405923821307896,,,,,,,,,,,,,,,,,,,,,,,,,,,,
384,2013-01-12,1.0666922672810817,,12.744870189748626,0.036907094845882935,,,2.9581957635349783,0.04854326930140025,,,9.764286371497297,,6.268908703220418,0.012682757994037978,9.734903214567511,,2.6260101932962336,,2.8701934510386,,10.975773723448915,0.08104939361936216,5.800169654962407,,3.8717563669650685,,4.873697393605709,0.02181168621160614,4.212861867280808,,,,4.574681849377926,0.05581930643396992,,,,,,,,,,,,,,,,,,,,,,,,,,,,
385,2013-01-13,0.6666826670506759,,12.494970774263358,0.036907094845882935,1.437414952948617,,2.4651631362791484,0.07281490395210037,0.5019475565192949,,8.63763794401684,,6.440659626596317,0.012682757994037978,11.784356522897514,0.03783490623910808,2.8995529217645912,,1.2300829075879711,,7.408647263328017,0.04052469680968108,10.875318103054514,,,,4.578321793993243,,7.957627971530415,0.10369805001104723,,,4.563469393864746,0.05129341672310748,,,,,,,,,,,,,,,,,,,,,,,,,,,,
386,2013-01-14,1.8667114677418928,,15.993562591057096,0.036907094845882935,,,2.6295073453644253,,1.0038951130385898,,13.519781129765489,,8.244044322043287,0.012682757994037978,13.83380983122752,,4.26726656410638,0.008079784744097145,4.510303994489229,0.12111215880061472,6.585464234069352,0.08104939361936216,5.075148448092107,,8.020066760141928,,7.089014390699212,0.02181168621160614,3.276670341218406,,7.2127001223754785,,6.267762631868288,0.05116769756447241,,,,,,,,,,,,,,,,,,,,,,,,,,,,
387,2013-01-15,1.2000288006912163,,11.495373112322287,0.14762837938353174,,,4.601637854387744,,,,10.139835847324118,,7.213538781787876,0.012682757994037978,12.809083177062519,0.03783490623910808,3.5560554700886486,0.03231913897638858,5.7403869020772005,,7.408647263328017,0.04052469680968108,7.25021206870301,,1.9358781834825345,,6.350575391668045,,4.212861867280808,0.03456601667034908,10.578626846150703,,5.5950153010774155,0.07027700967700265,,,,,,,,,,,,,,,,,,,,,,,,,,,,
388,2013-01-16,1.0666922672810817,,14.244266682660227,0.036907094845882935,,,1.9721305090233188,0.04854326930140025,2.00779022607718,,11.078709536891164,,6.011282318156563,0.03804827398211393,9.478721551026263,,2.8995529217645912,,2.0501381793132856,,9.055013321845355,0.08104939361936216,7.25021206870301,,4.977972471812231,,6.055199792055577,0.02181168621160614,2.3404788151560045,0.03456601667034908,10.338203508738188,,5.157729536063349,0.0627338601588986,,,,,,,,,,,,,,,,,,,,,,,,,,,,
389,2013-01-17,1.6000384009216222,,8.246680711013816,0.036907094845882935,,,2.300818927193872,0.07281490395210037,0.5019475565192949,,10.139835847324118,,6.011282318156563,0.012682757994037978,7.941631569778763,,2.790135830377248,,2.8701934510386,,5.4878868617244585,0.04052469680968108,7.25021206870301,,5.531080524235811,,3.2491315957371394,,4.680957630312009,,10.338203508738188,,4.574681849377926,0.057830812972130975,,,,,,,,,,,,,,,,,,,,,,,,,,,,
390,2013-01-18,0.8000192004608111,,12.744870189748626,0.07381418969176587,,,4.765982063473022,0.024271634650700133,0.5019475565192949,,11.642033750631391,,7.986417936979432,0.05073103197615191,6.6607232520725095,,2.8448443760709194,,4.920331630351885,,5.213492518638237,,5.800169654962407,,4.14831039317686,,5.759824192443111,0.04362337242321227,4.680957630312009,0.10369805001104723,9.136086821675606,,5.281066546708343,0.05129341672310748,,,,,,,,,,,,,,,,,,,,,,,,,,,,
391,2013-01-19,0.9333557338709464,,6.4973848026169465,0.036907094845882935,,,3.286884181705532,0.024271634650700133,1.0038951130385898,,6.008791613229108,,5.753655933092711,0.02536551598807596,6.91690491561376,,1.7506734621974889,0.008079784744097145,,,4.390309489379567,,6.5251908618327095,,0.5531080524235812,,1.9199413974810369,,3.978813985765208,,6.010583435312897,,3.3076743763884524,0.05921372371711672,,,,,,,,,,,,,,,,,,,,,,,,,,,,
392,2013-01-20,1.3333653341013518,,12.744870189748626,0.036907094845882935,0.9582766352990782,,2.4651631362791484,0.024271634650700133,0.5019475565192949,,11.642033750631391,0.027732037901623617,6.6124105499722186,0.02536551598807596,10.503448205191264,,2.571301647602562,0.008079784744097145,0.8200552717253142,,12.073351095793807,0.08104939361936216,5.075148448092107,,1.1062161048471624,,2.658380396512205,,5.14905339334321,0.03456601667034908,11.540320195800767,,5.079242347471081,0.03708715179734487,,,,,,,,,,,,,,,,,,,,,,,,,,,,
393,2013-01-21,1.3333653341013518,,12.994769605233893,0.07381418969176587,,,5.75204731798468,0.024271634650700133,1.0038951130385898,,13.332006391852081,,6.011282318156563,0.02536551598807596,4.6112699437425055,,3.0636785588456057,,3.690248722763914,,7.957435949500465,0.04052469680968108,4.350127241221807,,3.5952023407532776,,4.578321793993243,0.02181168621160614,6.787388563952413,0.03456601667034908,12.021166870625795,,5.393191101840153,0.05695077886168552,,,,,,,,,,,,,,,,,,,,,,,,,,,,
394,2013-01-22,1.8667114677418928,,10.995574281351757,0.1107212845376488,,,3.9442610180466375,0.07281490395210037,,,7.323214778622973,,7.041787858411974,0.02536551598807596,15.114718148933775,,3.774889652863336,,1.2300829075879711,,3.841520803207121,0.04052469680968108,3.625106034351505,,4.70141844560044,,5.759824192443111,,5.851197037890012,,11.780743533213284,,5.415616012866516,0.06047091530346739,,,,,,,,,,,,,,,,,,,,,,,,,,,,
395,2013-01-23,1.3333653341013518,,12.994769605233893,0.036907094845882935,,,5.0946704816435755,0.024271634650700133,1.0038951130385898,,9.952061109410707,,7.385289705163776,0.012682757994037978,5.892178261448757,,2.0242161906658467,,,,9.603802008017805,0.04052469680968108,10.875318103054514,,3.8717563669650685,0.08168731131754962,4.430633994187008,0.02181168621160614,7.021436445468013,0.03456601667034908,7.2127001223754785,,5.023180069905175,0.060722353620737524,,,,,,,,,,,,,,,,,,,,,,,,,,,,
396,2013-01-24,1.0666922672810817,,12.494970774263358,0.1107212845376488,,,4.272949436217191,,,,12.205357964371624,,7.041787858411974,0.02536551598807596,5.892178261448757,,1.9147990992785042,,,,7.408647263328017,0.04052469680968108,4.350127241221807,,5.807634550447602,,3.2491315957371394,0.04362337242321227,5.851197037890012,0.03456601667034908,11.780743533213284,,4.922267970286544,0.056322183068510175,,,,,,,,,,,,,,,,,,,,,,,,,,,,
397,2013-01-25,0.8000192004608111,,9.995976619410687,0.036907094845882935,,,2.4651631362791484,0.0970865386028005,,,12.205357964371624,,7.299414243475827,0.012682757994037978,12.552901513521268,,2.4618845562152187,,2.0501381793132856,,10.152590694190248,0.1215740904290432,5.800169654962407,0.1070767868555349,4.70141844560044,0.04084365565877481,3.69219499515584,,5.3831012748588085,0.03456601667034908,11.299896858388252,,5.236216724655618,0.05519071064079457,,,,,,,,,,,,,,,,,,,,,,,,,,,,
398,2013-01-26,1.0666922672810817,,12.744870189748626,0.07381418969176587,0.7187074764743087,,1.4790978817674891,0.04854326930140025,2.00779022607718,,12.393132702285031,,8.845172553858943,0.08877930595826583,10.247266541650015,,2.790135830377248,0.008079784744097145,4.510303994489229,,8.231830292586688,,10.875318103054514,,2.2124322096943247,,5.759824192443111,0.02181168621160614,5.3831012748588085,,9.616933496500641,,5.617440212103778,0.05871084708257645,,,,,,,,,,,,,,,,,,,,,,,,,,,,
399,2013-01-27,0.9333557338709464,,11.495373112322287,0.036907094845882935,2.635260747072465,,3.6155725998760846,,0.5019475565192949,,10.890934798977757,,6.6124105499722186,0.03804827398211393,19.725988092676282,,2.352467464827876,0.01615956948819429,,,6.0366755478969045,,8.700254482443611,,2.2124322096943247,,5.759824192443111,,7.723580090014813,0.03456601667034908,6.010583435312897,,5.393191101840153,0.06298529847616874,,,,,,,,,,,,,,,,,,,,,,,,,,,,
400,2013-01-28,1.6000384009216222,,16.243462006542366,0.07381418969176587,0.7187074764743087,,3.286884181705532,0.04854326930140025,1.5058426695578846,,8.07431373027661,,7.299414243475827,0.02536551598807596,6.91690491561376,,1.6959649165038175,0.008079784744097145,5.7403869020772005,0.12111215880061472,13.445322811224926,0.1620987872387243,7.975233275573308,,3.5952023407532776,,3.69219499515584,0.04362337242321227,6.319292800921213,,13.463706895100891,,5.426828468379698,0.06047091530346739,,,,,,,,,,,,,,,,,,,,,,,,,,,,
401,2013-01-29,1.3333653341013518,,15.74366317557183,0.07381418969176587,0.9582766352990782,,5.0946704816435755,0.04854326930140025,1.0038951130385898,,10.327610585237526,,8.415795245419188,0.02536551598807596,16.651808130181273,,2.4071760105215474,0.02423935423229144,3.280221086901257,,8.506224635672911,,5.075148448092107,,6.084188576659392,,4.282946194380775,0.02181168621160614,6.787388563952413,0.03456601667034908,9.616933496500641,,6.032301066091483,0.0608480727793726,,,,,,,,,,,,,,,,,,,,,,,,,,,,
402,2013-01-30,1.466701867511487,,14.744065513630762,0.036907094845882935,0.7187074764743087,,6.0807357361552326,0.04854326930140025,1.0038951130385898,0.07413153024044976,12.393132702285031,,7.385289705163776,0.02536551598807596,5.892178261448757,0.03783490623910808,2.2977589191342043,0.008079784744097145,3.690248722763914,0.12111215880061472,9.878196351104023,0.04052469680968108,3.625106034351505,,5.807634550447602,,6.202887591861813,0.02181168621160614,5.14905339334321,,10.09778017132567,,5.673502489669684,0.06763690734566623,,,,,,,,,,,,,,,,,,,,,,,,,,,,
403,2013-01-31,,,11.245473696837022,0.07381418969176587,0.2395691588247696,,4.601637854387744,0.024271634650700133,2.00779022607718,,11.642033750631391,,7.385289705163776,0.02536551598807596,14.34617315831002,,3.282512741620292,0.04847870846458287,4.510303994489229,,10.426985037276474,0.1215740904290432,10.150296896184214,,5.807634550447602,,6.498263191474277,0.06543505863481841,6.553340682436812,0.06913203334069816,9.857356833913157,,6.043513521604662,0.06361389426934408,,,,,,,,,,,,,,,,,,,,,,,,,,,,
404,2013-02-01,1.7333749343317573,,13.994367267174963,0.07381418969176587,1.6769841117733868,,1.4790978817674891,0.04854326930140025,1.5058426695578846,,9.952061109410707,,8.158168860355335,0.02536551598807596,10.759629868732517,,2.790135830377248,0.040398923720485716,3.280221086901257,,9.32940766493158,0.08104939361936216,4.350127241221807,,7.190404681506555,0.08168731131754962,4.282946194380775,0.02181168621160614,9.59596314213962,0.03456601667034908,3.8467733986002566,,5.482890745945604,0.0677626265043013,,,,,,,,,,,,,,,,,,,,,,,,,,,,
405,2013-02-02,1.7333749343317573,,9.496177788440152,0.036907094845882935,0.9582766352990782,,3.6155725998760846,0.024271634650700133,0.5019475565192949,,11.829808488544804,,6.440659626596317,0.05073103197615191,13.065264840603767,,2.4618845562152187,0.008079784744097145,2.4601658151759427,,6.0366755478969045,,5.075148448092107,,1.6593241572707436,,4.873697393605709,0.04362337242321227,7.489532208499213,0.03456601667034908,14.665823582163474,,5.370766190813792,0.06147666857254794,,,,,,,,,,,,,,,,,,,,,,,,,,,,
406,2013-02-03,,,14.494166098145495,0.036907094845882935,0.4791383176495391,,3.1225399726202547,0.16990144255490086,,,11.266484274804574,,6.698286011660169,0.02536551598807596,8.966358223943761,,2.7354272846835763,,2.0501381793132856,,6.0366755478969045,0.04052469680968108,10.150296896184214,,1.9358781834825345,,3.9875705947683073,,7.957627971530415,0.06913203334069816,11.780743533213284,,5.157729536063349,0.060219476986197264,,,,,,,,,,,,,,,,,,,,,,,,,,,,
407,2013-02-04,1.6000384009216222,,14.744065513630762,0.07381418969176587,0.9582766352990782,,1.8077862999380423,0.07281490395210037,0.5019475565192949,,16.711951674293452,,4.7231503928373,0.02536551598807596,8.710176560402513,,3.391929833007635,,2.4601658151759427,,5.213492518638237,0.08104939361936216,9.425275689313912,,2.7655402621179057,,7.827453389730381,,9.127867379108418,0.03456601667034908,3.125503386362708,,5.3819786463269725,0.057830812972130975,,,,,,,,,,,,,,,,,,,,,,,,,,,,
408,2013-02-05,1.2000288006912163,,15.243864344601295,0.036907094845882935,1.437414952948617,,1.8077862999380423,0.04854326930140025,0.5019475565192949,,13.332006391852081,,7.64291609022763,0.03804827398211393,9.734903214567511,,2.8448443760709194,,2.8701934510386,,16.463660585173375,0.04052469680968108,3.625106034351505,,3.5952023407532776,,3.8398827949620737,0.04362337242321227,6.787388563952413,0.03456601667034908,12.502013545450833,,5.942601421986033,0.060345196144832323,,,,,,,,,,,,,,,,,,,,,,,,,,,,
409,2013-02-06,1.6000384009216222,,10.745674865866489,0.07381418969176587,0.4791383176495391,,3.9442610180466375,0.04854326930140025,1.0038951130385898,,10.139835847324118,,9.6180517090505,0.012682757994037978,19.469806429135023,0.03783490623910808,3.22780419592662,,3.690248722763914,,8.506224635672911,0.1215740904290432,7.25021206870301,,5.254526498024021,,5.907511992249344,,7.489532208499213,0.03456601667034908,9.376510159088124,,6.323824909434192,0.0666311540765857,,,,,,,,,,,,,,,,,,,,,,,,,,,,
410,2013-02-07,0.6666826670506759,,15.243864344601295,0.07381418969176587,0.7187074764743087,,1.4790978817674891,,,,10.327610585237526,0.027732037901623617,8.931048015546894,0.02536551598807596,17.164171457263773,,4.704934929655751,,4.100276358626571,,10.426985037276474,0.04052469680968108,8.700254482443611,,4.4248644193886495,0.12253096697632446,6.645950991280513,0.02181168621160614,6.319292800921213,,9.376510159088124,,6.469586831105549,0.07090560547017798,,,,,,,,,,,,,,,,,,,,,,,,,,,,
411,2013-02-08,,,15.243864344601295,0.036907094845882935,1.9165532705981565,,2.300818927193872,0.04854326930140025,1.5058426695578846,,10.890934798977757,0.055464075803247234,7.385289705163776,0.02536551598807596,8.453994896861262,,1.641256370810146,,3.280221086901257,,7.957435949500465,0.04052469680968108,5.800169654962407,,2.2124322096943247,,5.021385193411943,0.02181168621160614,6.553340682436812,0.03456601667034908,12.502013545450833,,5.157729536063349,0.07253995453243386,,,,,,,,,,,,,,,,,,,,,,,,,,,,
412,2013-02-09,1.0666922672810817,,12.494970774263358,0.07381418969176587,0.4791383176495391,,3.286884181705532,0.04854326930140025,,,8.82541268193025,,5.152527701277054,0.012682757994037978,14.858536485392525,,1.8053820078911604,,1.2300829075879711,,10.701379380362694,0.04052469680968108,6.5251908618327095,0.2141535737110698,2.4889862359061152,,5.169072993218176,,8.659771616077219,,7.693546797200511,,4.9559053368260875,0.057830812972130975,,,,,,,,,,,,,,,,,,,,,,,,,,,,
413,2013-02-10,0.4000096002304056,,11.745272527807556,0.1107212845376488,0.2395691588247696,,0.8217210454263828,0.04854326930140025,0.5019475565192949,,11.642033750631391,,6.183033241532465,0.012682757994037978,8.197813233320014,,1.3130050966481168,,,,14.268505840483591,0.04052469680968108,5.800169654962407,,2.2124322096943247,,4.430633994187008,,7.489532208499213,,6.972276784962963,,4.552256938351563,0.05556786811669977,,,,,,,,,,,,,,,,,,,,,,,,,,,,
414,2013-02-11,0.5333461336405407,,17.4929590839687,0.1107212845376488,1.1978457941238478,,2.300818927193872,0.0970865386028005,0.5019475565192949,,13.7075558676789,,7.64291609022763,0.012682757994037978,11.528174859356264,,3.5013469243949777,,5.330359266214543,,11.524562409621366,0.08104939361936216,6.5251908618327095,,1.9358781834825345,,9.00895578818025,,8.659771616077219,,11.299896858388252,,6.514436653158274,0.05104197840583734,,,,,,,,,,,,,,,,,,,,,,,,,,,,
415,2013-02-12,1.3333653341013518,,9.995976619410687,0.036907094845882935,1.437414952948617,,5.259014690728852,0.04854326930140025,0.5019475565192949,,9.388736895670478,,7.55704062853968,0.012682757994037978,10.247266541650015,,3.0089700131519344,,2.0501381793132856,,8.506224635672911,0.04052469680968108,7.25021206870301,,3.0420942883296966,,4.282946194380775,,7.957627971530415,0.03456601667034908,12.982860220275862,,5.561377934537872,0.07304283116697413,,,,,,,,,,,,,,,,,,,,,,,,,,,,
416,2013-02-13,1.466701867511487,,13.494568436204426,0.07381418969176587,0.4791383176495391,,0.8217210454263828,,1.5058426695578846,,10.515385323150936,,7.385289705163776,0.02536551598807596,13.57762816768627,,2.4071760105215474,,3.690248722763914,,12.347745438880036,0.04052469680968108,5.800169654962407,,3.0420942883296966,0.04084365565877481,2.806068196318438,0.02181168621160614,6.319292800921213,0.03456601667034908,6.972276784962963,,5.180154447089712,0.06235670268299341,,,,,,,,,,,,,,,,,,,,,,,,,,,,
417,2013-02-14,0.4000096002304056,,12.744870189748626,0.036907094845882935,0.7187074764743087,,4.272949436217191,,,,8.63763794401684,,5.8395313947806615,0.03804827398211393,7.685449906237513,,2.2977589191342043,,2.0501381793132856,,13.1709284681387,0.04052469680968108,13.050381723665414,,2.4889862359061152,,4.578321793993243,,6.787388563952413,,10.09778017132567,,5.056817436444717,0.05808225128940112,,,,,,,,,,,,,,,,,,,,,,,,,,,,
418,2013-02-15,,,13.494568436204426,0.036907094845882935,0.4791383176495391,,3.6155725998760846,0.04854326930140025,0.5019475565192949,,11.078709536891164,0.027732037901623617,7.55704062853968,0.07609654796422786,8.710176560402513,,2.571301647602562,,3.690248722763914,0.12111215880061472,7.134252920241798,0.04052469680968108,5.800169654962407,,1.1062161048471624,,4.578321793993243,0.08724674484642454,7.255484326983613,0.03456601667034908,5.529736760487868,,4.922267970286544,0.056699340544415375,,,,,,,,,,,,,,,,,,,,,,,,,,,,
419,2013-02-16,0.5333461336405407,,7.496982464558015,0.18453547422941466,0.9582766352990782,,0.9860652545116594,0.07281490395210037,,,13.14423165393867,,5.925406856468612,0.02536551598807596,9.991084878108763,,2.680718738989905,0.008079784744097145,3.280221086901257,,10.152590694190248,0.04052469680968108,9.425275689313912,,2.2124322096943247,,3.69219499515584,0.04362337242321227,7.723580090014813,0.03456601667034908,7.2127001223754785,,4.765293593102007,0.05519071064079457,,,,,,,,,,,,,,,,,,,,,,,,,,,,
420,2013-02-17,1.0666922672810817,,14.494166098145495,0.036907094845882935,1.437414952948617,,,,0.5019475565192949,,12.017583226458216,,6.784161473348122,0.012682757994037978,2.0494533083300035,,3.0089700131519344,,2.4601658151759427,,7.683041606414242,0.08104939361936216,2.9000848274812037,,3.5952023407532776,,5.169072993218176,,4.9150055118276095,0.03456601667034908,3.8467733986002566,,4.50740711629884,0.05343064241990362,,,,,,,,,,,,,,,,,,,,,,,,,,,,
421,2013-02-18,0.8000192004608111,,12.245071358778093,0.036907094845882935,1.1978457941238478,,3.1225399726202547,0.024271634650700133,0.5019475565192949,,14.083105343505714,,7.385289705163776,0.012682757994037978,14.858536485392525,,2.078924736359518,,1.6401105434506285,,8.506224635672911,,10.150296896184214,0.2141535737110698,3.0420942883296966,,7.3843899903116785,0.02181168621160614,14.042872890936026,0.03456601667034908,12.502013545450833,,6.267762631868288,0.05053910177129707,,,,,,,,,,,,,,,,,,,,,,,,,,,,
422,2013-02-19,1.2000288006912163,,17.243059668483433,0.036907094845882935,0.2395691588247696,,1.9721305090233188,0.04854326930140025,1.0038951130385898,,10.515385323150936,,6.955912396724023,0.012682757994037978,11.015811532273764,,2.5165931019088905,,2.4601658151759427,,5.762281204810683,,3.625106034351505,,5.807634550447602,,4.873697393605709,0.04362337242321227,3.0426224597028058,,10.09778017132567,,5.157729536063349,0.07027700967700265,,,,,,,,,,,,,,,,,,,,,,,,,,,,
423,2013-02-20,2.133384534562163,,10.49577545038122,0.036907094845882935,0.9582766352990782,,1.9721305090233188,0.04854326930140025,0.5019475565192949,,10.139835847324118,,6.6124105499722186,0.012682757994037978,26.130529681207534,,2.7354272846835763,,3.280221086901257,,5.4878868617244585,,5.800169654962407,0.1070767868555349,3.318648314541487,,6.350575391668045,,5.851197037890012,0.03456601667034908,1.6829633618876116,,5.393191101840153,0.057830812972130975,,,,,,,,,,,,,,,,,,,,,,,,,,,,
424,2013-02-21,0.4000096002304056,,9.246278372954883,0.036907094845882935,0.4791383176495391,,2.4651631362791484,0.024271634650700133,0.5019475565192949,,9.576511633583886,,6.698286011660169,0.02536551598807596,7.941631569778763,,3.118387104539277,0.008079784744097145,2.4601658151759427,,3.841520803207121,,5.075148448092107,,4.4248644193886495,0.08168731131754962,5.31676079302441,0.02181168621160614,6.319292800921213,0.03456601667034908,6.010583435312897,,4.552256938351563,0.06047091530346739,,,,,,,,,,,,,,,,,,,,,,,,,,,,
425,2013-02-22,0.8000192004608111,,10.49577545038122,0.036907094845882935,0.9582766352990782,,2.793851554449702,0.024271634650700133,,,12.95645691602526,,8.329919783731238,0.03804827398211393,11.528174859356264,,2.2977589191342043,,1.6401105434506285,,3.0183377739484523,0.04052469680968108,4.350127241221807,,1.3827701310589529,,6.498263191474277,0.06543505863481841,4.9150055118276095,,3.3659267237752233,,4.78771850412837,0.05104197840583734,,,,,,,,,,,,,,,,,,,,,,,,,,,,
426,2013-02-23,0.6666826670506759,,14.744065513630762,0.036907094845882935,1.437414952948617,,2.300818927193872,,,,8.63763794401684,,7.728791551915581,0.02536551598807596,13.321446504145019,,1.860090553584832,,1.2300829075879711,,5.762281204810683,,8.700254482443611,,1.6593241572707436,,4.726009593799477,,6.553340682436812,,3.60635006118774,,4.7428686820756445,0.05368208073717376,,,,,,,,,,,,,,,,,,,,,,,,,,,,
427,2013-02-24,0.4000096002304056,,14.744065513630762,0.1107212845376488,0.7187074764743087,,0.6573768363411063,0.024271634650700133,0.5019475565192949,,6.572115826969335,,7.64291609022763,0.012682757994037978,15.370899812475026,,1.4771307337291313,0.008079784744097145,,,2.195154744689784,,4.350127241221807,,2.2124322096943247,,4.873697393605709,,5.851197037890012,0.03456601667034908,2.8850800489501918,0.035507593724526214,4.182245906416584,0.053179204102633486,,,,,,,,,,,,,,,,,,,,,,,,,,,,
428,2013-02-25,1.0666922672810817,,20.491752069791907,0.07381418969176587,0.2395691588247696,,1.4790978817674891,0.024271634650700133,,,10.327610585237526,,7.471165166851728,0.012682757994037978,12.809083177062519,,2.4071760105215474,,,,7.408647263328017,0.04052469680968108,6.5251908618327095,,4.14831039317686,,4.726009593799477,0.02181168621160614,7.489532208499213,0.03456601667034908,3.3659267237752233,,5.213791813629254,0.04689324617088012,,,,,,,,,,,,,,,,,,,,,,,,,,,,
429,2013-02-26,1.466701867511487,,11.995171943292826,0.036907094845882935,0.7187074764743087,,1.4790978817674891,,0.5019475565192949,,9.200962157757068,,5.753655933092711,0.012682757994037978,12.296719849980018,,2.680718738989905,0.03231913897638858,,,14.268505840483591,,7.975233275573308,,3.8717563669650685,,5.612136392636877,0.02181168621160614,5.617149156374412,0.03456601667034908,6.731853447550447,,5.0680298919579005,0.05845940876530632,,,,,,,,,,,,,,,,,,,,,,,,,,,,
430,2013-02-27,0.5333461336405407,,12.245071358778093,0.1107212845376488,0.9582766352990782,,1.6434420908527656,0.04854326930140025,1.0038951130385898,,12.017583226458216,,7.728791551915581,0.05073103197615191,7.941631569778763,0.11350471871732425,1.3677136423417882,,4.100276358626571,,9.32940766493158,0.08104939361936216,10.150296896184214,,3.5952023407532776,,7.5320777901179135,0.06543505863481841,5.617149156374412,,7.693546797200511,,5.124092169523807,0.056825059703050435,,,,,,,,,,,,,,,,,,,,,,,,,,,,
431,2013-02-28,1.3333653341013518,,14.744065513630762,0.036907094845882935,,,1.3147536726822129,0.07281490395210037,2.00779022607718,,8.262088468190019,,7.728791551915581,,9.222539887485011,,2.4618845562152187,0.01615956948819429,3.690248722763914,,9.32940766493158,0.04052469680968108,3.625106034351505,,4.4248644193886495,,4.430633994187008,0.02181168621160614,4.9150055118276095,,9.616933496500641,,5.056817436444717,0.057453655496225775,,,,,,,,,,,,,,,,,,,,,,,,,,,,
432,2013-03-01,0.4000096002304056,,10.995574281351757,0.036907094845882935,1.1978457941238478,,2.793851554449702,0.14562980790420074,,,11.266484274804574,0.027732037901623617,5.925406856468612,0.012682757994037978,3.0741799624950046,,2.2430503734405334,,4.100276358626571,,7.683041606414242,0.04052469680968108,0.7250212068703009,,3.8717563669650685,0.12253096697632446,4.430633994187008,0.02181168621160614,8.191675853046016,,12.982860220275862,,4.7428686820756445,0.056699340544415375,,,,,,,,,,,,,,,,,,,,,,,,,,,,
433,2013-03-02,0.5333461336405407,,10.49577545038122,0.036907094845882935,0.2395691588247696,,1.4790978817674891,0.04854326930140025,,,8.07431373027661,,5.6677804714047575,0.012682757994037978,7.429268242696263,,1.860090553584832,0.008079784744097145,,,5.4878868617244585,0.04052469680968108,2.1750636206109037,,2.7655402621179057,,3.5445071953496066,0.02181168621160614,7.255484326983613,0.06913203334069816,4.3276200734252885,,3.744960141402519,0.053179204102633486,,,,,,,,,,,,,,,,,,,,,,,,,,,,
434,2013-03-03,0.9333557338709464,,11.245473696837022,0.036907094845882935,1.437414952948617,,4.272949436217191,0.024271634650700133,1.0038951130385898,,8.82541268193025,,5.753655933092711,0.02536551598807596,4.6112699437425055,,2.790135830377248,,1.2300829075879711,,10.152590694190248,0.08104939361936216,4.350127241221807,,2.4889862359061152,,3.1014437959309067,,4.4469097487964095,0.03456601667034908,1.20211668706258,,4.1373960843638615,0.0419901989841125,,,,,,,,,,,,,,,,,,,,,,,,,,,,
435,2013-03-04,0.8000192004608111,,13.744467851689693,0.036907094845882935,0.2395691588247696,,2.300818927193872,0.024271634650700133,1.0038951130385898,,6.7598905648827445,,6.268908703220418,0.012682757994037978,13.83380983122752,,3.22780419592662,,0.4100276358626571,,3.841520803207121,0.04052469680968108,7.25021206870301,,3.0420942883296966,0.04084365565877481,5.612136392636877,,9.59596314213962,0.06913203334069816,6.010583435312897,,4.933480425799727,0.046390369536339855,,,,,,,,,,,,,,,,,,,,,,,,,,,,
436,2013-03-05,1.0666922672810817,,11.495373112322287,0.036907094845882935,0.7187074764743087,,1.4790978817674891,0.024271634650700133,0.5019475565192949,,10.515385323150936,,6.870036935036072,0.012682757994037978,9.478721551026263,,2.8448443760709194,,3.280221086901257,,6.311069890983127,0.04052469680968108,5.800169654962407,,4.14831039317686,0.04084365565877481,4.873697393605709,,7.489532208499213,0.03456601667034908,7.933970134613028,,4.97833024785245,0.055316429799429634,,,,,,,,,,,,,,,,,,,,,,,,,,,,
437,2013-03-06,0.9333557338709464,,10.49577545038122,0.036907094845882935,0.7187074764743087,,3.779916808961361,0.024271634650700133,1.0038951130385898,,11.078709536891164,,6.440659626596317,0.02536551598807596,7.941631569778763,,2.4618845562152187,,1.6401105434506285,,6.859858577155572,0.08104939361936216,2.9000848274812037,,2.7655402621179057,,3.2491315957371394,,5.851197037890012,0.06913203334069816,4.087196736012772,,4.417707472193389,0.05581930643396992,,,,,,,,,,,,,,,,,,,,,,,,,,,,
438,2013-03-07,0.2666730668202704,,10.745674865866489,0.1107212845376488,0.4791383176495391,,4.601637854387744,,0.5019475565192949,,11.078709536891164,,5.496029548028859,0.03804827398211393,4.867451607283757,,1.9147990992785042,,1.6401105434506285,,6.585464234069352,0.04052469680968108,5.075148448092107,,4.4248644193886495,,4.726009593799477,,6.319292800921213,0.03456601667034908,10.81905018356322,,4.574681849377926,0.04953334850221654,,,,,,,,,,,,,,,,,,,,,,,,,,,,
439,2013-03-08,0.6666826670506759,,10.745674865866489,0.07381418969176587,0.9582766352990782,,1.9721305090233188,0.04854326930140025,0.5019475565192949,,9.01318741984366,,5.581905009716809,0.012682757994037978,7.685449906237513,,2.5165931019088905,,2.0501381793132856,,6.585464234069352,0.04052469680968108,2.1750636206109037,,4.4248644193886495,,2.658380396512205,,6.787388563952413,0.06913203334069816,8.174393472025544,,4.2943704615483975,0.05129341672310748,,,,,,,,,,,,,,,,,,,,,,,,,,,,
440,2013-03-09,0.13333653341013518,,10.995574281351757,0.036907094845882935,1.1978457941238478,,1.3147536726822129,0.07281490395210037,1.0038951130385898,,8.82541268193025,,5.6677804714047575,0.03804827398211393,9.991084878108763,,3.22780419592662,0.008079784744097145,3.280221086901257,,10.152590694190248,0.04052469680968108,4.350127241221807,,1.3827701310589529,,2.953755996124672,,7.723580090014813,0.03456601667034908,3.8467733986002566,,4.440132383219753,0.0481504377572308,,,,,,,,,,,,,,,,,,,,,,,,,,,,
441,2013-03-10,0.4000096002304056,,13.494568436204426,0.036907094845882935,0.7187074764743087,,5.0946704816435755,0.04854326930140025,1.0038951130385898,,10.139835847324118,0.027732037901623617,6.698286011660169,0.012682757994037978,14.858536485392525,,3.8843067442506793,0.01615956948819429,2.0501381793132856,,9.055013321845355,0.08104939361936216,5.800169654962407,,0.8296620786353718,,3.1014437959309067,,12.404537720326823,0.03456601667034908,6.251006772725416,,5.639865123130139,0.04978478681948667,,,,,,,,,,,,,,,,,,,,,,,,,,,,
442,2013-03-11,0.2666730668202704,,14.244266682660227,0.036907094845882935,0.4791383176495391,,2.300818927193872,0.024271634650700133,,,7.698764254449793,,8.759297092170993,0.02536551598807596,12.552901513521268,,2.7354272846835763,,0.8200552717253142,,6.311069890983127,0.04052469680968108,7.25021206870301,0.1070767868555349,2.2124322096943247,,5.907511992249344,0.02181168621160614,4.680957630312009,0.03456601667034908,11.299896858388252,,5.236216724655618,0.06323673679343887,,,,,,,,,,,,,,,,,,,,,,,,,,,,
443,2013-03-12,1.2000288006912163,,11.995171943292826,0.036907094845882935,0.4791383176495391,,3.1225399726202547,0.024271634650700133,1.0038951130385898,,11.829808488544804,,4.894901316213201,0.012682757994037978,17.932716447887522,0.03783490623910808,3.610764015782321,,3.280221086901257,,10.426985037276474,0.04052469680968108,8.700254482443611,,1.6593241572707436,,4.578321793993243,,6.787388563952413,,6.251006772725416,,5.44925337940606,0.05871084708257645,,,,,,,,,,,,,,,,,,,,,,,,,,,,
444,2013-03-13,0.8000192004608111,,10.995574281351757,0.1107212845376488,0.4791383176495391,,2.1364747181085955,0.024271634650700133,0.5019475565192949,,11.642033750631391,,6.955912396724023,0.02536551598807596,3.8427249531187564,,3.5013469243949777,,2.0501381793132856,,9.055013321845355,,2.9000848274812037,,3.318648314541487,,6.793638791086748,0.02181168621160614,4.680957630312009,,8.895663484263087,,4.989542703365632,0.061099511096642724,,,,,,,,,,,,,,,,,,,,,,,,,,,,
445,2013-03-14,0.4000096002304056,,9.746077203925418,0.07381418969176587,0.9582766352990782,,1.4790978817674891,0.0970865386028005,3.0116853391157687,,9.764286371497297,,6.354784164908367,0.02536551598807596,9.222539887485011,,1.9147990992785042,,0.4100276358626571,,9.603802008017805,0.04052469680968108,6.5251908618327095,,3.0420942883296966,,3.69219499515584,0.02181168621160614,4.680957630312009,,8.655240146850575,,4.4289199277065725,0.055945025592604974,,,,,,,,,,,,,,,,,,,,,,,,,,,,
446,2013-03-15,0.5333461336405407,,6.4973848026169465,0.07381418969176587,0.2395691588247696,,2.6295073453644253,0.024271634650700133,,,8.07431373027661,,5.6677804714047575,0.012682757994037978,7.941631569778763,,2.2977589191342043,,1.2300829075879711,,6.0366755478969045,0.08104939361936216,2.1750636206109037,,1.9358781834825345,,3.2491315957371394,0.02181168621160614,2.8085745781872054,,4.087196736012772,,3.5319234866520763,0.0496590676608516,,,,,,,,,,,,,,,,,,,,,,,,,,,,
447,2013-03-16,0.13333653341013518,,8.496580126499081,0.07381418969176587,0.7187074764743087,,1.6434420908527656,0.024271634650700133,0.5019475565192949,,8.63763794401684,,2.9197656973903308,0.02536551598807596,5.635996597907507,,1.7506734621974889,0.02423935423229144,1.2300829075879711,,9.603802008017805,0.04052469680968108,3.625106034351505,,3.318648314541487,,2.5106925967059714,0.04362337242321227,5.3831012748588085,,4.3276200734252885,,3.3188868319016334,0.03960153497004621,,,,,,,,,,,,,,,,,,,,,,,,,,,,
448,2013-03-17,0.8000192004608111,,10.745674865866489,,1.1978457941238478,,3.451228390790808,0.04854326930140025,,,6.196566351142516,,6.354784164908367,0.02536551598807596,6.6607232520725095,,2.680718738989905,0.02423935423229144,1.6401105434506285,,7.683041606414242,0.08104939361936216,5.800169654962407,,3.318648314541487,,4.282946194380775,0.02181168621160614,6.553340682436812,,5.289313423075352,,4.350432739114304,0.037212870955979936,,,,,,,,,,,,,,,,,,,,,,,,,,,,
449,2013-03-18,1.466701867511487,,11.745272527807556,0.036907094845882935,0.9582766352990782,,2.1364747181085955,0.024271634650700133,,,8.63763794401684,,5.6677804714047575,0.012682757994037978,12.296719849980018,,2.4071760105215474,,1.2300829075879711,,5.762281204810683,,5.075148448092107,,2.2124322096943247,,4.430633994187008,,7.723580090014813,0.03456601667034908,4.8084667482503205,,4.496194660785659,0.04877903355040614,,,,,,,,,,,,,,,,,,,,,,,,,,,,
450,2013-03-19,1.0666922672810817,,11.995171943292826,0.1107212845376488,0.7187074764743087,,3.451228390790808,0.024271634650700133,1.0038951130385898,,10.890934798977757,,6.870036935036072,,13.065264840603767,0.03783490623910808,3.6654725614759927,,3.690248722763914,0.06055607940030736,8.506224635672911,0.08104939361936216,7.975233275573308,,3.8717563669650685,,3.2491315957371394,0.02181168621160614,5.617149156374412,0.10369805001104723,,,5.034392525418356,0.05041338261266201,,,,,,,,,,,,,,,,,,,,,,,,,,,,
451,2013-03-20,0.6666826670506759,,11.245473696837022,0.036907094845882935,1.6769841117733868,,1.8077862999380423,0.04854326930140025,0.5019475565192949,,12.393132702285031,,6.698286011660169,0.012682757994037978,7.1730865791550125,,2.2430503734405334,,2.8701934510386,,9.055013321845355,0.1215740904290432,6.5251908618327095,,3.8717563669650685,0.08168731131754962,5.612136392636877,0.04362337242321227,7.255484326983613,,,,4.641956582457015,0.056447902227145234,,,,,,,,,,,,,,,,,,,,,,,,,,,,
452,2013-03-21,0.6666826670506759,,8.246680711013816,0.07381418969176587,0.2395691588247696,,3.6155725998760846,0.07281490395210037,,,6.947665302796153,,6.784161473348122,0.02536551598807596,15.370899812475026,,3.118387104539277,,3.690248722763914,,7.957435949500465,0.08104939361936216,3.625106034351505,,2.4889862359061152,,6.498263191474277,0.02181168621160614,3.276670341218406,,,,4.529832027325202,0.052047731674917885,,,,,,,,,,,,,,,,,,,,,,,,,,,,
453,2013-03-22,0.4000096002304056,,11.995171943292826,0.036907094845882935,,,1.8077862999380423,0.024271634650700133,,,4.31881897200842,,5.581905009716809,0.012682757994037978,6.148359924990009,,2.6260101932962336,,2.0501381793132856,,7.683041606414242,0.1215740904290432,4.350127241221807,,1.3827701310589529,,4.873697393605709,,5.617149156374412,0.13826406668139632,,,3.6216231307575257,0.05079054008856721,,,,,,,,,,,,,,,,,,,,,,,,,,,,
454,2013-03-23,0.4000096002304056,,8.74647954198435,0.07381418969176587,0.4791383176495391,,2.4651631362791484,0.07281490395210037,1.5058426695578846,,7.323214778622973,,4.551399469461399,0.02536551598807596,3.8427249531187564,,2.5165931019088905,,1.2300829075879711,0.12111215880061472,6.311069890983127,0.04052469680968108,1.4500424137406018,,2.7655402621179057,,4.578321793993243,0.02181168621160614,7.021436445468013,0.03456601667034908,,,3.4758612090861702,0.040607288239126765,,,,,,,,,,,,,,,,,,,,,,,,,,,,
455,2013-03-24,0.5333461336405407,,12.494970774263358,0.036907094845882935,1.1978457941238478,,4.437293645302467,0.024271634650700133,1.0038951130385898,,15.209753770986175,,7.213538781787876,0.02536551598807596,4.6112699437425055,,1.9695076449721751,,2.0501381793132856,,7.134252920241798,0.04052469680968108,3.625106034351505,,3.5952023407532776,,5.612136392636877,0.02181168621160614,4.4469097487964095,0.10369805001104723,,,4.630744126943833,0.038972939176870884,,,,,,,,,,,,,,,,,,,,,,,,,,,,
456,2013-03-25,0.4000096002304056,,9.246278372954883,0.036907094845882935,0.4791383176495391,,3.451228390790808,0.04854326930140025,0.5019475565192949,,11.454259012717984,,6.183033241532465,0.012682757994037978,12.809083177062519,0.15133962495643233,3.282512741620292,,,,8.231830292586688,0.04052469680968108,7.975233275573308,,1.9358781834825345,,5.31676079302441,,4.4469097487964095,0.06913203334069816,,,4.59710676040429,0.05192201251628282,,,,,,,,,,,,,,,,,,,,,,,,,,,,
457,2013-03-26,0.4000096002304056,0.03938435850626645,8.74647954198435,0.036907094845882935,0.4791383176495391,,1.150409463596936,0.024271634650700133,1.0038951130385898,,9.388736895670478,,6.955912396724023,0.02536551598807596,17.420353120805025,,1.860090553584832,0.01615956948819429,3.280221086901257,,8.231830292586688,,6.5251908618327095,,7.190404681506555,,4.726009593799477,,3.5107182227340066,0.03456601667034908,6.491430110137931,,4.810143415154731,0.05154485504037762,,,,,,,,,,,,,,,,,,,,,,,,,,,,
458,2013-03-27,,,7.996781295528549,0.07381418969176587,0.2395691588247696,,2.6295073453644253,0.04854326930140025,0.5019475565192949,,9.200962157757068,,5.753655933092711,0.03804827398211393,9.991084878108763,,2.680718738989905,0.008079784744097145,1.6401105434506285,,5.213492518638237,0.04052469680968108,5.800169654962407,,1.9358781834825345,,3.9875705947683073,,5.617149156374412,,6.491430110137931,,4.148608539877042,0.053933519054443886,,,,,,,,,,,,,,,,,,,,,,,,,,,,
459,2013-03-28,,,9.746077203925418,0.07381418969176587,0.4791383176495391,,2.300818927193872,0.04854326930140025,,,11.078709536891164,,5.6677804714047575,0.03804827398211393,5.892178261448757,,3.0636785588456057,,2.0501381793132856,,8.231830292586688,0.1215740904290432,5.800169654962407,,2.2124322096943247,,2.953755996124672,,5.14905339334321,,0.9616933496500641,,3.991634162692505,0.04651608869497492,,,,,,,,,,,,,,,,,,,,,,,,,,,,
460,2013-03-29,,,8.74647954198435,0.036907094845882935,0.2395691588247696,,1.6434420908527656,,,,11.829808488544804,,5.753655933092711,0.012682757994037978,3.8427249531187564,,1.7506734621974889,0.008079784744097145,1.6401105434506285,,6.859858577155572,,2.1750636206109037,,1.3827701310589529,,4.282946194380775,,6.319292800921213,,1.4425400244750959,,3.610410675244344,0.04475602047408398,,,,,,,,,,,,,,,,,,,,,,,,,,,,
461,2013-03-30,,,8.246680711013816,0.036907094845882935,,,2.793851554449702,,1.0038951130385898,,5.8210168753156974,,5.753655933092711,0.02536551598807596,2.817998298953753,,2.5165931019088905,,1.2300829075879711,,8.506224635672911,0.04052469680968108,0.7250212068703009,,3.318648314541487,,4.873697393605709,,6.319292800921213,0.06913203334069816,2.40423337412516,,3.632835586270706,0.040481569080491685,,,,,,,,,,,,,,,,,,,,,,,,,,,,
462,2013-03-31,,,8.246680711013816,0.036907094845882935,0.9582766352990782,,2.300818927193872,0.024271634650700133,0.5019475565192949,,10.515385323150936,,6.0971577798445145,0.012682757994037978,5.892178261448757,,3.8843067442506793,0.01615956948819429,0.8200552717253142,,12.073351095793807,,6.5251908618327095,,2.7655402621179057,0.12253096697632446,3.69219499515584,,7.723580090014813,0.03456601667034908,2.1638100367126443,,4.541044482838384,0.04073300739776182,,,,,,,,,,,,,,,,,,,,,,,,,,,,
463,2013-04-01,,,7.247083049072748,0.036907094845882935,0.9582766352990782,,1.8077862999380423,0.04854326930140025,1.0038951130385898,,10.703160061064343,,6.440659626596317,0.012682757994037978,16.907989793722525,,2.571301647602562,,1.6401105434506285,,9.055013321845355,0.1620987872387243,2.9000848274812037,0.32123036056660464,6.637296629082974,,4.282946194380775,0.02181168621160614,6.0852449194056115,0.10369805001104723,,,4.6083192159174695,0.05091625924720228,,,,,,,,,,,,,,,,,,,,,,,,,,,,
464,2013-04-02,,,8.246680711013816,0.07381418969176587,0.7187074764743087,,2.4651631362791484,,,,7.698764254449793,0.027732037901623617,7.55704062853968,0.06341378997018987,9.991084878108763,,2.0242161906658467,,1.2300829075879711,,8.231830292586688,,4.350127241221807,,3.0420942883296966,,3.8398827949620737,0.02181168621160614,4.680957630312009,,6.731853447550447,,4.260733095008853,0.05167057419901268,,,,,,,,,,,,,,,,,,,,,,,,,,,,
465,2013-04-03,,,8.996378957469616,0.07381418969176587,0.2395691588247696,,3.1225399726202547,0.04854326930140025,0.5019475565192949,,11.078709536891164,0.027732037901623617,4.036146699333694,0.012682757994037978,6.6607232520725095,,3.118387104539277,,0.8200552717253142,,3.841520803207121,0.08104939361936216,2.1750636206109037,,2.2124322096943247,,3.9875705947683073,0.02181168621160614,4.4469097487964095,,6.251006772725416,,3.868297152047512,0.04777328028132559,,,,,,,,,,,,,,,,,,,,,,,,,,,,
466,2013-04-04,0.4000096002304056,,7.746881880043283,0.036907094845882935,0.9582766352990782,,1.150409463596936,0.024271634650700133,0.5019475565192949,,7.510989516536382,,7.213538781787876,0.012682757994037978,5.379814934366259,,1.2582965509544453,0.01615956948819429,0.4100276358626571,,8.780618978759135,0.08104939361936216,3.625106034351505,,2.7655402621179057,,3.1014437959309067,,3.5107182227340066,0.03456601667034908,4.568043410837803,,3.5543483976784387,0.04337310972909824,,,,,,,,,,,,,,,,,,,,,,,,,,,,
467,2013-04-05,0.4000096002304056,,7.247083049072748,0.036907094845882935,0.7187074764743087,,1.9721305090233188,0.024271634650700133,,,6.572115826969335,,4.122022161021643,0.012682757994037978,5.379814934366259,0.07566981247821616,1.4771307337291313,,1.2300829075879711,,6.311069890983127,,1.4500424137406018,,3.5952023407532776,0.08168731131754962,4.578321793993243,,3.276670341218406,,3.3659267237752233,,3.117062632664372,0.03985297328731635,,,,,,,,,,,,,,,,,,,,,,,,,,,,
468,2013-04-06,0.2666730668202704,,6.997183633587482,0.036907094845882935,,,2.300818927193872,0.04854326930140025,0.5019475565192949,,5.8210168753156974,,4.980776777901152,0.012682757994037978,7.1730865791550125,,2.188341827746861,0.02423935423229144,,,4.66470383246579,,3.625106034351505,,2.4889862359061152,,2.953755996124672,,3.978813985765208,0.03456601667034908,1.20211668706258,,3.0834252661248285,0.03494992610054872,,,,,,,,,,,,,,,,,,,,,,,,,,,,
469,2013-04-07,0.5333461336405407,,5.997585971646413,0.036907094845882935,0.4791383176495391,,1.150409463596936,0.024271634650700133,,,6.572115826969335,,4.293773084397545,0.012682757994037978,8.453994896861262,,1.4224221880354595,0.008079784744097145,2.0501381793132856,,4.9390981755520125,0.08104939361936216,2.9000848274812037,,1.9358781834825345,,2.658380396512205,,6.0852449194056115,,1.4425400244750959,,2.9713007109930163,0.03457276862464352,,,,,,,,,,,,,,,,,,,,,,,,,,,,
470,2013-04-08,0.5333461336405407,,11.745272527807556,0.036907094845882935,0.7187074764743087,,3.1225399726202547,0.04854326930140025,0.5019475565192949,,9.200962157757068,,6.011282318156563,0.012682757994037978,4.6112699437425055,,1.4771307337291313,,2.8701934510386,,5.4878868617244585,0.08104939361936216,2.9000848274812037,,2.4889862359061152,,3.2491315957371394,0.02181168621160614,4.4469097487964095,0.03456601667034908,8.174393472025544,,3.9579967961529614,0.03331557703829285,,,,,,,,,,,,,,,,,,,,,,,,,,,,
471,2013-04-09,1.3333653341013518,,9.496177788440152,0.036907094845882935,0.7187074764743087,,3.286884181705532,,,,8.07431373027661,,4.637274931149348,0.012682757994037978,4.867451607283757,,2.4071760105215474,0.008079784744097145,0.4100276358626571,,7.134252920241798,0.04052469680968108,4.350127241221807,0.1070767868555349,2.4889862359061152,,3.5445071953496066,,5.3831012748588085,,6.491430110137931,,3.8907220630738735,0.04437886299817877,,,,,,,,,,,,,,,,,,,,,,,,,,,,
472,2013-04-10,0.6666826670506759,,5.24788772519061,0.036907094845882935,0.4791383176495391,,1.3147536726822129,,,,7.135440040709564,,3.9502712376457416,0.03804827398211393,4.098906616660007,,2.352467464827876,,1.6401105434506285,,6.585464234069352,0.08104939361936216,5.800169654962407,,4.14831039317686,,3.1014437959309067,0.02181168621160614,6.0852449194056115,0.03456601667034908,4.087196736012772,,3.2964619208752715,0.04362454804636837,,,,,,,,,,,,,,,,,,,,,,,,,,,,
473,2013-04-11,1.3333653341013518,,4.748088894220076,0.036907094845882935,0.7187074764743087,,4.108605227131913,0.04854326930140025,0.5019475565192949,,10.890934798977757,,4.122022161021643,0.02536551598807596,4.6112699437425055,,1.860090553584832,0.02423935423229144,2.0501381793132856,,7.683041606414242,0.04052469680968108,1.4500424137406018,,3.5952023407532776,,3.1014437959309067,0.02181168621160614,3.978813985765208,,6.731853447550447,,3.7001103193497937,0.0369614326387098,,,,,,,,,,,,,,,,,,,,,,,,,,,,
474,2013-04-12,0.13333653341013518,,7.247083049072748,0.14762837938353174,0.7187074764743087,,1.6434420908527656,0.024271634650700133,0.5019475565192949,,9.952061109410707,,4.551399469461399,0.012682757994037978,7.429268242696263,0.03783490623910808,2.6260101932962336,,2.0501381793132856,,4.115915146293344,0.2836728776677675,2.1750636206109037,,1.9358781834825345,0.04084365565877481,3.9875705947683073,,3.978813985765208,,6.010583435312897,,3.655260497297069,0.04148732234957223,,,,,,,,,,,,,,,,,,,,,,,,,,,,
475,2013-04-13,0.6666826670506759,,7.996781295528549,0.036907094845882935,,,1.8077862999380423,,,,6.3843410890559245,,3.2632675441421344,0.03804827398211393,12.809083177062519,0.03783490623910808,1.641256370810146,,1.2300829075879711,,4.115915146293344,,6.5251908618327095,,1.3827701310589529,,3.5445071953496066,,4.4469097487964095,,,,3.0834252661248285,0.04098444571503195,,,,,,,,,,,,,,,,,,,,,,,,,,,,
476,2013-04-14,1.0666922672810817,,6.4973848026169465,0.036907094845882935,,,2.4651631362791484,,,,7.510989516536382,,6.183033241532465,0.012682757994037978,3.0741799624950046,,1.9147990992785042,,2.0501381793132856,,7.408647263328017,0.1215740904290432,7.975233275573308,,3.5952023407532776,,2.658380396512205,,5.3831012748588085,,,,3.419798931520264,0.03457276862464352,,,,,,,,,,,,,,,,,,,,,,,,,,,,
477,2013-04-15,1.7333749343317573,,6.247485387131679,0.036907094845882935,0.7187074764743087,,2.300818927193872,0.04854326930140025,,,7.886538992363203,,6.011282318156563,0.012682757994037978,17.932716447887522,,2.2430503734405334,,0.4100276358626571,,4.115915146293344,0.08104939361936216,5.075148448092107,,2.7655402621179057,0.04084365565877481,3.69219499515584,0.02181168621160614,3.5107182227340066,,3.8467733986002566,,4.114971173337499,0.03834434338369554,,,,,,,,,,,,,,,,,,,,,,,,,,,,
478,2013-04-16,0.6666826670506759,,9.496177788440152,0.14762837938353174,0.4791383176495391,,3.9442610180466375,0.07281490395210037,,,8.82541268193025,,6.526535088284269,0.012682757994037978,7.429268242696263,,2.0242161906658467,,1.6401105434506285,,4.9390981755520125,0.08104939361936216,2.9000848274812037,,1.6593241572707436,,2.806068196318438,0.02181168621160614,4.680957630312009,,4.568043410837803,,3.9019345185870553,0.04613893121906972,,,,,,,,,,,,,,,,,,,,,,,,,,,,
479,2013-04-17,0.13333653341013518,,7.496982464558015,0.036907094845882935,,,2.6295073453644253,,,,7.698764254449793,,5.410154086340908,0.012682757994037978,5.635996597907507,0.03783490623910808,2.4071760105215474,0.008079784744097145,2.4601658151759427,,5.762281204810683,0.08104939361936216,4.350127241221807,,4.14831039317686,,2.953755996124672,,4.4469097487964095,0.06913203334069816,5.289313423075352,,3.655260497297069,0.04375026720500343,,,,,,,,,,,,,,,,,,,,,,,,,,,,
480,2013-04-18,0.5333461336405407,,6.247485387131679,0.036907094845882935,0.2395691588247696,,1.6434420908527656,0.07281490395210037,0.5019475565192949,,7.510989516536382,,5.3242786246529565,0.012682757994037978,,,2.571301647602562,,0.8200552717253142,0.12111215880061472,6.311069890983127,,5.075148448092107,,4.4248644193886495,0.04084365565877481,2.3630047968997383,0.02181168621160614,5.617149156374412,0.03456601667034908,8.895663484263087,,3.5319234866520763,0.04098444571503195,,,,,,,,,,,,,,,,,,,,,,,,,,,,
481,2013-04-19,0.5333461336405407,,6.997183633587482,0.07381418969176587,0.7187074764743087,,1.6434420908527656,0.024271634650700133,0.5019475565192949,,7.886538992363203,,5.238403162965005,0.012682757994037978,7.685449906237513,,2.078924736359518,,2.0501381793132856,,6.585464234069352,0.08104939361936216,4.350127241221807,,4.4248644193886495,0.08168731131754962,2.953755996124672,,5.14905339334321,,7.693546797200511,,3.8346597855079683,0.03960153497004621,,,,,,,,,,,,,,,,,,,,,,,,,,,,
482,2013-04-20,0.2666730668202704,,6.4973848026169465,0.036907094845882935,0.4791383176495391,,2.4651631362791484,0.04854326930140025,,,8.63763794401684,,4.293773084397545,0.012682757994037978,3.0741799624950046,,2.0242161906658467,,2.0501381793132856,,3.292732117034676,,2.9000848274812037,,2.7655402621179057,,5.612136392636877,0.02181168621160614,3.276670341218406,,1.6829633618876116,,3.139487543690734,0.04299595225319303,,,,,,,,,,,,,,,,,,,,,,,,,,,,
483,2013-04-21,0.6666826670506759,,7.996781295528549,0.1107212845376488,0.2395691588247696,,2.300818927193872,0.024271634650700133,,,9.576511633583886,,4.637274931149348,0.03804827398211393,9.222539887485011,,2.8995529217645912,0.008079784744097145,2.0501381793132856,,3.841520803207121,,3.625106034351505,,1.6593241572707436,,1.7722535976748033,,3.744766104249607,0.03456601667034908,3.60635006118774,,3.576773308704801,0.03520136441781885,,,,,,,,,,,,,,,,,,,,,,,,,,,,
484,2013-04-22,0.5333461336405407,,9.995976619410687,0.07381418969176587,0.7187074764743087,,1.8077862999380423,0.024271634650700133,,,9.952061109410707,,6.784161473348122,0.02536551598807596,8.197813233320014,0.03783490623910808,2.8995529217645912,,0.8200552717253142,,5.213492518638237,0.08104939361936216,2.9000848274812037,0.32123036056660464,2.7655402621179057,,4.1352583945745405,0.02181168621160614,5.14905339334321,0.03456601667034908,7.453123459787995,,4.384070105653847,0.040104411604586485,,,,,,,,,,,,,,,,,,,,,,,,,,,,
485,2013-04-23,0.4000096002304056,,6.997183633587482,0.036907094845882935,,,5.587703108899404,0.12135817325350062,0.5019475565192949,,9.388736895670478,,6.440659626596317,0.012682757994037978,5.123633270825008,,3.22780419592662,,1.2300829075879711,,5.213492518638237,,5.075148448092107,,3.5952023407532776,,4.430633994187008,0.02181168621160614,3.978813985765208,0.03456601667034908,3.8467733986002566,,4.204670817442948,0.04915619102631134,,,,,,,,,,,,,,,,,,,,,,,,,,,,
486,2013-04-24,0.13333653341013518,,5.497787140675879,0.07381418969176587,,,3.1225399726202547,0.024271634650700133,0.5019475565192949,,8.07431373027661,,3.9502712376457416,0.012682757994037978,6.91690491561376,,1.4771307337291313,,1.2300829075879711,,3.841520803207121,0.1620987872387243,1.4500424137406018,,2.7655402621179057,,3.2491315957371394,,4.9150055118276095,0.03456601667034908,4.3276200734252885,,3.094637721638009,0.04714468448815026,,,,,,,,,,,,,,,,,,,,,,,,,,,,
487,2013-04-25,0.2666730668202704,,6.997183633587482,0.07381418969176587,0.2395691588247696,,2.1364747181085955,0.024271634650700133,0.5019475565192949,,5.8210168753156974,,5.410154086340908,0.012682757994037978,5.379814934366259,,1.6959649165038175,,,,4.66470383246579,,2.9000848274812037,,1.9358781834825345,,2.806068196318438,,3.5107182227340066,0.06913203334069816,6.251006772725416,,3.1282750881775536,0.03469848778327859,,,,,,,,,,,,,,,,,,,,,,,,,,,,
488,2013-04-26,0.5333461336405407,,4.9979883097053435,0.036907094845882935,,,2.300818927193872,0.024271634650700133,0.5019475565192949,,7.510989516536382,0.027732037901623617,4.809025854525251,0.012682757994037978,5.123633270825008,,2.0242161906658467,,2.0501381793132856,,10.426985037276474,0.08104939361936216,2.1750636206109037,0.4283071474221396,2.2124322096943247,,3.3968193955433734,0.04362337242321227,3.276670341218406,,3.60635006118774,,3.3413117429279957,0.035075645259183795,,,,,,,,,,,,,,,,,,,,,,,,,,,,
489,2013-04-27,0.9333557338709464,,8.496580126499081,0.036907094845882935,0.4791383176495391,,1.8077862999380423,0.024271634650700133,,,9.01318741984366,,4.207897622709594,0.03804827398211393,9.478721551026263,,1.3130050966481168,0.008079784744097145,0.4100276358626571,,5.762281204810683,0.08104939361936216,0.7250212068703009,,1.3827701310589529,0.08168731131754962,2.215316997093504,0.02181168621160614,5.617149156374412,,0.24042333741251604,,3.139487543690734,0.03746430927325007,,,,,,,,,,,,,,,,,,,,,,,,,,,,
490,2013-04-28,1.2000288006912163,,9.746077203925418,0.036907094845882935,,,2.300818927193872,0.024271634650700133,,,9.764286371497297,,5.152527701277054,0.02536551598807596,7.429268242696263,,0.6017940026303868,,,,6.0366755478969045,0.1215740904290432,1.4500424137406018,,1.6593241572707436,,3.5445071953496066,,7.489532208499213,0.03456601667034908,,,3.363736653954358,0.03520136441781885,,,,,,,,,,,,,,,,,,,,,,,,,,,,
491,2013-04-29,0.9333557338709464,,6.247485387131679,0.036907094845882935,0.7187074764743087,,3.6155725998760846,0.024271634650700133,1.0038951130385898,,8.82541268193025,,5.152527701277054,0.02536551598807596,7.941631569778763,,2.188341827746861,0.008079784744097145,3.690248722763914,,6.859858577155572,0.04052469680968108,2.9000848274812037,,2.7655402621179057,,2.5106925967059714,,5.14905339334321,,6.491430110137931,,3.935571885126599,0.0377157475905202,,,,,,,,,,,,,,,,,,,,,,,,,,,,
492,2013-04-30,0.4000096002304056,,8.496580126499081,0.036907094845882935,0.4791383176495391,,1.3147536726822129,,,,7.698764254449793,,4.122022161021643,0.02536551598807596,6.6607232520725095,,2.188341827746861,,2.0501381793132856,,4.115915146293344,0.08104939361936216,1.4500424137406018,,1.6593241572707436,,3.3968193955433734,0.04362337242321227,4.212861867280808,,5.529736760487868,,3.2964619208752715,0.04412742468090864,,,,,,,,,,,,,,,,,,,,,,,,,,,,
493,2013-05-01,1.2000288006912163,,8.74647954198435,0.036907094845882935,0.4791383176495391,,1.3147536726822129,,0.5019475565192949,,12.768682178111849,,4.207897622709594,,9.991084878108763,0.03783490623910808,2.13363328205319,,0.4100276358626571,0.06055607940030736,6.585464234069352,0.08104939361936216,10.875318103054514,,1.3827701310589529,,5.907511992249344,0.02181168621160614,8.659771616077219,0.03456601667034908,6.491430110137931,,4.473769749759296,0.0369614326387098,,,,,,,,,,,,,,,,,,,,,,,,,,,,
494,2013-05-02,0.5333461336405407,,5.7476865561611445,0.1107212845376488,0.7187074764743087,,6.573768363411063,0.024271634650700133,,,10.703160061064343,,6.698286011660169,0.012682757994037978,8.453994896861262,,1.5865478251164744,,4.100276358626571,,7.957435949500465,0.04052469680968108,1.4500424137406018,,6.637296629082974,,3.5445071953496066,,4.9150055118276095,0.06913203334069816,4.3276200734252885,,4.4289199277065725,0.05016194429539187,,,,,,,,,,,,,,,,,,,,,,,,,,,,
495,2013-05-03,0.6666826670506759,,9.246278372954883,0.036907094845882935,0.7187074764743087,,1.6434420908527656,0.07281490395210037,,,11.078709536891164,,4.293773084397545,0.03804827398211393,5.123633270825008,,2.078924736359518,,0.8200552717253142,,4.9390981755520125,0.04052469680968108,2.9000848274812037,,4.977972471812231,0.12253096697632446,3.1014437959309067,,3.978813985765208,,4.8084667482503205,,3.610410675244344,0.0496590676608516,,,,,,,,,,,,,,,,,,,,,,,,,,,,
496,2013-05-04,0.9333557338709464,,7.746881880043283,0.036907094845882935,0.7187074764743087,,2.6295073453644253,0.04854326930140025,,,7.698764254449793,,3.77852031426984,0.012682757994037978,5.123633270825008,,1.4224221880354595,,,,5.4878868617244585,0.04052469680968108,5.075148448092107,,0.8296620786353718,0.08168731131754962,3.8398827949620737,0.04362337242321227,4.9150055118276095,0.03456601667034908,2.8850800489501918,,3.1058501771511917,0.040481569080491685,,,,,,,,,,,,,,,,,,,,,,,,,,,,
497,2013-05-05,0.5333461336405407,,8.246680711013816,0.036907094845882935,0.9582766352990782,,4.272949436217191,0.024271634650700133,0.5019475565192949,,9.576511633583886,,4.551399469461399,0.02536551598807596,7.685449906237513,,2.078924736359518,0.008079784744097145,1.2300829075879711,,9.055013321845355,,5.800169654962407,,1.3827701310589529,,3.69219499515584,0.02181168621160614,6.787388563952413,0.03456601667034908,3.60635006118774,,4.014059073718867,0.03482420694191365,,,,,,,,,,,,,,,,,,,,,,,,,,,,
498,2013-05-06,0.9333557338709464,,9.496177788440152,0.036907094845882935,,,3.779916808961361,0.07281490395210037,0.5019475565192949,,8.262088468190019,,5.753655933092711,0.012682757994037978,6.148359924990009,,2.5165931019088905,,3.280221086901257,0.12111215880061472,5.213492518638237,0.04052469680968108,2.9000848274812037,,4.4248644193886495,,2.806068196318438,0.04362337242321227,4.9150055118276095,0.03456601667034908,5.529736760487868,,4.03648398474523,0.045007458791354114,,,,,,,,,,,,,,,,,,,,,,,,,,,,
499,2013-05-07,1.0666922672810817,,6.747284218102213,0.036907094845882935,0.2395691588247696,,1.8077862999380423,0.024271634650700133,,,7.698764254449793,,4.809025854525251,0.02536551598807596,8.710176560402513,,2.352467464827876,,2.4601658151759427,,7.134252920241798,0.08104939361936216,3.625106034351505,,1.6593241572707436,,2.953755996124672,0.02181168621160614,5.851197037890012,,8.174393472025544,,3.8458722410211497,0.04525889710862425,,,,,,,,,,,,,,,,,,,,,,,,,,,,
500,2013-05-08,0.13333653341013518,,9.995976619410687,0.036907094845882935,0.4791383176495391,,2.9581957635349783,0.024271634650700133,,,6.947665302796153,,5.6677804714047575,0.012682757994037978,5.892178261448757,,3.0089700131519344,0.02423935423229144,2.8701934510386,,6.311069890983127,0.1215740904290432,5.800169654962407,0.1070767868555349,6.084188576659392,0.04084365565877481,3.1014437959309067,0.02181168621160614,4.4469097487964095,,3.60635006118774,,4.0028466182056865,0.0431216714118281,,,,,,,,,,,,,,,,,,,,,,,,,,,,
501,2013-05-09,0.2666730668202704,,9.995976619410687,0.036907094845882935,0.7187074764743087,,2.793851554449702,0.024271634650700133,,,10.139835847324118,0.055464075803247234,6.011282318156563,0.012682757994037978,6.148359924990009,,3.6654725614759927,,2.0501381793132856,,8.231830292586688,0.24314818085808645,1.4500424137406018,,3.0420942883296966,0.16337462263509925,1.476877998062336,,4.212861867280808,,5.289313423075352,,4.204670817442948,0.04488173963271905,,,,,,,,,,,,,,,,,,,,,,,,,,,,
502,2013-05-10,0.13333653341013518,,6.247485387131679,0.036907094845882935,0.2395691588247696,,2.6295073453644253,0.024271634650700133,0.5019475565192949,,8.44986320610343,0.027732037901623617,5.925406856468612,0.012682757994037978,6.404541588531259,,1.6959649165038175,,1.6401105434506285,,3.841520803207121,0.08104939361936216,2.1750636206109037,,1.9358781834825345,,2.215316997093504,0.02181168621160614,1.8723830521248035,0.06913203334069816,3.60635006118774,,3.139487543690734,0.04714468448815026,,,,,,,,,,,,,,,,,,,,,,,,,,,,
503,2013-05-11,0.2666730668202704,,7.496982464558015,0.07381418969176587,0.4791383176495391,,0.8217210454263828,,,,8.07431373027661,,4.122022161021643,0.02536551598807596,8.453994896861262,,1.5318392794228028,0.01615956948819429,0.8200552717253142,,6.0366755478969045,,5.800169654962407,,0.5531080524235812,,2.3630047968997383,0.02181168621160614,4.9150055118276095,0.03456601667034908,4.568043410837803,,3.1506999992039155,0.03520136441781885,,,,,,,,,,,,,,,,,,,,,,,,,,,,
504,2013-05-12,0.8000192004608111,,11.495373112322287,0.07381418969176587,0.7187074764743087,,0.6573768363411063,0.024271634650700133,,,8.82541268193025,0.055464075803247234,4.465524007773447,0.02536551598807596,2.3056349718712528,,2.2430503734405334,,0.4100276358626571,,6.0366755478969045,0.04052469680968108,5.075148448092107,,0.2765540262117906,,3.1014437959309067,0.06543505863481841,7.957627971530415,0.03456601667034908,5.289313423075352,,3.5431359421652573,0.03532708357645393,,,,,,,,,,,,,,,,,,,,,,,,,,,,
505,2013-05-13,0.5333461336405407,,6.747284218102213,0.036907094845882935,0.9582766352990782,,3.1225399726202547,0.024271634650700133,,,10.515385323150936,,4.465524007773447,0.012682757994037978,17.164171457263773,0.03783490623910808,1.9695076449721751,,0.8200552717253142,,3.0183377739484523,0.04052469680968108,2.1750636206109037,,3.5952023407532776,,3.9875705947683073,0.08724674484642454,2.574526696671605,,6.010583435312897,,4.0028466182056865,0.039727254128681284,,,,,,,,,,,,,,,,,,,,,,,,,,,,
506,2013-05-14,1.0666922672810817,,5.497787140675879,0.1107212845376488,0.7187074764743087,,2.300818927193872,0.024271634650700133,,,6.3843410890559245,,5.581905009716809,0.012682757994037978,5.635996597907507,,1.6959649165038175,,0.4100276358626571,,3.0183377739484523,,1.4500424137406018,,3.318648314541487,,1.9199413974810369,,2.106430933640404,,2.8850800489501918,,2.904025977913929,0.04488173963271905,,,,,,,,,,,,,,,,,,,,,,,,,,,,
507,2013-05-15,1.3333653341013518,0.019692179253133223,10.745674865866489,0.036907094845882935,0.2395691588247696,,2.4651631362791484,0.07281490395210037,,,8.262088468190019,,3.2632675441421344,0.012682757994037978,9.222539887485011,,1.5865478251164744,,,,3.0183377739484523,,4.350127241221807,,4.14831039317686,,3.1014437959309067,,5.14905339334321,,7.2127001223754785,,3.5991982197311634,0.03256126208648245,,,,,,,,,,,,,,,,,,,,,,,,,,,,
508,2013-05-16,0.2666730668202704,,4.748088894220076,,0.7187074764743087,,2.4651631362791484,0.04854326930140025,0.5019475565192949,,7.698764254449793,,3.864395775957792,0.012682757994037978,5.892178261448757,,2.078924736359518,0.03231913897638858,0.4100276358626571,,7.408647263328017,0.04052469680968108,2.1750636206109037,,2.4889862359061152,0.04084365565877481,3.2491315957371394,,5.14905339334321,,5.048890085662835,,3.2740370098489087,0.04035584992185662,,,,,,,,,,,,,,,,,,,,,,,,,,,,
509,2013-05-17,1.466701867511487,,6.997183633587482,0.036907094845882935,,,1.9721305090233188,0.024271634650700133,,,8.07431373027661,,4.637274931149348,0.02536551598807596,4.867451607283757,,2.188341827746861,,1.2300829075879711,,6.311069890983127,0.04052469680968108,5.800169654962407,,3.0420942883296966,,2.3630047968997383,0.02181168621160614,3.978813985765208,0.06913203334069816,4.8084667482503205,,3.419798931520264,0.03670999432143967,,,,,,,,,,,,,,,,,,,,,,,,,,,,
510,2013-05-18,0.4000096002304056,,5.24788772519061,0.036907094845882935,,,,,,,7.886538992363203,,4.465524007773447,0.02536551598807596,4.098906616660007,,1.9695076449721751,,0.8200552717253142,,3.0183377739484523,0.08104939361936216,2.9000848274812037,,0.5531080524235812,,2.215316997093504,0.06543505863481841,2.106430933640404,,2.40423337412516,,2.5003775794394056,0.03834434338369554,,,,,,,,,,,,,,,,,,,,,,,,,,,,
511,2013-05-19,0.9333557338709464,0.019692179253133223,7.746881880043283,0.036907094845882935,0.4791383176495391,,1.150409463596936,,,,6.572115826969335,,6.870036935036072,0.012682757994037978,6.404541588531259,,1.3130050966481168,,0.8200552717253142,0.12111215880061472,7.134252920241798,0.1215740904290432,2.9000848274812037,,0.5531080524235812,,2.953755996124672,,3.978813985765208,0.03456601667034908,1.4425400244750959,,3.229187187796184,0.028035372375620017,,,,,,,,,,,,,,,,,,,,,,,,,,,,
512,2013-05-20,1.466701867511487,,8.246680711013816,0.036907094845882935,,,,,0.5019475565192949,,9.388736895670478,,4.7231503928373,0.012682757994037978,5.892178261448757,,1.7506734621974889,,0.8200552717253142,,8.506224635672911,0.08104939361936216,3.625106034351505,,4.70141844560044,,4.578321793993243,0.04362337242321227,3.0426224597028058,0.03456601667034908,4.087196736012772,,3.5991982197311634,0.0362071176868994,,,,,,,,,,,,,,,,,,,,,,,,,,,,
513,2013-05-21,0.13333653341013518,,5.7476865561611445,0.1107212845376488,0.4791383176495391,,1.4790978817674891,0.024271634650700133,0.5019475565192949,,10.515385323150936,,4.894901316213201,0.012682757994037978,2.561816635412504,,2.6260101932962336,,,,3.292732117034676,,1.4500424137406018,,2.7655402621179057,,3.9875705947683073,,3.276670341218406,0.03456601667034908,,,3.0497878995852847,0.04035584992185662,,,,,,,,,,,,,,,,,,,,,,,,,,,,
514,2013-05-22,2.0000480011520283,,6.247485387131679,0.07381418969176587,,,1.8077862999380423,0.024271634650700133,,,9.764286371497297,,4.980776777901152,0.012682757994037978,3.8427249531187564,,2.188341827746861,,,,7.134252920241798,0.04052469680968108,3.625106034351505,,3.0420942883296966,,3.8398827949620737,,3.744766104249607,0.06913203334069816,,,3.363736653954358,0.03419561114873832,,,,,,,,,,,,,,,,,,,,,,,,,,,,
515,2013-05-23,0.5333461336405407,,5.7476865561611445,0.036907094845882935,0.7187074764743087,,2.6295073453644253,0.024271634650700133,1.0038951130385898,,6.947665302796153,0.08319611370487084,4.980776777901152,0.012682757994037978,3.5865432895775053,,2.6260101932962336,,,,6.311069890983127,,2.9000848274812037,,1.1062161048471624,,3.5445071953496066,0.02181168621160614,5.14905339334321,,2.1638100367126443,,3.262824554335728,0.0377157475905202,,,,,,,,,,,,,,,,,,,,,,,,,,,,
516,2013-05-24,0.9333557338709464,,5.24788772519061,0.036907094845882935,1.1978457941238478,,1.4790978817674891,0.07281490395210037,,,4.694368447835239,,3.864395775957792,0.012682757994037978,4.098906616660007,,1.9695076449721751,,,,2.4695490877760062,,1.4500424137406018,,2.2124322096943247,,3.1014437959309067,0.04362337242321227,4.9150055118276095,0.03456601667034908,1.6829633618876116,,2.6012896790580373,0.0365842751628046,,,,,,,,,,,,,,,,,,,,,,,,,,,,
517,2013-05-25,0.2666730668202704,,3.2486924013084733,0.036907094845882935,0.2395691588247696,,2.4651631362791484,0.04854326930140025,0.5019475565192949,,3.755494758268192,,3.177392082454184,0.012682757994037978,4.6112699437425055,,2.13363328205319,0.008079784744097145,,,1.9207604016035604,,2.9000848274812037,0.2141535737110698,1.3827701310589529,,1.6245657978685697,,5.617149156374412,,2.1638100367126443,,2.309765835715326,0.029166844803335625,,,,,,,,,,,,,,,,,,,,,,,,,,,,
518,2013-05-26,0.2666730668202704,,5.24788772519061,0.036907094845882935,0.2395691588247696,,2.6295073453644253,0.04854326930140025,,,8.63763794401684,,4.7231503928373,0.012682757994037978,7.685449906237513,,1.9147990992785042,,0.8200552717253142,,6.311069890983127,0.04052469680968108,5.800169654962407,,1.9358781834825345,,1.9199413974810369,,3.978813985765208,0.03456601667034908,2.1638100367126443,,3.19554982125664,0.025898146678823872,,,,,,,,,,,,,,,,,,,,,,,,,,,,
519,2013-05-27,1.3333653341013518,,6.747284218102213,0.1107212845376488,0.4791383176495391,,5.587703108899404,0.04854326930140025,,,7.510989516536382,,3.9502712376457416,0.05073103197615191,3.8427249531187564,,1.7506734621974889,0.02423935423229144,2.8701934510386,,6.0366755478969045,0.04052469680968108,2.9000848274812037,,5.531080524235811,0.20421827829387407,2.5106925967059714,0.02181168621160614,5.14905339334321,0.03456601667034908,3.125503386362708,,3.487073664599351,0.035829960210994195,,,,,,,,,,,,,,,,,,,,,,,,,,,,
520,2013-05-28,1.466701867511487,0.019692179253133223,5.497787140675879,0.036907094845882935,,,3.9442610180466375,0.024271634650700133,1.5058426695578846,,6.196566351142516,,4.122022161021643,0.012682757994037978,11.015811532273764,,1.8053820078911604,0.01615956948819429,0.4100276358626571,,3.5671264601208983,,2.9000848274812037,,3.318648314541487,,4.1352583945745405,,2.574526696671605,0.06913203334069816,4.3276200734252885,,3.4085864760070828,0.03909865833550594,,,,,,,,,,,,,,,,,,,,,,,,,,,,
521,2013-05-29,1.0666922672810817,,10.745674865866489,0.036907094845882935,0.4791383176495391,,0.6573768363411063,0.07281490395210037,1.0038951130385898,,7.510989516536382,,4.293773084397545,0.012682757994037978,6.91690491561376,,2.13363328205319,0.008079784744097145,2.0501381793132856,,6.0366755478969045,0.1620987872387243,2.9000848274812037,,1.3827701310589529,,3.5445071953496066,0.06543505863481841,2.574526696671605,0.03456601667034908,2.8850800489501918,,3.3413117429279957,0.03821862422506047,,,,,,,,,,,,,,,,,,,,,,,,,,,,
522,2013-05-30,0.4000096002304056,,6.747284218102213,0.07381418969176587,0.4791383176495391,,2.1364747181085955,0.024271634650700133,,,6.008791613229108,,5.581905009716809,0.012682757994037978,11.784356522897514,,2.4071760105215474,,2.8701934510386,,5.762281204810683,,2.1750636206109037,,2.2124322096943247,,3.3968193955433734,0.02181168621160614,3.978813985765208,,4.3276200734252885,,3.688897863836613,0.03746430927325007,,,,,,,,,,,,,,,,,,,,,,,,,,,,
523,2013-05-31,0.5333461336405407,,4.2482900632495415,0.1107212845376488,0.2395691588247696,,2.300818927193872,0.04854326930140025,,,6.7598905648827445,,4.637274931149348,0.05073103197615191,5.379814934366259,,1.8053820078911604,0.008079784744097145,1.6401105434506285,,3.292732117034676,0.04052469680968108,3.625106034351505,,4.14831039317686,0.04084365565877481,2.658380396512205,,5.14905339334321,,5.289313423075352,,3.117062632664372,0.041361603190937166,,,,,,,,,,,,,,,,,,,,,,,,,,,,
524,2013-06-01,0.13333653341013518,,8.246680711013816,0.036907094845882935,,,3.6155725998760846,0.024271634650700133,0.5019475565192949,,7.510989516536382,,4.980776777901152,0.012682757994037978,5.892178261448757,,1.860090553584832,0.008079784744097145,2.0501381793132856,,7.957435949500465,0.04052469680968108,2.9000848274812037,,2.2124322096943247,,2.215316997093504,,4.212861867280808,0.06913203334069816,5.7701600979003835,,3.5319234866520763,0.03494992610054872,,,,,,,,,,,,,,,,,,,,,,,,,,,,
525,2013-06-02,1.0666922672810817,,7.746881880043283,0.036907094845882935,,,1.8077862999380423,0.04854326930140025,0.5019475565192949,,8.63763794401684,,3.9502712376457416,0.012682757994037978,9.222539887485011,0.07566981247821616,2.8448443760709194,,0.8200552717253142,,13.445322811224926,0.08104939361936216,3.625106034351505,,2.7655402621179057,,1.9199413974810369,0.02181168621160614,4.4469097487964095,0.06913203334069816,,,3.688897863836613,0.03960153497004621,,,,,,,,,,,,,,,,,,,,,,,,,,,,
526,2013-06-03,1.2000288006912163,,8.74647954198435,0.07381418969176587,0.4791383176495391,,2.793851554449702,0.024271634650700133,0.5019475565192949,,10.515385323150936,,5.753655933092711,0.02536551598807596,7.1730865791550125,0.03783490623910808,3.22780419592662,,0.8200552717253142,,3.0183377739484523,0.04052469680968108,1.4500424137406018,,4.14831039317686,,4.873697393605709,0.02181168621160614,4.9150055118276095,,7.2127001223754785,,4.350432739114304,0.041361603190937166,,,,,,,,,,,,,,,,,,,,,,,,,,,,
527,2013-06-04,0.5333461336405407,,9.246278372954883,0.036907094845882935,0.4791383176495391,,4.437293645302467,0.024271634650700133,0.5019475565192949,,8.82541268193025,,2.9197656973903308,0.012682757994037978,8.966358223943761,,1.9695076449721751,,2.0501381793132856,,3.292732117034676,,1.4500424137406018,,4.70141844560044,0.08168731131754962,3.9875705947683073,0.02181168621160614,4.680957630312009,0.10369805001104723,5.529736760487868,,3.688897863836613,0.04877903355040614,,,,,,,,,,,,,,,,,,,,,,,,,,,,
528,2013-06-05,0.8000192004608111,,10.995574281351757,0.036907094845882935,0.7187074764743087,,4.765982063473022,0.024271634650700133,,,9.764286371497297,,4.7231503928373,0.03804827398211393,3.3303616260362547,,2.790135830377248,0.008079784744097145,2.0501381793132856,,3.0183377739484523,0.04052469680968108,2.9000848274812037,,4.70141844560044,,5.31676079302441,,6.319292800921213,0.06913203334069816,5.529736760487868,,4.215883272956129,0.041361603190937166,,,,,,,,,,,,,,,,,,,,,,,,,,,,
529,2013-06-06,0.5333461336405407,,8.496580126499081,0.18453547422941466,,,4.272949436217191,0.04854326930140025,,,7.135440040709564,,4.293773084397545,0.02536551598807596,10.503448205191264,,2.352467464827876,0.01615956948819429,,,1.9207604016035604,,4.350127241221807,,4.14831039317686,,5.31676079302441,,5.851197037890012,0.10369805001104723,11.299896858388252,,4.171033450903404,0.047270403646785315,,,,,,,,,,,,,,,,,,,,,,,,,,,,
530,2013-06-07,0.4000096002304056,,8.996378957469616,0.036907094845882935,,,2.300818927193872,0.04854326930140025,0.5019475565192949,,8.63763794401684,,4.379648546085496,0.012682757994037978,6.91690491561376,,2.188341827746861,0.01615956948819429,0.8200552717253142,,6.311069890983127,0.08104939361936216,5.075148448092107,,4.14831039317686,0.08168731131754962,5.759824192443111,0.04362337242321227,5.851197037890012,,,,3.688897863836613,0.046767527012245055,,,,,,,,,,,,,,,,,,,,,,,,,,,,
531,2013-06-08,0.5333461336405407,,9.246278372954883,0.036907094845882935,0.7187074764743087,,0.6573768363411063,,,,8.44986320610343,0.027732037901623617,4.036146699333694,0.02536551598807596,1.7932716447887531,,1.8053820078911604,0.01615956948819429,0.4100276358626571,,4.9390981755520125,0.1215740904290432,5.800169654962407,,0.8296620786353718,,2.5106925967059714,0.02181168621160614,5.3831012748588085,0.03456601667034908,,,2.8031138782952985,0.041361603190937166,,,,,,,,,,,,,,,,,,,,,,,,,,,,
532,2013-06-09,0.2666730668202704,,10.245876034895954,0.07381418969176587,,,3.6155725998760846,0.024271634650700133,0.5019475565192949,,9.388736895670478,,4.551399469461399,0.02536551598807596,5.123633270825008,,1.3677136423417882,0.01615956948819429,0.4100276358626571,,7.408647263328017,0.04052469680968108,4.350127241221807,,1.9358781834825345,,2.658380396512205,,5.617149156374412,0.03456601667034908,,,3.3300992874148148,0.03142978965876684,,,,,,,,,,,,,,,,,,,,,,,,,,,,
533,2013-06-10,0.4000096002304056,,11.495373112322287,0.036907094845882935,0.2395691588247696,,2.6295073453644253,,,,7.135440040709564,,5.6677804714047575,0.012682757994037978,9.991084878108763,,2.0242161906658467,,2.0501381793132856,,3.292732117034676,0.1215740904290432,4.350127241221807,,4.70141844560044,,4.873697393605709,0.02181168621160614,4.4469097487964095,,,,3.7898099634552436,0.037338590114615,,,,,,,,,,,,,,,,,,,,,,,,,,,,
534,2013-06-11,1.3333653341013518,,6.747284218102213,0.07381418969176587,0.4791383176495391,,1.4790978817674891,,,,8.262088468190019,,4.036146699333694,0.012682757994037978,7.685449906237513,,2.188341827746861,,2.0501381793132856,,3.841520803207121,0.04052469680968108,2.1750636206109037,0.1070767868555349,3.318648314541487,,3.5445071953496066,0.02181168621160614,2.8085745781872054,,,,3.1282750881775536,0.042493075618652766,,,,,,,,,,,,,,,,,,,,,,,,,,,,
535,2013-06-12,0.6666826670506759,,3.748491232279008,0.07381418969176587,0.4791383176495391,,0.8217210454263828,0.024271634650700133,,,6.947665302796153,,3.435018467518036,0.012682757994037978,7.1730865791550125,,1.4771307337291313,,1.6401105434506285,,4.9390981755520125,0.08104939361936216,1.4500424137406018,0.1070767868555349,4.14831039317686,,3.5445071953496066,,4.9150055118276095,0.03456601667034908,,,2.72462668970303,0.035075645259183795,,,,,,,,,,,,,,,,,,,,,,,,,,,,
536,2013-06-13,0.4000096002304056,,4.748088894220076,0.036907094845882935,,,2.4651631362791484,,,,5.069917923662059,,4.036146699333694,0.012682757994037978,6.404541588531259,,1.4771307337291313,,2.0501381793132856,,6.0366755478969045,0.04052469680968108,1.4500424137406018,,1.6593241572707436,,3.1014437959309067,0.02181168621160614,4.680957630312009,,,,2.6797768676503053,0.030549755548321362,,,,,,,,,,,,,,,,,,,,,,,,,,,,
537,2013-06-14,0.13333653341013518,,5.497787140675879,0.07381418969176587,0.2395691588247696,,3.286884181705532,0.024271634650700133,,,7.135440040709564,0.027732037901623617,3.606769390893938,0.012682757994037978,4.867451607283757,,1.1488794595671021,,0.8200552717253142,,5.4878868617244585,0.08104939361936216,2.1750636206109037,,3.8717563669650685,0.04084365565877481,1.9199413974810369,,2.106430933640404,0.03456601667034908,,,2.5228024904657684,0.030046878913781095,,,,,,,,,,,,,,,,,,,,,,,,,,,,
538,2013-06-15,0.6666826670506759,,7.496982464558015,0.1107212845376488,,,2.300818927193872,0.024271634650700133,,,9.576511633583886,0.027732037901623617,3.520893929205987,0.012682757994037978,4.6112699437425055,,1.641256370810146,,1.6401105434506285,,7.957435949500465,0.08104939361936216,1.4500424137406018,,2.2124322096943247,,1.7722535976748033,,4.9150055118276095,0.10369805001104723,,,2.9713007109930163,0.02828681069289015,,,,,,,,,,,,,,,,,,,,,,,,,,,,
539,2013-06-16,0.4000096002304056,,8.996378957469616,0.07381418969176587,0.9582766352990782,,2.6295073453644253,0.04854326930140025,,,6.7598905648827445,,2.83389023570238,0.03804827398211393,8.710176560402513,,1.1488794595671021,,1.6401105434506285,,5.213492518638237,,,,0.2765540262117906,,2.953755996124672,0.02181168621160614,2.3404788151560045,,,,2.6573519566239434,0.03331557703829285,,,,,,,,,,,,,,,,,,,,,,,,,,,,
540,2013-06-17,0.4000096002304056,,8.74647954198435,0.036907094845882935,0.2395691588247696,,1.150409463596936,0.04854326930140025,,,8.82541268193025,0.027732037901623617,5.581905009716809,0.012682757994037978,5.892178261448757,,2.571301647602562,,0.8200552717253142,,10.152590694190248,0.04052469680968108,4.350127241221807,,4.4248644193886495,,3.9875705947683073,,5.851197037890012,0.03456601667034908,,,3.8234473299947873,0.02979544059651096,,,,,,,,,,,,,,,,,,,,,,,,,,,,
541,2013-06-18,0.2666730668202704,,8.496580126499081,0.07381418969176587,0.2395691588247696,,1.6434420908527656,0.024271634650700133,,,10.139835847324118,,4.293773084397545,0.012682757994037978,9.478721551026263,,2.5165931019088905,,2.0501381793132856,,6.311069890983127,0.08104939361936216,,,1.9358781834825345,,5.464448592830643,,2.3404788151560045,0.13826406668139632,,,3.5431359421652573,0.042870233094557966,,,,,,,,,,,,,,,,,,,,,,,,,,,,
542,2013-06-19,0.6666826670506759,,5.24788772519061,0.1107212845376488,0.2395691588247696,,0.9860652545116594,,,,5.8210168753156974,,3.177392082454184,0.012682757994037978,6.91690491561376,,2.078924736359518,,1.2300829075879711,,6.0366755478969045,0.08104939361936216,2.9000848274812037,,4.14831039317686,,5.612136392636877,,3.978813985765208,,,,2.9713007109930163,0.039727254128681284,,,,,,,,,,,,,,,,,,,,,,,,,,,,
543,2013-06-20,0.13333653341013518,,7.996781295528549,0.07381418969176587,0.4791383176495391,,1.6434420908527656,0.024271634650700133,0.5019475565192949,,9.576511633583886,,3.435018467518036,0.012682757994037978,6.148359924990009,,2.13363328205319,,2.4601658151759427,,3.292732117034676,0.04052469680968108,0.7250212068703009,,3.318648314541487,,3.9875705947683073,0.04362337242321227,4.212861867280808,0.06913203334069816,,,3.094637721638009,0.03331557703829285,,,,,,,,,,,,,,,,,,,,,,,,,,,,
544,2013-06-21,0.9333557338709464,,6.247485387131679,0.1107212845376488,0.2395691588247696,,0.8217210454263828,0.024271634650700133,,,7.135440040709564,,4.637274931149348,0.012682757994037978,6.404541588531259,,1.2582965509544453,,0.8200552717253142,,2.743943430862229,,5.075148448092107,0.1070767868555349,2.2124322096943247,,2.953755996124672,0.02181168621160614,1.638335170609203,,,,2.6012896790580373,0.03469848778327859,,,,,,,,,,,,,,,,,,,,,,,,,,,,
545,2013-06-22,,,8.496580126499081,0.1107212845376488,0.7187074764743087,,2.6295073453644253,0.024271634650700133,0.5019475565192949,,7.323214778622973,,3.6926448525818887,0.012682757994037978,5.379814934366259,,2.6260101932962336,,,,3.5671264601208983,0.04052469680968108,2.1750636206109037,,1.1062161048471624,,3.69219499515584,,2.106430933640404,,,,2.904025977913929,0.029166844803335625,,,,,,,,,,,,,,,,,,,,,,,,,,,,
546,2013-06-23,0.8000192004608111,,4.748088894220076,0.07381418969176587,0.9582766352990782,,0.9860652545116594,0.024271634650700133,,,6.947665302796153,,2.490388388950576,0.012682757994037978,7.1730865791550125,,2.0242161906658467,0.02423935423229144,,,4.390309489379567,0.08104939361936216,2.1750636206109037,,1.3827701310589529,,1.9199413974810369,,4.680957630312009,0.06913203334069816,,,2.5003775794394056,0.03256126208648245,,,,,,,,,,,,,,,,,,,,,,,,,,,,
547,2013-06-24,0.6666826670506759,,7.746881880043283,0.036907094845882935,,,0.8217210454263828,,0.5019475565192949,,6.008791613229108,,3.6926448525818887,0.012682757994037978,4.098906616660007,,2.0242161906658467,0.008079784744097145,,,3.5671264601208983,,1.4500424137406018,,1.6593241572707436,,3.1014437959309067,,7.021436445468013,0.06913203334069816,7.693546797200511,,3.072212810611646,0.028035372375620017,,,,,,,,,,,,,,,,,,,,,,,,,,,,
548,2013-06-25,0.6666826670506759,,5.7476865561611445,0.036907094845882935,0.2395691588247696,,2.793851554449702,0.024271634650700133,,,8.63763794401684,,4.980776777901152,0.02536551598807596,6.404541588531259,,2.790135830377248,0.008079784744097145,,,3.0183377739484523,,7.25021206870301,,1.1062161048471624,,2.658380396512205,0.02181168621160614,3.0426224597028058,,3.3659267237752233,,3.3188868319016334,0.03444704946600845,,,,,,,,,,,,,,,,,,,,,,,,,,,,
549,2013-06-26,0.4000096002304056,,6.747284218102213,0.036907094845882935,0.2395691588247696,,1.4790978817674891,,,,6.7598905648827445,0.08319611370487084,3.6926448525818887,0.02536551598807596,10.759629868732517,,2.680718738989905,0.008079784744097145,2.4601658151759427,,6.859858577155572,0.04052469680968108,3.625106034351505,,4.70141844560044,0.16337462263509925,3.3968193955433734,0.04362337242321227,4.212861867280808,,7.2127001223754785,,3.744960141402519,0.037212870955979936,,,,,,,,,,,,,,,,,,,,,,,,,,,,
550,2013-06-27,0.8000192004608111,,7.247083049072748,0.036907094845882935,1.1978457941238478,,2.300818927193872,0.024271634650700133,0.5019475565192949,,6.196566351142516,,3.606769390893938,0.012682757994037978,7.685449906237513,,2.7354272846835763,0.008079784744097145,0.4100276358626571,,4.9390981755520125,,2.9000848274812037,,3.318648314541487,0.04084365565877481,3.1014437959309067,,6.319292800921213,,3.8467733986002566,,3.4646487535729884,0.0419901989841125,,,,,,,,,,,,,,,,,,,,,,,,,,,,
551,2013-06-28,0.6666826670506759,,6.247485387131679,0.036907094845882935,0.4791383176495391,,1.150409463596936,0.024271634650700133,,,6.196566351142516,,5.152527701277054,0.03804827398211393,6.148359924990009,,2.0242161906658467,,2.0501381793132856,,8.780618978759135,0.08104939361936216,1.4500424137406018,,2.4889862359061152,,3.1014437959309067,0.02181168621160614,5.14905339334321,0.06913203334069816,5.7701600979003835,,3.453436298059808,0.03884722001823581,,,,,,,,,,,,,,,,,,,,,,,,,,,,
552,2013-06-29,0.5333461336405407,,8.496580126499081,0.036907094845882935,1.1978457941238478,,2.6295073453644253,,,,9.388736895670478,,3.6926448525818887,0.012682757994037978,4.6112699437425055,,2.078924736359518,,2.0501381793132856,0.06055607940030736,4.115915146293344,0.08104939361936216,2.1750636206109037,,0.2765540262117906,,4.282946194380775,0.02181168621160614,3.744766104249607,0.03456601667034908,4.087196736012772,,3.2964619208752715,0.03872150085960074,,,,,,,,,,,,,,,,,,,,,,,,,,,,
553,2013-06-30,1.2000288006912163,,7.496982464558015,0.036907094845882935,0.2395691588247696,,1.6434420908527656,,0.5019475565192949,,6.008791613229108,,6.354784164908367,0.012682757994037978,8.966358223943761,0.07566981247821616,1.3130050966481168,,0.8200552717253142,,4.66470383246579,,1.4500424137406018,0.1070767868555349,0.8296620786353718,,3.3968193955433734,0.02181168621160614,5.14905339334321,0.06913203334069816,5.7701600979003835,,3.4646487535729884,0.0369614326387098,,,,,,,,,,,,,,,,,,,,,,,,,,,,
554,2013-07-01,0.8000192004608111,,10.745674865866489,0.1107212845376488,0.2395691588247696,,3.286884181705532,0.0970865386028005,,,9.200962157757068,,4.207897622709594,0.012682757994037978,6.404541588531259,0.03783490623910808,2.5165931019088905,,2.8701934510386,,6.859858577155572,0.04052469680968108,2.9000848274812037,,2.7655402621179057,0.04084365565877481,3.5445071953496066,,5.3831012748588085,0.03456601667034908,5.529736760487868,,3.9804217071793233,0.03884722001823581,,,,,,,,,,,,,,,,,,,,,,,,,,,,
555,2013-07-02,0.4000096002304056,,9.246278372954883,0.036907094845882935,0.4791383176495391,,1.3147536726822129,0.024271634650700133,,,10.703160061064343,,4.036146699333694,0.012682757994037978,6.148359924990009,,2.4071760105215474,,1.2300829075879711,,4.9390981755520125,0.08104939361936216,2.1750636206109037,0.32123036056660464,2.4889862359061152,,1.7722535976748033,0.04362337242321227,4.9150055118276095,0.2419621166924435,2.8850800489501918,,3.363736653954358,0.044630301315448914,,,,,,,,,,,,,,,,,,,,,,,,,,,,
556,2013-07-03,1.2000288006912163,,7.996781295528549,,0.2395691588247696,,2.300818927193872,0.024271634650700133,,,4.506593709921829,,4.379648546085496,0.012682757994037978,5.635996597907507,0.03783490623910808,1.641256370810146,,1.2300829075879711,,7.683041606414242,0.1215740904290432,0.7250212068703009,,1.1062161048471624,,4.726009593799477,0.02181168621160614,3.5107182227340066,0.10369805001104723,6.972276784962963,,3.3076743763884524,0.0377157475905202,,,,,,,,,,,,,,,,,,,,,,,,,,,,
557,2013-07-04,,,5.7476865561611445,0.036907094845882935,0.4791383176495391,,1.3147536726822129,0.024271634650700133,0.5019475565192949,,9.764286371497297,,4.809025854525251,0.03804827398211393,7.941631569778763,,2.078924736359518,,2.0501381793132856,,6.311069890983127,0.1215740904290432,2.1750636206109037,,3.0420942883296966,0.16337462263509925,4.1352583945745405,0.02181168621160614,3.5107182227340066,,5.289313423075352,,3.56556085319162,0.03708715179734487,,,,,,,,,,,,,,,,,,,,,,,,,,,,
558,2013-07-05,1.0666922672810817,,9.746077203925418,0.036907094845882935,0.2395691588247696,,0.4930326272558297,0.0970865386028005,,,5.069917923662059,,2.576263850638527,0.02536551598807596,3.0741799624950046,,1.3677136423417882,0.008079784744097145,1.2300829075879711,,2.743943430862229,0.04052469680968108,0.7250212068703009,,1.9358781834825345,,2.806068196318438,,3.744766104249607,0.06913203334069816,2.1638100367126443,,2.3546156577680506,0.03997869244595142,,,,,,,,,,,,,,,,,,,,,,,,,,,,
559,2013-07-06,0.8000192004608111,,8.246680711013816,0.036907094845882935,0.4791383176495391,,0.4930326272558297,0.024271634650700133,,,6.7598905648827445,,3.3491430058300846,0.012682757994037978,4.355088280201256,,1.5318392794228028,,0.4100276358626571,,6.859858577155572,0.08104939361936216,0.7250212068703009,,2.7655402621179057,,2.806068196318438,,4.4469097487964095,,1.4425400244750959,,2.7470516007293924,0.026401023313364143,,,,,,,,,,,,,,,,,,,,,,,,,,,,
560,2013-07-07,0.6666826670506759,,9.995976619410687,0.14762837938353174,1.9165532705981565,,3.6155725998760846,0.024271634650700133,,,8.63763794401684,,4.551399469461399,0.012682757994037978,11.015811532273764,,1.641256370810146,,0.4100276358626571,,7.683041606414242,0.04052469680968108,6.5251908618327095,,1.1062161048471624,,3.69219499515584,0.04362337242321227,2.8085745781872054,,7.453123459787995,,4.0028466182056865,0.0308011938655915,,,,,,,,,,,,,,,,,,,,,,,,,,,,
561,2013-07-08,0.6666826670506759,,6.4973848026169465,0.07381418969176587,0.9582766352990782,,1.9721305090233188,0.04854326930140025,,,9.01318741984366,,4.894901316213201,0.012682757994037978,6.91690491561376,,3.0089700131519344,,1.6401105434506285,,5.4878868617244585,0.04052469680968108,2.1750636206109037,,1.9358781834825345,,3.2491315957371394,0.02181168621160614,5.14905339334321,,6.251006772725416,,3.7898099634552436,0.04488173963271905,,,,,,,,,,,,,,,,,,,,,,,,,,,,
562,2013-07-09,0.4000096002304056,,8.246680711013816,0.07381418969176587,0.2395691588247696,,1.6434420908527656,0.024271634650700133,,,7.135440040709564,,4.894901316213201,0.012682757994037978,11.784356522897514,,2.8995529217645912,,1.2300829075879711,,6.311069890983127,0.20262348404840536,2.1750636206109037,,2.4889862359061152,,3.69219499515584,0.02181168621160614,3.276670341218406,,5.7701600979003835,,3.8346597855079683,0.042493075618652766,,,,,,,,,,,,,,,,,,,,,,,,,,,,
563,2013-07-10,0.2666730668202704,,5.24788772519061,0.036907094845882935,0.2395691588247696,,1.9721305090233188,0.07281490395210037,,,6.572115826969335,,5.238403162965005,0.03804827398211393,8.197813233320014,,1.641256370810146,0.01615956948819429,1.2300829075879711,,6.311069890983127,,2.1750636206109037,,3.0420942883296966,,3.5445071953496066,0.02181168621160614,3.978813985765208,0.06913203334069816,5.289313423075352,,3.3300992874148148,0.04299595225319303,,,,,,,,,,,,,,,,,,,,,,,,,,,,
564,2013-07-11,0.6666826670506759,,6.247485387131679,0.036907094845882935,0.7187074764743087,,1.3147536726822129,0.04854326930140025,,,6.008791613229108,,4.551399469461399,0.012682757994037978,5.892178261448757,,1.860090553584832,0.008079784744097145,1.6401105434506285,,5.762281204810683,0.04052469680968108,1.4500424137406018,,2.2124322096943247,,3.1014437959309067,,2.8085745781872054,,0.24042333741251604,,2.825538789321661,0.037338590114615,,,,,,,,,,,,,,,,,,,,,,,,,,,,
565,2013-07-12,0.8000192004608111,,7.996781295528549,0.07381418969176587,0.4791383176495391,,1.8077862999380423,0.024271634650700133,,,8.262088468190019,,4.465524007773447,0.012682757994037978,5.379814934366259,,1.4224221880354595,0.008079784744097145,1.2300829075879711,,4.9390981755520125,,2.1750636206109037,0.1070767868555349,3.318648314541487,,3.1014437959309067,,5.851197037890012,0.06913203334069816,2.40423337412516,,3.2067622767698216,0.031681227976036966,,,,,,,,,,,,,,,,,,,,,,,,,,,,
566,2013-07-13,0.6666826670506759,,3.4985918167937404,,0.4791383176495391,,0.9860652545116594,0.04854326930140025,0.5019475565192949,,5.633242137402287,,3.435018467518036,0.02536551598807596,6.404541588531259,,1.5318392794228028,0.01615956948819429,0.8200552717253142,,3.841520803207121,0.04052469680968108,2.9000848274812037,,1.6593241572707436,,4.578321793993243,,3.5107182227340066,0.06913203334069816,7.453123459787995,,2.847963700348023,0.03595567936962926,,,,,,,,,,,,,,,,,,,,,,,,,,,,
567,2013-07-14,0.8000192004608111,,6.4973848026169465,0.036907094845882935,,,3.451228390790808,0.04854326930140025,,,6.7598905648827445,,4.637274931149348,0.03804827398211393,8.453994896861262,,1.7506734621974889,,0.8200552717253142,,3.841520803207121,0.04052469680968108,2.1750636206109037,,1.1062161048471624,,2.806068196318438,,2.8085745781872054,0.06913203334069816,2.8850800489501918,,3.072212810611646,0.031932666293307106,,,,,,,,,,,,,,,,,,,,,,,,,,,,
568,2013-07-15,1.3333653341013518,,7.496982464558015,0.036907094845882935,0.2395691588247696,,0.9860652545116594,0.024271634650700133,0.5019475565192949,,6.3843410890559245,,4.980776777901152,0.012682757994037978,1.7932716447887531,,2.6260101932962336,,0.4100276358626571,,3.5671264601208983,0.04052469680968108,2.1750636206109037,,2.4889862359061152,,3.9875705947683073,,2.574526696671605,0.13826406668139632,4.3276200734252885,0.035507593724526214,3.1058501771511917,0.03444704946600845,,,,,,,,,,,,,,,,,,,,,,,,,,,,
569,2013-07-16,1.7333749343317573,,7.746881880043283,0.036907094845882935,0.7187074764743087,,1.8077862999380423,,,,6.7598905648827445,,3.435018467518036,0.012682757994037978,13.065264840603767,,1.6959649165038175,,1.6401105434506285,,5.213492518638237,0.04052469680968108,1.4500424137406018,,3.318648314541487,,2.3630047968997383,,1.638335170609203,,1.6829633618876116,,3.1731249102302783,0.03482420694191365,,,,,,,,,,,,,,,,,,,,,,,,,,,,
570,2013-07-17,0.4000096002304056,,4.498189478734808,0.036907094845882935,0.4791383176495391,,1.6434420908527656,0.024271634650700133,0.5019475565192949,,8.07431373027661,,4.207897622709594,0.02536551598807596,4.867451607283757,,2.2977589191342043,,1.6401105434506285,,4.390309489379567,0.04052469680968108,1.4500424137406018,,1.9358781834825345,,2.3630047968997383,,3.5107182227340066,0.06913203334069816,7.2127001223754785,,3.1058501771511917,0.03557852189372406,,,,,,,,,,,,,,,,,,,,,,,,,,,,
571,2013-07-18,0.6666826670506759,,5.24788772519061,0.036907094845882935,,,1.4790978817674891,0.024271634650700133,0.5019475565192949,,4.882143185748649,,4.7231503928373,0.012682757994037978,6.6607232520725095,,1.641256370810146,0.008079784744097145,2.8701934510386,,5.4878868617244585,0.04052469680968108,4.350127241221807,,1.9358781834825345,,1.3291901982561023,,3.276670341218406,0.06913203334069816,5.048890085662835,,2.881601066887567,0.03482420694191365,,,,,,,,,,,,,,,,,,,,,,,,,,,,
572,2013-07-19,0.5333461336405407,,3.2486924013084733,0.036907094845882935,0.4791383176495391,,2.793851554449702,0.024271634650700133,,,7.510989516536382,,4.637274931149348,0.012682757994037978,2.3056349718712528,0.07566981247821616,1.9147990992785042,,1.2300829075879711,,7.134252920241798,0.1215740904290432,2.9000848274812037,,0.8296620786353718,,4.430633994187008,0.04362337242321227,3.0426224597028058,,5.289313423075352,,3.0834252661248285,0.032309823769212306,,,,,,,,,,,,,,,,,,,,,,,,,,,,
573,2013-07-20,0.4000096002304056,,6.4973848026169465,0.036907094845882935,0.4791383176495391,,0.8217210454263828,,,,5.445467399488877,,2.0610110805108217,,5.379814934366259,,1.3130050966481168,,1.2300829075879711,,4.66470383246579,0.08104939361936216,,,1.6593241572707436,,1.6245657978685697,,3.276670341218406,,4.087196736012772,,2.264916013662601,0.03457276862464352,,,,,,,,,,,,,,,,,,,,,,,,,,,,
574,2013-07-21,0.13333653341013518,,6.4973848026169465,0.036907094845882935,,,1.150409463596936,,,,4.31881897200842,,4.551399469461399,0.06341378997018987,7.429268242696263,,1.2035880052607737,,,,7.134252920241798,0.04052469680968108,2.1750636206109037,,0.2765540262117906,,2.5106925967059714,0.02181168621160614,2.3404788151560045,0.10369805001104723,6.972276784962963,,2.7694765117557547,0.02539527004428361,,,,,,,,,,,,,,,,,,,,,,,,,,,,
575,2013-07-22,0.8000192004608111,,5.7476865561611445,0.14762837938353174,0.7187074764743087,,2.6295073453644253,0.024271634650700133,,,5.8210168753156974,,3.2632675441421344,0.012682757994037978,9.734903214567511,,2.188341827746861,,0.4100276358626571,,4.390309489379567,0.1215740904290432,3.625106034351505,,3.318648314541487,0.04084365565877481,3.2491315957371394,,3.276670341218406,,7.2127001223754785,,3.3076743763884524,0.031052632182861632,,,,,,,,,,,,,,,,,,,,,,,,,,,,
576,2013-07-23,0.9333557338709464,,4.498189478734808,0.1107212845376488,0.7187074764743087,,1.6434420908527656,0.024271634650700133,0.5019475565192949,,7.135440040709564,,4.551399469461399,0.012682757994037978,3.8427249531187564,,2.13363328205319,,,,5.4878868617244585,0.04052469680968108,2.9000848274812037,,1.6593241572707436,,3.69219499515584,0.02181168621160614,3.0426224597028058,,5.289313423075352,,3.072212810611646,0.03708715179734487,,,,,,,,,,,,,,,,,,,,,,,,,,,,
577,2013-07-24,0.5333461336405407,,3.9983906477642734,0.18453547422941466,0.2395691588247696,,1.150409463596936,0.07281490395210037,,,5.8210168753156974,,4.122022161021643,0.02536551598807596,6.91690491561376,,2.2977589191342043,,,,5.762281204810683,0.04052469680968108,5.075148448092107,,1.3827701310589529,,2.3630047968997383,,3.5107182227340066,,4.568043410837803,,2.904025977913929,0.03444704946600845,,,,,,,,,,,,,,,,,,,,,,,,,,,,
578,2013-07-25,0.8000192004608111,,5.7476865561611445,0.036907094845882935,,,1.9721305090233188,0.024271634650700133,,,6.572115826969335,,5.410154086340908,0.012682757994037978,4.355088280201256,,2.5165931019088905,,,,9.32940766493158,0.04052469680968108,2.1750636206109037,,1.9358781834825345,,4.726009593799477,0.02181168621160614,3.276670341218406,,5.7701600979003835,,3.5431359421652573,0.03256126208648245,,,,,,,,,,,,,,,,,,,,,,,,,,,,
579,2013-07-26,0.8000192004608111,,3.2486924013084733,,0.9582766352990782,,0.4930326272558297,,1.5058426695578846,,6.008791613229108,,4.207897622709594,0.02536551598807596,5.635996597907507,,1.7506734621974889,,1.6401105434506285,,5.4878868617244585,0.04052469680968108,2.1750636206109037,,2.2124322096943247,0.04084365565877481,3.1014437959309067,0.04362337242321227,3.276670341218406,,5.7701600979003835,,2.8928135224007483,0.039727254128681284,,,,,,,,,,,,,,,,,,,,,,,,,,,,
580,2013-07-27,0.4000096002304056,,4.748088894220076,0.2214425690752976,0.2395691588247696,,1.9721305090233188,0.024271634650700133,,,5.069917923662059,,3.606769390893938,0.02536551598807596,5.123633270825008,,1.5865478251164744,0.01615956948819429,2.0501381793132856,,6.585464234069352,0.04052469680968108,2.1750636206109037,,1.6593241572707436,,2.3630047968997383,,3.978813985765208,,2.8850800489501918,,2.6461395011107616,0.032435542927847366,,,,,,,,,,,,,,,,,,,,,,,,,,,,
581,2013-07-28,0.4000096002304056,,5.497787140675879,0.036907094845882935,0.4791383176495391,,2.4651631362791484,0.024271634650700133,0.5019475565192949,,6.572115826969335,,4.122022161021643,0.012682757994037978,6.148359924990009,,2.2430503734405334,0.008079784744097145,3.280221086901257,,5.762281204810683,0.04052469680968108,0.7250212068703009,,0.5531080524235812,,1.9199413974810369,0.02181168621160614,3.5107182227340066,,3.125503386362708,,2.9600882554798367,0.029669721437875888,,,,,,,,,,,,,,,,,,,,,,,,,,,,
582,2013-07-29,0.8000192004608111,,4.748088894220076,0.036907094845882935,0.4791383176495391,,0.9860652545116594,0.024271634650700133,,,6.3843410890559245,,3.6926448525818887,0.02536551598807596,4.355088280201256,,2.2430503734405334,,1.6401105434506285,,6.0366755478969045,0.04052469680968108,3.625106034351505,,4.14831039317686,0.04084365565877481,3.1014437959309067,0.04362337242321227,5.617149156374412,,4.3276200734252885,,3.1058501771511917,0.03318985787965778,,,,,,,,,,,,,,,,,,,,,,,,,,,,
583,2013-07-30,0.5333461336405407,,5.7476865561611445,0.1107212845376488,0.7187074764743087,,1.9721305090233188,0.024271634650700133,,,9.01318741984366,,4.122022161021643,0.03804827398211393,7.1730865791550125,,1.5865478251164744,0.008079784744097145,1.2300829075879711,,8.506224635672911,0.1215740904290432,2.1750636206109037,,2.2124322096943247,,3.69219499515584,0.04362337242321227,3.276670341218406,0.03456601667034908,5.7701600979003835,,3.397374020493902,0.03482420694191365,,,,,,,,,,,,,,,,,,,,,,,,,,,,
584,2013-07-31,0.6666826670506759,,4.748088894220076,0.14762837938353174,0.7187074764743087,,3.451228390790808,0.024271634650700133,0.5019475565192949,,6.196566351142516,,5.066652239589104,0.02536551598807596,4.867451607283757,,1.9695076449721751,,1.6401105434506285,,6.0366755478969045,0.08104939361936216,2.1750636206109037,,1.6593241572707436,,2.953755996124672,,2.8085745781872054,,6.251006772725416,,3.2403996433093654,0.03809290506642541,,,,,,,,,,,,,,,,,,,,,,,,,,,,
585,2013-08-01,0.4000096002304056,,4.9979883097053435,0.036907094845882935,0.2395691588247696,,3.779916808961361,0.024271634650700133,,,5.069917923662059,0.027732037901623617,3.77852031426984,0.012682757994037978,4.867451607283757,,2.078924736359518,,0.8200552717253142,,6.0366755478969045,0.04052469680968108,,,0.8296620786353718,,3.1014437959309067,0.06543505863481841,2.8085745781872054,0.06913203334069816,3.3659267237752233,,2.7919014227821166,0.03633283684553446,,,,,,,,,,,,,,,,,,,,,,,,,,,,
586,2013-08-02,0.4000096002304056,,5.997585971646413,0.07381418969176587,0.4791383176495391,,1.9721305090233188,0.024271634650700133,0.5019475565192949,,8.44986320610343,,3.864395775957792,0.02536551598807596,6.148359924990009,,1.2035880052607737,,0.4100276358626571,,4.66470383246579,0.04052469680968108,1.4500424137406018,,2.2124322096943247,,2.953755996124672,0.04362337242321227,2.574526696671605,,2.40423337412516,,2.7694765117557547,0.031304070500131766,,,,,,,,,,,,,,,,,,,,,,,,,,,,
587,2013-08-03,0.9333557338709464,,5.24788772519061,,,,2.4651631362791484,0.04854326930140025,,,4.506593709921829,0.027732037901623617,2.7480147740144294,,7.941631569778763,,1.3677136423417882,,0.4100276358626571,,6.311069890983127,,1.4500424137406018,,,,2.806068196318438,0.06543505863481841,2.8085745781872054,,5.048890085662835,,2.6125021345712183,0.031052632182861632,,,,,,,,,,,,,,,,,,,,,,,,,,,,
588,2013-08-04,0.4000096002304056,,5.997585971646413,0.036907094845882935,,,0.9860652545116594,,,,6.3843410890559245,,3.864395775957792,0.03804827398211393,4.867451607283757,,1.6959649165038175,0.02423935423229144,0.8200552717253142,,7.134252920241798,0.04052469680968108,4.350127241221807,,3.0420942883296966,0.08168731131754962,2.3630047968997383,,5.851197037890012,0.06913203334069816,2.40423337412516,,2.8928135224007483,0.029292563961970695,,,,,,,,,,,,,,,,,,,,,,,,,,,,
589,2013-08-05,0.8000192004608111,,4.2482900632495415,0.07381418969176587,0.2395691588247696,,1.8077862999380423,0.04854326930140025,0.5019475565192949,,5.069917923662059,,5.6677804714047575,0.02536551598807596,4.867451607283757,0.03783490623910808,1.9147990992785042,,2.4601658151759427,,3.5671264601208983,,1.4500424137406018,,1.1062161048471624,,3.2491315957371394,0.02181168621160614,5.14905339334321,0.03456601667034908,6.251006772725416,,3.117062632664372,0.032435542927847366,,,,,,,,,,,,,,,,,,,,,,,,,,,,
590,2013-08-06,0.6666826670506759,,4.498189478734808,0.036907094845882935,0.4791383176495391,,1.3147536726822129,0.024271634650700133,,,2.8166210687011435,,4.122022161021643,0.03804827398211393,3.5865432895775053,,2.188341827746861,,0.8200552717253142,,3.5671264601208983,,2.9000848274812037,,1.9358781834825345,,2.658380396512205,,2.106430933640404,0.03456601667034908,3.8467733986002566,,2.4555277573866814,0.03494992610054872,,,,,,,,,,,,,,,,,,,,,,,,,,,,
591,2013-08-07,0.5333461336405407,,4.498189478734808,0.036907094845882935,0.4791383176495391,,0.9860652545116594,0.07281490395210037,,,8.63763794401684,,3.606769390893938,0.03804827398211393,3.8427249531187564,,2.8448443760709194,0.008079784744097145,0.8200552717253142,,2.4695490877760062,0.04052469680968108,5.075148448092107,,2.2124322096943247,,2.806068196318438,0.02181168621160614,3.744766104249607,0.03456601667034908,4.568043410837803,,2.9713007109930163,0.02753249574107975,,,,,,,,,,,,,,,,,,,,,,,,,,,,
592,2013-08-08,0.9333557338709464,,2.74889357033794,0.036907094845882935,0.7187074764743087,,1.6434420908527656,0.024271634650700133,,,8.262088468190019,,3.6926448525818887,0.02536551598807596,7.941631569778763,,1.3130050966481168,0.01615956948819429,3.280221086901257,,5.762281204810683,0.1215740904290432,1.4500424137406018,,2.4889862359061152,,2.806068196318438,0.02181168621160614,3.5107182227340066,0.03456601667034908,3.125503386362708,,2.9152384334271098,0.03331557703829285,,,,,,,,,,,,,,,,,,,,,,,,,,,,
593,2013-08-09,0.4000096002304056,,4.2482900632495415,0.036907094845882935,0.2395691588247696,,1.4790978817674891,0.024271634650700133,,,2.8166210687011435,,4.551399469461399,0.012682757994037978,3.5865432895775053,,2.13363328205319,,0.8200552717253142,,4.390309489379567,0.08104939361936216,1.4500424137406018,,2.7655402621179057,0.04084365565877481,3.2491315957371394,0.02181168621160614,2.574526696671605,,,,2.399465479820776,0.032686981245117507,,,,,,,,,,,,,,,,,,,,,,,,,,,,
594,2013-08-10,0.6666826670506759,,3.9983906477642734,0.1107212845376488,0.4791383176495391,,0.6573768363411063,0.024271634650700133,,,5.445467399488877,,2.2327620038867235,0.012682757994037978,2.817998298953753,,1.9695076449721751,,1.2300829075879711,0.06055607940030736,4.66470383246579,0.08104939361936216,4.350127241221807,,,,3.9875705947683073,,1.404287289093603,,,,2.1079416364780643,0.02690389994790441,,,,,,,,,,,,,,,,,,,,,,,,,,,,
595,2013-08-11,0.6666826670506759,,5.7476865561611445,0.036907094845882935,0.9582766352990782,,0.6573768363411063,0.024271634650700133,,,5.069917923662059,,3.2632675441421344,0.012682757994037978,4.867451607283757,,1.3130050966481168,0.01615956948819429,1.2300829075879711,,6.585464234069352,0.08104939361936216,4.350127241221807,,1.1062161048471624,,2.806068196318438,,1.8723830521248035,,,,2.332190746741688,0.023635201823392658,,,,,,,,,,,,,,,,,,,,,,,,,,,,
596,2013-08-12,0.5333461336405407,,2.4989941548526717,0.07381418969176587,0.2395691588247696,,0.9860652545116594,0.024271634650700133,,,4.882143185748649,,4.379648546085496,0.012682757994037978,4.867451607283757,,2.13363328205319,0.008079784744097145,2.4601658151759427,,5.4878868617244585,0.04052469680968108,2.9000848274812037,,1.3827701310589529,,2.3630047968997383,0.06543505863481841,2.106430933640404,0.06913203334069816,1.4425400244750959,,2.489165123926225,0.02614958499609401,,,,,,,,,,,,,,,,,,,,,,,,,,,,
597,2013-08-13,0.5333461336405407,,3.4985918167937404,0.036907094845882935,0.4791383176495391,,0.9860652545116594,0.07281490395210037,,,6.947665302796153,,3.3491430058300846,0.012682757994037978,1.7932716447887531,,1.5865478251164744,,0.8200552717253142,,4.390309489379567,0.1215740904290432,1.4500424137406018,,2.4889862359061152,,1.1815023984498692,0.02181168621160614,2.8085745781872054,,,,2.0967291809648843,0.02790965321698496,,,,,,,,,,,,,,,,,,,,,,,,,,,,
598,2013-08-14,0.9333557338709464,,4.9979883097053435,0.036907094845882935,0.4791383176495391,,0.8217210454263828,,1.0038951130385898,,7.510989516536382,,3.606769390893938,0.012682757994037978,4.355088280201256,,1.4224221880354595,0.008079784744097145,1.6401105434506285,,3.5671264601208983,,2.1750636206109037,,3.318648314541487,,2.658380396512205,0.08724674484642454,2.8085745781872054,,0.9616933496500641,,2.5452274014921312,0.0235094826647576,,,,,,,,,,,,,,,,,,,,,,,,,,,,
599,2013-08-15,0.5333461336405407,,4.748088894220076,0.14762837938353174,0.9582766352990782,,1.150409463596936,0.04854326930140025,0.5019475565192949,,4.31881897200842,,3.0056411590782814,0.012682757994037978,2.0494533083300035,,1.1488794595671021,0.008079784744097145,0.4100276358626571,,3.841520803207121,,2.1750636206109037,,1.3827701310589529,,2.953755996124672,,1.8723830521248035,,5.289313423075352,,2.1864288250703328,0.028538249010160287,,,,,,,,,,,,,,,,,,,,,,,,,,,,
600,2013-08-16,0.4000096002304056,,3.4985918167937404,0.036907094845882935,1.1978457941238478,,1.6434420908527656,0.024271634650700133,0.5019475565192949,,4.131044234095009,,3.435018467518036,0.03804827398211393,7.1730865791550125,,1.3677136423417882,,0.4100276358626571,,3.0183377739484523,0.04052469680968108,2.1750636206109037,,2.2124322096943247,,3.2491315957371394,,2.3404788151560045,0.10369805001104723,0.7212700122375479,,2.309765835715326,0.02451523593383813,,,,,,,,,,,,,,,,,,,,,,,,,,,,
601,2013-08-17,0.13333653341013518,,6.247485387131679,0.07381418969176587,0.2395691588247696,,0.6573768363411063,,,,5.069917923662059,,1.88926015713492,0.012682757994037978,3.5865432895775053,,1.860090553584832,0.03231913897638858,1.2300829075879711,,3.5671264601208983,0.08104939361936216,1.4500424137406018,,0.2765540262117906,,2.215316997093504,0.04362337242321227,4.4469097487964095,0.2073961000220945,,,2.0294544478857963,0.025898146678823872,,,,,,,,,,,,,,,,,,,,,,,,,,,,
602,2013-08-18,1.3333653341013518,,5.997585971646413,0.036907094845882935,0.2395691588247696,,1.8077862999380423,0.024271634650700133,,,3.567720020354782,,3.2632675441421344,0.012682757994037978,3.8427249531187564,,1.3677136423417882,,0.8200552717253142,,3.292732117034676,,1.4500424137406018,,0.5531080524235812,,3.1014437959309067,0.04362337242321227,1.638335170609203,0.06913203334069816,,,2.1191540919912457,0.0227551677129472,,,,,,,,,,,,,,,,,,,,,,,,,,,,
603,2013-08-19,0.2666730668202704,,4.498189478734808,0.036907094845882935,1.9165532705981565,,0.8217210454263828,0.024271634650700133,,,8.82541268193025,,4.036146699333694,0.012682757994037978,4.867451607283757,,1.5865478251164744,,0.4100276358626571,,3.292732117034676,0.04052469680968108,2.1750636206109037,0.1070767868555349,2.7655402621179057,0.12253096697632446,3.3968193955433734,,2.8085745781872054,0.03456601667034908,0.24042333741251604,,2.6573519566239434,0.02376092098202773,,,,,,,,,,,,,,,,,,,,,,,,,,,,
604,2013-08-20,0.9333557338709464,,2.74889357033794,0.07381418969176587,0.4791383176495391,,0.9860652545116594,0.024271634650700133,,,4.694368447835239,,3.6926448525818887,0.012682757994037978,3.5865432895775053,,1.4224221880354595,,,,3.5671264601208983,0.08104939361936216,2.1750636206109037,,1.9358781834825345,,0.8861267988374016,,2.3404788151560045,0.03456601667034908,2.1638100367126443,,2.0406669033989773,0.02979544059651096,,,,,,,,,,,,,,,,,,,,,,,,,,,,
605,2013-08-21,1.3333653341013518,,3.2486924013084733,0.07381418969176587,0.4791383176495391,,1.150409463596936,0.07281490395210037,,,4.694368447835239,,3.3491430058300846,0.05073103197615191,5.123633270825008,,2.188341827746861,,1.2300829075879711,,3.5671264601208983,,1.4500424137406018,,2.2124322096943247,,1.6245657978685697,,3.0426224597028058,,2.40423337412516,,2.421890390847138,0.022880886871582257,,,,,,,,,,,,,,,,,,,,,,,,,,,,
606,2013-08-22,1.0666922672810817,,3.2486924013084733,0.036907094845882935,0.4791383176495391,,1.150409463596936,0.024271634650700133,,,5.445467399488877,,5.066652239589104,0.02536551598807596,4.355088280201256,,1.8053820078911604,,,,3.5671264601208983,,0.7250212068703009,,2.7655402621179057,,2.658380396512205,,1.638335170609203,,1.6829633618876116,,2.5115900349525875,0.02715533826517455,,,,,,,,,,,,,,,,,,,,,,,,,,,,
607,2013-08-23,1.3333653341013518,,6.4973848026169465,0.07381418969176587,0.2395691588247696,,1.4790978817674891,0.024271634650700133,0.5019475565192949,,6.3843410890559245,,3.77852031426984,0.02536551598807596,4.098906616660007,,1.4224221880354595,,0.4100276358626571,,2.4695490877760062,,1.4500424137406018,,3.5952023407532776,,1.7722535976748033,,2.574526696671605,0.03456601667034908,5.289313423075352,,2.6573519566239434,0.028161091534255087,,,,,,,,,,,,,,,,,,,,,,,,,,,,
608,2013-08-24,0.13333653341013518,,5.24788772519061,0.036907094845882935,0.2395691588247696,,,,,,6.196566351142516,,3.2632675441421344,0.012682757994037978,7.1730865791550125,,1.9147990992785042,,0.8200552717253142,,3.0183377739484523,,2.9000848274812037,,0.5531080524235812,,2.5106925967059714,,4.212861867280808,0.03456601667034908,2.8850800489501918,,2.5003775794394056,0.02979544059651096,,,,,,,,,,,,,,,,,,,,,,,,,,,,
609,2013-08-25,1.3333653341013518,,4.2482900632495415,0.036907094845882935,0.2395691588247696,,0.9860652545116594,0.04854326930140025,1.0038951130385898,,4.882143185748649,,3.2632675441421344,0.012682757994037978,4.355088280201256,,1.641256370810146,,0.4100276358626571,,5.4878868617244585,0.04052469680968108,1.4500424137406018,,0.5531080524235812,,3.1014437959309067,,4.212861867280808,0.06913203334069816,,,2.365828113281232,0.028035372375620017,,,,,,,,,,,,,,,,,,,,,,,,,,,,
610,2013-08-26,0.8000192004608111,,6.747284218102213,0.07381418969176587,0.7187074764743087,,2.300818927193872,0.07281490395210037,0.5019475565192949,,7.323214778622973,,3.520893929205987,0.02536551598807596,4.098906616660007,,2.7354272846835763,0.01615956948819429,2.0501381793132856,,6.585464234069352,0.04052469680968108,1.4500424137406018,,4.977972471812231,,1.6245657978685697,0.04362337242321227,2.3404788151560045,,,,2.9937256220193778,0.026526742471999213,,,,,,,,,,,,,,,,,,,,,,,,,,,,
611,2013-08-27,0.4000096002304056,,5.24788772519061,0.07381418969176587,0.2395691588247696,,0.6573768363411063,0.024271634650700133,0.5019475565192949,,5.445467399488877,,5.6677804714047575,0.012682757994037978,9.478721551026263,0.03783490623910808,2.7354272846835763,,1.2300829075879711,,3.0183377739484523,0.04052469680968108,2.1750636206109037,,1.6593241572707436,0.04084365565877481,2.215316997093504,0.04362337242321227,3.744766104249607,0.10369805001104723,5.048890085662835,,3.2179747322830026,0.03356701535556298,,,,,,,,,,,,,,,,,,,,,,,,,,,,
612,2013-08-28,0.4000096002304056,0.03938435850626645,5.497787140675879,0.036907094845882935,0.7187074764743087,,0.8217210454263828,0.024271634650700133,,,5.8210168753156974,,4.122022161021643,0.012682757994037978,3.0741799624950046,,1.9695076449721751,0.008079784744097145,2.4601658151759427,,4.66470383246579,,2.1750636206109037,,3.5952023407532776,0.2450619339526489,2.215316997093504,,4.212861867280808,0.06913203334069816,6.731853447550447,0.035507593724526214,2.9152384334271098,0.03608139852826433,,,,,,,,,,,,,,,,,,,,,,,,,,,,
613,2013-08-29,0.5333461336405407,,7.247083049072748,0.036907094845882935,0.2395691588247696,,0.6573768363411063,0.04854326930140025,,,5.257692661575468,0.11092815160649447,3.9502712376457416,0.012682757994037978,6.148359924990009,,2.188341827746861,0.01615956948819429,1.2300829075879711,,5.213492518638237,0.08104939361936216,1.4500424137406018,,4.4248644193886495,,2.953755996124672,0.02181168621160614,3.5107182227340066,0.03456601667034908,3.60635006118774,,2.9825131665061977,0.032686981245117507,,,,,,,,,,,,,,,,,,,,,,,,,,,,
614,2013-08-30,0.8000192004608111,,7.996781295528549,0.036907094845882935,0.4791383176495391,,1.3147536726822129,0.024271634650700133,0.5019475565192949,,7.323214778622973,,3.864395775957792,0.012682757994037978,5.379814934366259,,1.860090553584832,0.008079784744097145,2.8701934510386,,3.841520803207121,0.08104939361936216,4.350127241221807,,5.254526498024021,0.20421827829387407,2.953755996124672,0.04362337242321227,2.3404788151560045,0.03456601667034908,5.529736760487868,,3.2179747322830026,0.03344129619692792,,,,,,,,,,,,,,,,,,,,,,,,,,,,
615,2013-08-31,0.8000192004608111,,7.746881880043283,0.036907094845882935,0.7187074764743087,,0.16434420908527658,,,,4.694368447835239,,2.2327620038867235,0.012682757994037978,6.6607232520725095,,1.9695076449721751,,0.8200552717253142,,4.66470383246579,0.04052469680968108,8.700254482443611,,0.2765540262117906,,2.658380396512205,,3.5107182227340066,0.03456601667034908,4.3276200734252885,,2.6573519566239434,0.03608139852826433,,,,,,,,,,,,,,,,,,,,,,,,,,,,
616,2013-09-01,0.6666826670506759,,9.246278372954883,0.07381418969176587,0.7187074764743087,,1.3147536726822129,0.024271634650700133,,,5.8210168753156974,,5.8395313947806615,0.012682757994037978,4.355088280201256,,2.13363328205319,,2.8701934510386,0.18166823820092207,3.5671264601208983,0.04052469680968108,2.9000848274812037,,1.3827701310589529,0.04084365565877481,5.31676079302441,0.02181168621160614,7.255484326983613,0.13826406668139632,7.2127001223754785,,3.744960141402519,0.02979544059651096,,,,,,,,,,,,,,,,,,,,,,,,,,,,
617,2013-09-02,0.13333653341013518,,11.745272527807556,0.036907094845882935,0.2395691588247696,,2.9581957635349783,0.12135817325350062,0.5019475565192949,,7.323214778622973,,5.581905009716809,0.012682757994037978,7.1730865791550125,,3.6654725614759927,,0.4100276358626571,,1.9207604016035604,0.04052469680968108,3.625106034351505,,6.637296629082974,0.04084365565877481,5.021385193411943,0.1526818034812429,3.744766104249607,0.03456601667034908,2.8850800489501918,,4.1037587178243164,0.0419901989841125,,,,,,,,,,,,,,,,,,,,,,,,,,,,
618,2013-09-03,0.9333557338709464,,9.496177788440152,0.1107212845376488,,,2.9581957635349783,0.024271634650700133,,,8.262088468190019,,3.091516620766233,0.012682757994037978,5.379814934366259,,2.2430503734405334,,1.2300829075879711,,2.743943430862229,0.04052469680968108,3.625106034351505,,5.254526498024021,0.04084365565877481,2.806068196318438,0.06543505863481841,2.3404788151560045,0.03456601667034908,9.136086821675606,0.035507593724526214,3.4646487535729884,0.046013212060434655,,,,,,,,,,,,,,,,,,,,,,,,,,,,
619,2013-09-04,1.6000384009216222,,8.996378957469616,0.036907094845882935,,,1.4790978817674891,,0.5019475565192949,,5.445467399488877,,4.465524007773447,0.05073103197615191,6.148359924990009,0.03783490623910808,2.8448443760709194,,2.8701934510386,,2.195154744689784,,5.075148448092107,,1.3827701310589529,0.04084365565877481,4.726009593799477,0.04362337242321227,3.5107182227340066,0.06913203334069816,4.3276200734252885,0.07101518744905243,3.4422238425466265,0.03884722001823581,,,,,,,,,,,,,,,,,,,,,,,,,,,,
620,2013-09-05,1.3333653341013518,,5.24788772519061,0.036907094845882935,0.4791383176495391,,2.300818927193872,0.024271634650700133,,,7.510989516536382,,3.091516620766233,0.03804827398211393,4.355088280201256,,3.118387104539277,,1.6401105434506285,,5.4878868617244585,0.08104939361936216,0.7250212068703009,,4.977972471812231,,4.282946194380775,,3.5107182227340066,0.03456601667034908,6.251006772725416,0.14203037489810486,3.4758612090861702,0.038595781700965684,,,,,,,,,,,,,,,,,,,,,,,,,,,,
621,2013-09-06,0.6666826670506759,,7.496982464558015,0.036907094845882935,0.2395691588247696,,1.9721305090233188,0.04854326930140025,0.5019475565192949,,5.257692661575468,,5.753655933092711,0.06341378997018987,7.429268242696263,,1.1488794595671021,,1.2300829075879711,,2.743943430862229,0.08104939361936216,2.1750636206109037,,1.3827701310589529,0.16337462263509925,4.430633994187008,0.04362337242321227,5.3831012748588085,0.03456601667034908,6.731853447550447,,3.3188868319016334,0.038972939176870884,,,,,,,,,,,,,,,,,,,,,,,,,,,,
622,2013-09-07,0.9333557338709464,,6.247485387131679,0.036907094845882935,0.7187074764743087,,1.150409463596936,0.024271634650700133,,,6.7598905648827445,,4.551399469461399,0.012682757994037978,3.8427249531187564,,1.3130050966481168,0.02423935423229144,2.4601658151759427,,5.762281204810683,0.04052469680968108,9.425275689313912,,1.6593241572707436,,3.3968193955433734,,6.0852449194056115,0.06913203334069816,0.7212700122375479,,3.00493807753256,0.037212870955979936,,,,,,,,,,,,,,,,,,,,,,,,,,,,
623,2013-09-08,1.466701867511487,0.019692179253133223,9.246278372954883,0.036907094845882935,,,2.6295073453644253,0.04854326930140025,,,9.388736895670478,,5.238403162965005,0.07609654796422786,9.734903214567511,,2.188341827746861,0.008079784744097145,1.6401105434506285,,8.231830292586688,,2.9000848274812037,,1.3827701310589529,,1.9199413974810369,0.04362337242321227,4.212861867280808,0.10369805001104723,1.6829633618876116,,3.744960141402519,0.03369273451419805,,,,,,,,,,,,,,,,,,,,,,,,,,,,
624,2013-09-09,1.0666922672810817,0.03938435850626645,7.996781295528549,0.036907094845882935,0.2395691588247696,,2.1364747181085955,0.04854326930140025,,,7.698764254449793,,6.6124105499722186,0.012682757994037978,5.892178261448757,,3.0636785588456057,,3.690248722763914,,4.66470383246579,0.04052469680968108,2.1750636206109037,,7.743512733930137,0.08168731131754962,5.169072993218176,0.04362337242321227,3.744766104249607,0.03456601667034908,8.174393472025544,,4.406495016680209,0.0419901989841125,,,,,,,,,,,,,,,,,,,,,,,,,,,,
625,2013-09-10,0.8000192004608111,,6.247485387131679,0.07381418969176587,1.437414952948617,,2.9581957635349783,0.024271634650700133,,,6.7598905648827445,0.055464075803247234,4.980776777901152,0.012682757994037978,7.685449906237513,,2.8448443760709194,0.008079784744097145,4.100276358626571,,5.762281204810683,0.04052469680968108,2.1750636206109037,0.2141535737110698,4.14831039317686,0.04084365565877481,4.578321793993243,0.04362337242321227,4.4469097487964095,0.10369805001104723,4.8084667482503205,,3.9243594296134177,0.04940762934358146,,,,,,,,,,,,,,,,,,,,,,,,,,,,
626,2013-09-11,0.5333461336405407,,6.997183633587482,0.07381418969176587,,,1.3147536726822129,,,,7.886538992363203,,5.238403162965005,0.03804827398211393,6.404541588531259,,3.4466383787013064,0.02423935423229144,2.4601658151759427,,4.115915146293344,0.04052469680968108,3.625106034351505,,6.360742602871183,0.04084365565877481,5.021385193411943,,3.5107182227340066,0.03456601667034908,6.491430110137931,,3.991634162692505,0.04400170552227357,,,,,,,,,,,,,,,,,,,,,,,,,,,,
627,2013-09-12,0.5333461336405407,,5.997585971646413,0.036907094845882935,,,3.1225399726202547,0.04854326930140025,,,6.3843410890559245,,5.238403162965005,0.05073103197615191,7.685449906237513,,2.6260101932962336,,0.8200552717253142,,7.408647263328017,0.04052469680968108,4.350127241221807,,3.8717563669650685,0.08168731131754962,5.464448592830643,0.08724674484642454,4.9150055118276095,0.06913203334069816,4.568043410837803,,3.879509607560693,0.04475602047408398,,,,,,,,,,,,,,,,,,,,,,,,,,,,
628,2013-09-13,0.13333653341013518,,6.247485387131679,0.07381418969176587,0.2395691588247696,,1.6434420908527656,0.07281490395210037,,,5.445467399488877,,3.77852031426984,0.012682757994037978,10.759629868732517,,4.704934929655751,0.008079784744097145,1.2300829075879711,0.06055607940030736,6.585464234069352,0.04052469680968108,5.075148448092107,0.1070767868555349,5.531080524235811,,4.282946194380775,0.04362337242321227,4.680957630312009,0.03456601667034908,2.1638100367126443,,3.9243594296134177,0.0434988288877333,,,,,,,,,,,,,,,,,,,,,,,,,,,,
629,2013-09-14,0.9333557338709464,,4.498189478734808,0.036907094845882935,0.4791383176495391,,2.6295073453644253,0.04854326930140025,,,8.82541268193025,0.027732037901623617,4.379648546085496,0.02536551598807596,7.429268242696263,,1.860090553584832,0.008079784744097145,1.6401105434506285,,7.408647263328017,0.04052469680968108,6.5251908618327095,,0.8296620786353718,,5.021385193411943,,3.276670341218406,,4.087196736012772,,3.4982861201125326,0.04400170552227357,,,,,,,,,,,,,,,,,,,,,,,,,,,,
630,2013-09-15,0.8000192004608111,,7.496982464558015,0.036907094845882935,0.7187074764743087,,0.16434420908527658,,1.5058426695578846,,6.008791613229108,,4.036146699333694,0.012682757994037978,4.098906616660007,,2.4071760105215474,0.008079784744097145,1.6401105434506285,,6.0366755478969045,0.04052469680968108,,,0.2765540262117906,,3.5445071953496066,0.04362337242321227,4.212861867280808,0.06913203334069816,4.568043410837803,,3.0273629885589224,0.03922437749414102,,,,,,,,,,,,,,,,,,,,,,,,,,,,
631,2013-09-16,0.9333557338709464,,13.244669020719162,0.036907094845882935,0.2395691588247696,,3.779916808961361,0.024271634650700133,0.5019475565192949,,9.388736895670478,,4.7231503928373,0.02536551598807596,5.892178261448757,,1.860090553584832,0.008079784744097145,1.2300829075879711,,6.311069890983127,0.1620987872387243,2.9000848274812037,,1.9358781834825345,,4.430633994187008,0.06543505863481841,3.276670341218406,,0.9616933496500641,,3.7225352303761565,0.03394417283146819,,,,,,,,,,,,,,,,,,,,,,,,,,,,
632,2013-09-17,0.9333557338709464,,13.494568436204426,0.07381418969176587,0.2395691588247696,,2.300818927193872,0.04854326930140025,,,7.510989516536382,,6.526535088284269,0.012682757994037978,8.710176560402513,,3.6654725614759927,0.008079784744097145,1.6401105434506285,,7.957435949500465,0.04052469680968108,2.9000848274812037,,7.743512733930137,,5.021385193411943,0.02181168621160614,5.3831012748588085,,6.491430110137931,,4.9559053368260875,0.041738760666842366,,,,,,,,,,,,,,,,,,,,,,,,,,,,
633,2013-09-18,1.8667114677418928,,14.744065513630762,0.036907094845882935,,,3.286884181705532,0.07281490395210037,0.5019475565192949,,9.764286371497297,,7.471165166851728,0.012682757994037978,10.503448205191264,,3.391929833007635,0.008079784744097145,2.8701934510386,,10.975773723448915,0.04052469680968108,3.625106034351505,,4.4248644193886495,,4.282946194380775,,4.680957630312009,0.06913203334069816,10.09778017132567,,5.550165479024692,0.05556786811669977,,,,,,,,,,,,,,,,,,,,,,,,,,,,
634,2013-09-19,0.8000192004608111,,13.744467851689693,0.036907094845882935,0.4791383176495391,,1.8077862999380423,0.04854326930140025,,,7.323214778622973,0.027732037901623617,6.526535088284269,0.012682757994037978,10.759629868732517,,4.26726656410638,0.008079784744097145,0.8200552717253142,,10.975773723448915,0.04052469680968108,7.25021206870301,,3.318648314541487,,4.578321793993243,,7.021436445468013,0.03456601667034908,10.338203508738188,,5.348341279787429,0.06223098352435834,,,,,,,,,,,,,,,,,,,,,,,,,,,,
635,2013-09-20,0.5333461336405407,,14.744065513630762,0.036907094845882935,0.7187074764743087,,2.1364747181085955,0.07281490395210037,,,10.327610585237526,,5.152527701277054,0.012682757994037978,9.478721551026263,,3.829598198557007,0.01615956948819429,,,9.32940766493158,0.1620987872387243,2.1750636206109037,,4.70141844560044,0.12253096697632446,7.236702190505446,,6.787388563952413,,10.338203508738188,,5.337128824274249,0.05996803866892712,,,,,,,,,,,,,,,,,,,,,,,,,,,,
636,2013-09-21,0.6666826670506759,0.03938435850626645,11.495373112322287,0.07381418969176587,0.9582766352990782,,0.8217210454263828,0.07281490395210037,,,8.44986320610343,,5.581905009716809,0.03804827398211393,8.453994896861262,,3.173095650232949,,0.4100276358626571,,16.463660585173375,0.04052469680968108,7.25021206870301,,0.2765540262117906,,3.1014437959309067,0.04362337242321227,6.787388563952413,0.06913203334069816,6.731853447550447,,4.6083192159174695,0.059842319510292064,,,,,,,,,,,,,,,,,,,,,,,,,,,,
637,2013-09-22,0.5333461336405407,,14.99396492911603,0.036907094845882935,0.9582766352990782,,2.6295073453644253,0.04854326930140025,,,7.323214778622973,,4.293773084397545,0.012682757994037978,16.395626466640028,,3.9390152899443502,0.008079784744097145,,,16.738054928259597,0.04052469680968108,2.1750636206109037,,1.6593241572707436,,3.9875705947683073,0.04362337242321227,0.7021436445468013,,6.010583435312897,,4.866205692720638,0.05167057419901268,,,,,,,,,,,,,,,,,,,,,,,,,,,,
638,2013-09-23,0.9333557338709464,,15.74366317557183,0.036907094845882935,0.4791383176495391,,2.793851554449702,0.024271634650700133,1.0038951130385898,,6.947665302796153,,8.50167070710714,0.02536551598807596,4.098906616660007,,5.2520203865924655,,,,10.152590694190248,0.08104939361936216,4.350127241221807,,10.509052996048043,0.12253096697632446,6.645950991280513,0.02181168621160614,2.106430933640404,,4.087196736012772,,5.505315656971966,0.054562114847619234,,,,,,,,,,,,,,,,,,,,,,,,,,,,
639,2013-09-24,1.2000288006912163,,15.993562591057096,0.036907094845882935,0.7187074764743087,,2.9581957635349783,0.024271634650700133,,,6.947665302796153,,8.158168860355335,0.012682757994037978,9.478721551026263,,4.1031409270253665,,,,10.975773723448915,0.04052469680968108,1.4500424137406018,,7.190404681506555,0.08168731131754962,4.873697393605709,0.02181168621160614,1.8723830521248035,,5.7701600979003835,,5.281066546708343,0.06172810688981808,,,,,,,,,,,,,,,,,,,,,,,,,,,,
640,2013-09-25,,,11.245473696837022,0.036907094845882935,0.4791383176495391,,2.4651631362791484,0.024271634650700133,0.5019475565192949,,11.642033750631391,,6.268908703220418,0.012682757994037978,2.3056349718712528,,3.5560554700886486,,,,10.152590694190248,0.1215740904290432,7.25021206870301,0.1070767868555349,7.190404681506555,,6.498263191474277,,0.4680957630312009,,11.780743533213284,0.035507593724526214,4.933480425799727,0.05921372371711672,,,,,,,,,,,,,,,,,,,,,,,,,,,,
641,2013-09-26,1.3333653341013518,,16.993160252998162,0.036907094845882935,1.1978457941238478,,1.8077862999380423,0.024271634650700133,,,11.078709536891164,,6.354784164908367,0.05073103197615191,14.602354821851273,0.03783490623910808,3.8843067442506793,0.008079784744097145,1.6401105434506285,,9.603802008017805,0.08104939361936216,4.350127241221807,,3.318648314541487,,6.202887591861813,0.02181168621160614,7.723580090014813,0.06913203334069816,6.731853447550447,,5.774414589288317,0.055316429799429634,,,,,,,,,,,,,,,,,,,,,,,,,,,,
642,2013-09-27,1.466701867511487,,9.746077203925418,0.07381418969176587,0.7187074764743087,,2.4651631362791484,0.024271634650700133,,,8.82541268193025,,6.0971577798445145,0.012682757994037978,11.271993195815014,,3.0636785588456057,0.01615956948819429,4.100276358626571,,10.975773723448915,0.04052469680968108,2.9000848274812037,,2.7655402621179057,0.04084365565877481,4.430633994187008,,7.723580090014813,,9.616933496500641,,5.079242347471081,0.06474536669705969,,,,,,,,,,,,,,,,,,,,,,,,,,,,
643,2013-09-28,0.6666826670506759,,13.244669020719162,0.07381418969176587,,,0.16434420908527658,,,,10.515385323150936,,6.354784164908367,0.02536551598807596,9.734903214567511,,2.790135830377248,0.008079784744097145,1.6401105434506285,,9.32940766493158,0.08104939361936216,5.075148448092107,,2.2124322096943247,,4.430633994187008,0.02181168621160614,7.957627971530415,0.03456601667034908,7.693546797200511,,4.78771850412837,0.05695077886168552,,,,,,,,,,,,,,,,,,,,,,,,,,,,
644,2013-09-29,0.8000192004608111,,12.744870189748626,0.036907094845882935,0.7187074764743087,,,,0.5019475565192949,,7.135440040709564,0.027732037901623617,5.410154086340908,0.012682757994037978,5.379814934366259,,4.26726656410638,0.008079784744097145,1.6401105434506285,,12.622139781966254,0.08104939361936216,3.625106034351505,,2.4889862359061152,,9.304331387792717,0.04362337242321227,5.14905339334321,0.03456601667034908,8.174393472025544,,4.97833024785245,0.05368208073717376,,,,,,,,,,,,,,,,,,,,,,,,,,,,
645,2013-09-30,0.9333557338709464,0.059076537759399673,19.49215440785084,0.036907094845882935,0.9582766352990782,,3.1225399726202547,0.024271634650700133,0.5019475565192949,,11.454259012717984,0.027732037901623617,7.8146670136035326,0.012682757994037978,12.552901513521268,,5.9632314806101965,,5.330359266214543,,12.622139781966254,0.04052469680968108,3.625106034351505,,7.743512733930137,0.04084365565877481,3.69219499515584,,9.361915260624018,0.06913203334069816,10.09778017132567,,6.929297507145977,0.05581930643396992,,,,,,,,,,,,,,,,,,,,,,,,,,,,
646,2013-10-01,1.2000288006912163,,16.7432608375129,0.036907094845882935,0.2395691588247696,,3.6155725998760846,0.024271634650700133,0.5019475565192949,,3.004395806614553,,7.64291609022763,0.02536551598807596,21.26307807392378,,4.869060566736767,0.008079784744097145,3.280221086901257,,12.622139781966254,0.04052469680968108,5.075148448092107,,7.466958707718346,,8.122828989342848,0.06543505863481841,8.191675853046016,0.03456601667034908,11.780743533213284,,6.772323129961443,0.07769444003647162,,,,,,,,,,,,,,,,,,,,,,,,,,,,
647,2013-10-02,1.466701867511487,,17.74285849945397,0.036907094845882935,0.2395691588247696,,2.793851554449702,0.07281490395210037,,,7.135440040709564,,7.986417936979432,0.02536551598807596,15.114718148933775,0.03783490623910808,4.26726656410638,0.008079784744097145,5.7403869020772005,,10.975773723448915,0.04052469680968108,4.350127241221807,,6.084188576659392,,6.793638791086748,0.13087011726963682,7.255484326983613,,11.780743533213284,,6.458374375592368,0.07593437181558067,,,,,,,,,,,,,,,,,,,,,,,,,,,,
648,2013-10-03,1.3333653341013518,,14.494166098145495,0.036907094845882935,0.2395691588247696,,3.1225399726202547,0.024271634650700133,,,10.703160061064343,0.027732037901623617,7.385289705163776,0.012682757994037978,8.966358223943761,,4.376683655493722,0.008079784744097145,3.280221086901257,,11.524562409621366,0.04052469680968108,2.1750636206109037,,7.466958707718346,0.08168731131754962,7.089014390699212,0.04362337242321227,5.3831012748588085,0.06913203334069816,13.223283557688381,,6.189275443276019,0.07241423537379879,,,,,,,,,,,,,,,,,,,,,,,,,,,,
649,2013-10-04,0.6666826670506759,,13.744467851689693,0.036907094845882935,0.2395691588247696,,2.6295073453644253,,1.0038951130385898,,10.139835847324118,,7.64291609022763,0.02536551598807596,15.883263139557526,,4.9237691124304375,0.008079784744097145,1.6401105434506285,,12.073351095793807,0.04052469680968108,5.075148448092107,,6.637296629082974,,4.282946194380775,,10.06405890517082,0.06913203334069816,8.895663484263087,0.035507593724526214,6.301399998407831,0.06939697556655718,,,,,,,,,,,,,,,,,,,,,,,,,,,,
650,2013-10-05,2.2667210679722984,,15.243864344601295,0.036907094845882935,0.4791383176495391,,,,,,14.458654819332535,,4.809025854525251,0.012682757994037978,15.883263139557526,,4.2125580184127065,0.008079784744097145,2.0501381793132856,,11.524562409621366,0.04052469680968108,4.350127241221807,,2.2124322096943247,0.08168731131754962,8.565892388761549,0.02181168621160614,8.191675853046016,0.03456601667034908,4.568043410837803,,5.886539144420128,0.07065416715290786,,,,,,,,,,,,,,,,,,,,,,,,,,,,
651,2013-10-06,0.8000192004608111,,15.243864344601295,0.036907094845882935,0.2395691588247696,0.03538144196826035,,,,,12.205357964371624,,7.1276633200999235,0.012682757994037978,10.503448205191264,0.07566981247821616,4.431392201187394,,1.6401105434506285,,13.1709284681387,0.1215740904290432,5.075148448092107,,2.2124322096943247,,6.202887591861813,,6.787388563952413,0.06913203334069816,4.568043410837803,,5.550165479024692,0.06600255828341035,,,,,,,,,,,,,,,,,,,,,,,,,,,,
652,2013-10-07,0.6666826670506759,,19.24225499236557,0.036907094845882935,0.9582766352990782,,2.6295073453644253,0.024271634650700133,0.5019475565192949,,11.454259012717984,,11.163810019433617,0.02536551598807596,17.932716447887522,0.03783490623910808,6.45560839185324,0.008079784744097145,4.510303994489229,,12.896534125052474,0.04052469680968108,2.1750636206109037,0.1070767868555349,7.190404681506555,,9.452019187598953,0.02181168621160614,11.936441957295624,0.10369805001104723,6.972276784962963,,7.994480780898192,0.06223098352435834,,,,,,,,,,,,,,,,,,,,,,,,,,,,
653,2013-10-08,0.5333461336405407,,18.49255674590977,0.036907094845882935,0.2395691588247696,,2.4651631362791484,0.024271634650700133,0.5019475565192949,,10.703160061064343,,8.58754616879509,0.02536551598807596,14.858536485392525,,4.814352021043095,,2.4601658151759427,,8.231830292586688,0.04052469680968108,3.625106034351505,,5.807634550447602,0.12253096697632446,5.907511992249344,0.02181168621160614,11.702394075780024,0.10369805001104723,22.118947041951472,,7.198396439462327,0.08963776010680302,,,,,,,,,,,,,,,,,,,,,,,,,,,,
654,2013-10-09,0.5333461336405407,,14.244266682660227,0.07381418969176587,0.2395691588247696,,3.6155725998760846,0.024271634650700133,0.5019475565192949,,9.576511633583886,,7.55704062853968,0.012682757994037978,11.528174859356264,0.03783490623910808,5.087894749511452,,,,9.603802008017805,0.04052469680968108,0.7250212068703009,,8.020066760141928,0.04084365565877481,6.498263191474277,0.02181168621160614,11.00025043123322,0.03456601667034908,4.8084667482503205,,6.032301066091483,0.08071169984371324,,,,,,,,,,,,,,,,,,,,,,,,,,,,
655,2013-10-10,0.9333557338709464,,15.74366317557183,0.036907094845882935,0.9582766352990782,,5.259014690728852,0.0970865386028005,1.5058426695578846,,10.139835847324118,,7.041787858411974,0.012682757994037978,12.040538186438766,0.07566981247821616,4.978477658124108,0.008079784744097145,,,12.896534125052474,0.04052469680968108,2.9000848274812037,,7.190404681506555,,6.350575391668045,0.04362337242321227,10.29810678668642,0.06913203334069816,12.982860220275862,,6.7386857634218975,0.06763690734566623,,,,,,,,,,,,,,,,,,,,,,,,,,,,
656,2013-10-11,1.0666922672810817,,15.243864344601295,0.07381418969176587,0.2395691588247696,,2.9581957635349783,0.04854326930140025,1.0038951130385898,,8.262088468190019,,7.55704062853968,0.012682757994037978,8.966358223943761,0.11350471871732425,5.525563115060827,0.008079784744097145,,,11.250168066535142,0.04052469680968108,7.25021206870301,0.1070767868555349,4.4248644193886495,,6.645950991280513,0.06543505863481841,10.29810678668642,0.03456601667034908,11.059473520975736,,6.278975087381468,0.07555721433967548,,,,,,,,,,,,,,,,,,,,,,,,,,,,
657,2013-10-12,1.0666922672810817,,13.994367267174963,0.036907094845882935,0.4791383176495391,,,,0.5019475565192949,,9.388736895670478,,6.6124105499722186,0.012682757994037978,8.197813233320014,0.11350471871732425,4.486100746881067,0.008079784744097145,0.4100276358626571,,12.347745438880036,0.04052469680968108,,,2.2124322096943247,,8.565892388761549,0.04362337242321227,3.276670341218406,0.03456601667034908,5.048890085662835,,5.101667258497443,0.07040272883563771,,,,,,,,,,,,,,,,,,,,,,,,,,,,
658,2013-10-13,1.2000288006912163,,18.74245616139504,0.036907094845882935,,,3.1225399726202547,0.04854326930140025,,,5.633242137402287,0.027732037901623617,6.955912396724023,0.02536551598807596,11.015811532273764,,4.048432381331693,0.008079784744097145,,,15.91487189900093,0.04052469680968108,2.9000848274812037,,3.5952023407532776,,5.907511992249344,0.02181168621160614,11.00025043123322,0.1728300833517454,11.540320195800767,,6.065938432631026,0.057202217178955635,,,,,,,,,,,,,,,,,,,,,,,,,,,,
659,2013-10-14,0.9333557338709464,,15.493763760086566,0.036907094845882935,0.2395691588247696,,1.8077862999380423,0.024271634650700133,,,3.567720020354782,,7.55704062853968,0.012682757994037978,18.957443102052526,0.03783490623910808,4.376683655493722,0.008079784744097145,,,7.683041606414242,0.04052469680968108,1.4500424137406018,,4.70141844560044,,8.565892388761549,0.02181168621160614,14.276920772451627,0.03456601667034908,13.944553569925926,,6.3462498204605575,0.06801406482157142,,,,,,,,,,,,,,,,,,,,,,,,,,,,
660,2013-10-15,0.6666826670506759,,18.242657330424503,0.07381418969176587,0.4791383176495391,,3.451228390790808,0.024271634650700133,,,7.886538992363203,,10.047429017490256,0.03804827398211393,24.337258036418785,,3.610764015782321,0.008079784744097145,,,8.780618978759135,0.08104939361936216,7.25021206870301,,8.849728838777299,0.04084365565877481,5.021385193411943,0.02181168621160614,7.021436445468013,0.03456601667034908,14.42540024475096,,6.940509962659159,0.07115704378744812,,,,,,,,,,,,,,,,,,,,,,,,,,,,
661,2013-10-16,1.3333653341013518,,11.495373112322287,0.07381418969176587,0.4791383176495391,0.03538144196826035,1.3147536726822129,0.04854326930140025,1.5058426695578846,,5.257692661575468,,8.158168860355335,0.012682757994037978,,,4.431392201187394,0.008079784744097145,,,15.366083212828483,0.08104939361936216,3.625106034351505,,8.296620786353719,0.12253096697632446,9.89508258701765,,10.53215466820202,0.03456601667034908,10.338203508738188,,5.81926441134104,0.0778201591951067,,,,,,,,,,,,,,,,,,,,,,,,,,,,
662,2013-10-17,1.7333749343317573,,13.244669020719162,0.036907094845882935,1.1978457941238478,,4.765982063473022,0.024271634650700133,1.0038951130385898,,4.694368447835239,,9.016923477234846,0.012682757994037978,11.784356522897514,0.03783490623910808,6.6197340289342534,0.01615956948819429,,,10.975773723448915,0.04052469680968108,7.975233275573308,,6.913850655294765,,5.464448592830643,0.08724674484642454,7.489532208499213,,13.70413023251341,,6.7386857634218975,0.06524824333159995,,,,,,,,,,,,,,,,,,,,,,,,,,,,
663,2013-10-18,0.4000096002304056,,13.744467851689693,0.07381418969176587,0.2395691588247696,,2.9581957635349783,0.024271634650700133,0.5019475565192949,,8.07431373027661,,7.8146670136035326,0.012682757994037978,11.271993195815014,0.03783490623910808,3.774889652863336,0.008079784744097145,0.8200552717253142,,14.268505840483591,0.1215740904290432,4.350127241221807,,6.637296629082974,,6.055199792055577,0.02181168621160614,7.255484326983613,0.03456601667034908,12.982860220275862,,5.998663699551939,0.07555721433967548,,,,,,,,,,,,,,,,,,,,,,,,,,,,
664,2013-10-19,0.6666826670506759,,12.494970774263358,0.07381418969176587,0.4791383176495391,,1.150409463596936,0.024271634650700133,,,1.5021979033072763,,7.213538781787876,0.012682757994037978,11.528174859356264,,3.774889652863336,0.01615956948819429,0.8200552717253142,,9.32940766493158,0.04052469680968108,2.1750636206109037,,4.14831039317686,,3.1014437959309067,0.02181168621160614,7.021436445468013,0.03456601667034908,9.616933496500641,,4.653169037970195,0.06725974986976102,,,,,,,,,,,,,,,,,,,,,,,,,,,,
665,2013-10-20,0.5333461336405407,,13.744467851689693,0.07381418969176587,,,0.4930326272558297,,,,9.952061109410707,,8.244044322043287,0.012682757994037978,12.552901513521268,0.07566981247821616,5.580271660754496,,2.0501381793132856,,12.073351095793807,0.04052469680968108,7.975233275573308,,4.4248644193886495,,5.021385193411943,,9.127867379108418,0.03456601667034908,4.3276200734252885,,5.931388966472851,0.05217345083355295,,,,,,,,,,,,,,,,,,,,,,,,,,,,
666,2013-10-21,0.4000096002304056,,19.24225499236557,0.1107212845376488,0.7187074764743087,,3.6155725998760846,0.024271634650700133,1.0038951130385898,,3.567720020354782,,7.728791551915581,0.012682757994037978,9.991084878108763,,5.306728932286139,0.008079784744097145,2.4601658151759427,,10.426985037276474,0.04052469680968108,3.625106034351505,,6.360742602871183,0.04084365565877481,6.941326590892979,0.04362337242321227,7.723580090014813,0.03456601667034908,12.502013545450833,,6.234125265328744,0.06650543491795062,,,,,,,,,,,,,,,,,,,,,,,,,,,,
667,2013-10-22,1.3333653341013518,,11.995171943292826,0.1107212845376488,0.2395691588247696,,5.9163915270699565,0.024271634650700133,,,5.069917923662059,,6.784161473348122,0.02536551598807596,13.321446504145019,,4.65022638396208,0.01615956948819429,2.8701934510386,,9.055013321845355,0.04052469680968108,1.4500424137406018,,6.637296629082974,0.04084365565877481,7.3843899903116785,0.02181168621160614,6.553340682436812,,10.338203508738188,,5.886539144420128,0.06989985220109744,,,,,,,,,,,,,,,,,,,,,,,,,,,,
668,2013-10-23,0.9333557338709464,,13.744467851689693,0.036907094845882935,0.4791383176495391,,2.9581957635349783,0.024271634650700133,0.5019475565192949,,1.1266484274804571,,7.8146670136035326,0.02536551598807596,9.222539887485011,,3.720181107169663,,,,6.585464234069352,0.04052469680968108,5.075148448092107,,6.360742602871183,0.04084365565877481,5.31676079302441,0.02181168621160614,8.893819497592819,0.10369805001104723,12.021166870625795,,5.180154447089712,0.06600255828341035,,,,,,,,,,,,,,,,,,,,,,,,,,,,
669,2013-10-24,0.4000096002304056,,11.245473696837022,0.07381418969176587,1.1978457941238478,,1.3147536726822129,0.024271634650700133,,,1.5021979033072763,,6.784161473348122,0.012682757994037978,8.453994896861262,,3.6654725614759927,0.008079784744097145,0.4100276358626571,,8.780618978759135,0.1215740904290432,6.5251908618327095,,6.637296629082974,0.04084365565877481,6.202887591861813,,5.3831012748588085,0.06913203334069816,7.453123459787995,,4.59710676040429,0.05808225128940112,,,,,,,,,,,,,,,,,,,,,,,,,,,,
670,2013-10-25,0.2666730668202704,,13.244669020719162,0.036907094845882935,0.2395691588247696,,1.8077862999380423,0.024271634650700133,,,2.2532968549609147,,6.870036935036072,0.02536551598807596,6.148359924990009,,2.5165931019088905,0.01615956948819429,,,5.4878868617244585,0.08104939361936216,2.9000848274812037,,2.7655402621179057,,4.873697393605709,0.04362337242321227,7.021436445468013,,10.578626846150703,0.035507593724526214,4.148608539877042,0.05154485504037762,,,,,,,,,,,,,,,,,,,,,,,,,,,,
671,2013-10-26,0.4000096002304056,,14.494166098145495,0.07381418969176587,0.2395691588247696,,1.6434420908527656,0.0970865386028005,,,9.388736895670478,,4.980776777901152,0.012682757994037978,14.08999149476877,,3.774889652863336,0.008079784744097145,,,10.152590694190248,0.04052469680968108,4.350127241221807,,0.5531080524235812,,4.430633994187008,0.06543505863481841,10.29810678668642,,9.136086821675606,0.035507593724526214,5.1689419915765304,0.04651608869497492,,,,,,,,,,,,,,,,,,,,,,,,,,,,
672,2013-10-27,0.5333461336405407,,12.994769605233893,0.036907094845882935,1.1978457941238478,,,,0.5019475565192949,,5.633242137402287,,6.526535088284269,0.012682757994037978,8.197813233320014,,3.337221287313964,0.008079784744097145,,,8.506224635672911,0.04052469680968108,5.075148448092107,,0.5531080524235812,,3.8398827949620737,,6.787388563952413,0.03456601667034908,4.568043410837803,,4.204670817442948,0.05795653213076605,,,,,,,,,,,,,,,,,,,,,,,,,,,,
673,2013-10-28,0.8000192004608111,,12.494970774263358,0.036907094845882935,0.4791383176495391,,,,,,10.703160061064343,,7.041787858411974,0.012682757994037978,11.784356522897514,0.03783490623910808,5.087894749511452,,4.100276358626571,,11.250168066535142,0.04052469680968108,5.800169654962407,,11.338715074683414,,5.464448592830643,,9.59596314213962,0.10369805001104723,12.982860220275862,0.10652278117357863,6.3686747314869185,0.04714468448815026,,,,,,,,,,,,,,,,,,,,,,,,,,,,
674,2013-10-29,1.3333653341013518,,9.995976619410687,0.036907094845882935,0.4791383176495391,,2.6295073453644253,0.07281490395210037,,,8.262088468190019,,6.870036935036072,0.02536551598807596,5.635996597907507,,4.486100746881067,0.008079784744097145,2.4601658151759427,,8.506224635672911,0.04052469680968108,1.4500424137406018,,12.444931179530576,0.04084365565877481,4.282946194380775,,9.361915260624018,0.03456601667034908,10.81905018356322,0.07101518744905243,5.5389530235115085,0.07140848210471826,,,,,,,,,,,,,,,,,,,,,,,,,,,,
675,2013-10-30,0.4000096002304056,,13.244669020719162,0.07381418969176587,0.4791383176495391,,1.9721305090233188,0.12135817325350062,0.5019475565192949,,10.890934798977757,,7.900542475291482,0.012682757994037978,10.503448205191264,,2.9542614674582626,0.008079784744097145,2.0501381793132856,,11.250168066535142,0.1215740904290432,3.625106034351505,0.1070767868555349,5.531080524235811,0.12253096697632446,6.793638791086748,,4.680957630312009,0.03456601667034908,12.982860220275862,,5.684714945182865,0.062105264365723264,,,,,,,,,,,,,,,,,,,,,,,,,,,,
676,2013-10-31,0.6666826670506759,,11.745272527807556,0.1107212845376488,,,2.793851554449702,0.024271634650700133,,,10.515385323150936,,7.1276633200999235,0.012682757994037978,13.83380983122752,,3.5560554700886486,,3.280221086901257,,13.1709284681387,0.04052469680968108,2.9000848274812037,,4.4248644193886495,,5.612136392636877,,6.0852449194056115,0.03456601667034908,6.010583435312897,0.07101518744905243,5.516528112485149,0.06373961342797914,,,,,,,,,,,,,,,,,,,,,,,,,,,,
677,2013-11-01,1.0666922672810817,,10.49577545038122,0.07381418969176587,0.9582766352990782,,2.793851554449702,0.14562980790420074,,,12.205357964371624,,8.415795245419188,0.012682757994037978,4.867451607283757,,3.22780419592662,,0.8200552717253142,,9.603802008017805,0.04052469680968108,1.4500424137406018,,4.977972471812231,,4.873697393605709,0.02181168621160614,7.255484326983613,0.03456601667034908,8.895663484263087,0.14203037489810486,5.269854091195161,0.06185382604845314,,,,,,,,,,,,,,,,,,,,,,,,,,,,
678,2013-11-02,0.8000192004608111,,14.244266682660227,0.07381418969176587,0.7187074764743087,,1.8077862999380423,0.024271634650700133,1.0038951130385898,,6.008791613229108,,5.753655933092711,0.02536551598807596,4.355088280201256,,3.9937238356380216,0.02423935423229144,3.690248722763914,,7.408647263328017,0.08104939361936216,3.625106034351505,0.4283071474221396,0.8296620786353718,,4.578321793993243,,3.744766104249607,0.03456601667034908,6.731853447550447,,4.339220283601122,0.05908800455848165,,,,,,,,,,,,,,,,,,,,,,,,,,,,
679,2013-11-03,1.0666922672810817,,11.495373112322287,0.07381418969176587,0.4791383176495391,,2.6295073453644253,0.024271634650700133,0.5019475565192949,,6.196566351142516,,6.698286011660169,0.012682757994037978,6.6607232520725095,,2.680718738989905,0.03231913897638858,1.2300829075879711,,10.152590694190248,0.1215740904290432,4.350127241221807,,1.6593241572707436,,5.464448592830643,0.06543505863481841,6.319292800921213,0.03456601667034908,11.299896858388252,,4.731656226562464,0.04865331439177107,,,,,,,,,,,,,,,,,,,,,,,,,,,,
680,2013-11-04,1.3333653341013518,,15.243864344601295,0.07381418969176587,1.437414952948617,,4.108605227131913,0.07281490395210037,,,4.882143185748649,,7.900542475291482,0.012682757994037978,24.59343969996004,,4.5955178382684085,0.008079784744097145,3.690248722763914,,6.0366755478969045,0.04052469680968108,5.800169654962407,,7.190404681506555,0.08168731131754962,3.9875705947683073,,5.851197037890012,,14.90624691957599,,6.492011742131911,0.053053484943998426,,,,,,,,,,,,,,,,,,,,,,,,,,,,
681,2013-11-05,1.2000288006912163,,13.744467851689693,0.036907094845882935,0.4791383176495391,,1.3147536726822129,,,,10.327610585237526,,7.64291609022763,0.012682757994037978,7.685449906237513,,3.337221287313964,0.02423935423229144,1.2300829075879711,,6.859858577155572,0.04052469680968108,4.350127241221807,,6.913850655294765,0.16337462263509925,5.021385193411943,0.02181168621160614,6.0852449194056115,0.03456601667034908,2.8850800489501918,,4.933480425799727,0.07279139284970401,,,,,,,,,,,,,,,,,,,,,,,,,,,,
682,2013-11-06,0.5333461336405407,,13.744467851689693,0.036907094845882935,2.156122429422926,,3.9442610180466375,0.0970865386028005,0.5019475565192949,,3.3799452824413723,0.055464075803247234,6.698286011660169,0.012682757994037978,6.91690491561376,,3.8843067442506793,0.01615956948819429,2.4601658151759427,,15.640477555914707,0.08104939361936216,3.625106034351505,,8.849728838777299,0.04084365565877481,4.578321793993243,0.04362337242321227,7.489532208499213,0.10369805001104723,3.125503386362708,,5.191366902602892,0.055316429799429634,,,,,,,,,,,,,,,,,,,,,,,,,,,,
683,2013-11-07,0.5333461336405407,,11.745272527807556,0.036907094845882935,0.7187074764743087,,1.9721305090233188,,,,11.454259012717984,,5.496029548028859,,18.957443102052526,,2.9542614674582626,,0.8200552717253142,,8.231830292586688,0.04052469680968108,5.075148448092107,,8.020066760141928,0.12253096697632446,6.055199792055577,,5.3831012748588085,,6.491430110137931,,5.359553735300612,0.058207970448036175,,,,,,,,,,,,,,,,,,,,,,,,,,,,
684,2013-11-08,2.133384534562163,,8.496580126499081,0.1107212845376488,1.1978457941238478,,2.6295073453644253,0.024271634650700133,1.5058426695578846,,8.63763794401684,0.027732037901623617,5.753655933092711,0.012682757994037978,6.91690491561376,,2.9542614674582626,0.008079784744097145,0.4100276358626571,,6.0366755478969045,,5.800169654962407,,4.4248644193886495,,3.9875705947683073,0.02181168621160614,6.319292800921213,0.06913203334069816,18.031750305938694,0.07101518744905243,4.97833024785245,0.06009375782756219,,,,,,,,,,,,,,,,,,,,,,,,,,,,
685,2013-11-09,1.2000288006912163,,12.744870189748626,0.07381418969176587,0.4791383176495391,,,,,,6.572115826969335,0.055464075803247234,5.066652239589104,,8.966358223943761,,3.610764015782321,0.01615956948819429,0.4100276358626571,0.18166823820092207,10.701379380362694,0.04052469680968108,2.9000848274812037,,0.8296620786353718,,4.1352583945745405,,7.957627971530415,,5.529736760487868,0.07101518744905243,4.361645194627484,0.05581930643396992,,,,,,,,,,,,,,,,,,,,,,,,,,,,
686,2013-11-10,0.9333557338709464,,14.494166098145495,0.036907094845882935,,,,,0.5019475565192949,,6.572115826969335,,6.183033241532465,0.02536551598807596,6.148359924990009,,3.391929833007635,0.008079784744097145,1.2300829075879711,,10.975773723448915,0.20262348404840536,8.700254482443611,,0.5531080524235812,,3.69219499515584,0.04362337242321227,3.744766104249607,0.03456601667034908,4.568043410837803,,4.215883272956129,0.0489047527090412,,,,,,,,,,,,,,,,,,,,,,,,,,,,
687,2013-11-11,0.5333461336405407,,12.994769605233893,0.18453547422941466,0.7187074764743087,,0.9860652545116594,,,,4.882143185748649,,6.0971577798445145,0.02536551598807596,12.552901513521268,,3.391929833007635,,2.4601658151759427,,11.798956752707586,0.04052469680968108,3.625106034351505,,8.573174812565508,0.08168731131754962,8.122828989342848,0.04362337242321227,9.361915260624018,0.03456601667034908,12.261590208038314,0.07101518744905243,5.651077578643322,0.047270403646785315,,,,,,,,,,,,,,,,,,,,,,,,,,,,
688,2013-11-12,0.9333557338709464,,8.996378957469616,0.036907094845882935,0.2395691588247696,,1.4790978817674891,0.04854326930140025,1.5058426695578846,,8.44986320610343,0.027732037901623617,7.213538781787876,0.012682757994037978,16.139444803098772,0.03783490623910808,3.22780419592662,0.02423935423229144,,,8.506224635672911,0.04052469680968108,6.5251908618327095,,7.190404681506555,0.04084365565877481,4.873697393605709,0.02181168621160614,7.255484326983613,0.03456601667034908,1.6829633618876116,,4.97833024785245,0.06336245595207395,,,,,,,,,,,,,,,,,,,,,,,,,,,,
689,2013-11-13,0.4000096002304056,,8.996378957469616,0.036907094845882935,0.2395691588247696,,1.3147536726822129,0.024271634650700133,0.5019475565192949,,2.2532968549609147,,4.293773084397545,0.012682757994037978,5.379814934366259,,3.0089700131519344,0.008079784744097145,,,7.957435949500465,0.08104939361936216,2.1750636206109037,,4.14831039317686,0.04084365565877481,5.169072993218176,,6.787388563952413,0.03456601667034908,,,3.3413117429279957,0.05581930643396992,,,,,,,,,,,,,,,,,,,,,,,,,,,,
690,2013-11-14,1.0666922672810817,,13.994367267174963,0.036907094845882935,0.7187074764743087,,1.150409463596936,,0.5019475565192949,,7.510989516536382,,4.293773084397545,,7.429268242696263,,2.8448443760709194,,3.280221086901257,,7.683041606414242,0.04052469680968108,,,2.4889862359061152,,5.759824192443111,,6.0852449194056115,0.10369805001104723,0.7212700122375479,,4.0252715292320485,0.03746430927325007,,,,,,,,,,,,,,,,,,,,,,,,,,,,
691,2013-11-15,0.9333557338709464,,5.997585971646413,0.036907094845882935,,,1.4790978817674891,0.04854326930140025,1.0038951130385898,,8.07431373027661,,4.980776777901152,0.012682757994037978,8.710176560402513,,2.4618845562152187,,0.8200552717253142,,9.603802008017805,0.08104939361936216,5.075148448092107,,6.084188576659392,0.04084365565877481,3.5445071953496066,,7.489532208499213,0.06913203334069816,2.1638100367126443,,3.9579967961529614,0.04513317794998917,,,,,,,,,,,,,,,,,,,,,,,,,,,,
692,2013-11-16,0.5333461336405407,,13.494568436204426,0.036907094845882935,0.2395691588247696,,,,,,4.506593709921829,,4.207897622709594,,11.528174859356264,,2.352467464827876,0.008079784744097145,1.2300829075879711,,8.506224635672911,0.08104939361936216,6.5251908618327095,,1.1062161048471624,0.04084365565877481,5.464448592830643,,7.021436445468013,0.06913203334069816,6.972276784962963,,4.070121351284773,0.04437886299817877,,,,,,,,,,,,,,,,,,,,,,,,,,,,
693,2013-11-17,0.13333653341013518,,12.994769605233893,0.07381418969176587,0.4791383176495391,,,,,,4.882143185748649,,4.293773084397545,0.012682757994037978,5.635996597907507,,2.2977589191342043,0.008079784744097145,1.2300829075879711,,8.231830292586688,0.04052469680968108,5.075148448092107,,1.9358781834825345,,3.8398827949620737,,7.957627971530415,0.06913203334069816,0.48084667482503207,,3.4085864760070828,0.04563605458452945,,,,,,,,,,,,,,,,,,,,,,,,,,,,
694,2013-11-18,0.6666826670506759,,17.243059668483433,0.07381418969176587,0.7187074764743087,,,,1.5058426695578846,,8.63763794401684,0.027732037901623617,4.379648546085496,0.012682757994037978,9.734903214567511,,3.173095650232949,,,,13.994111497397368,0.08104939361936216,3.625106034351505,,2.7655402621179057,,4.873697393605709,0.04362337242321227,9.361915260624018,,,,4.619531671430652,0.03821862422506047,,,,,,,,,,,,,,,,,,,,,,,,,,,,
695,2013-11-19,0.9333557338709464,,13.494568436204426,0.036907094845882935,,,0.9860652545116594,0.024271634650700133,1.0038951130385898,,8.63763794401684,0.055464075803247234,5.925406856468612,0.012682757994037978,11.528174859356264,,2.4071760105215474,0.008079784744097145,,,12.073351095793807,0.1215740904290432,3.625106034351505,,6.084188576659392,0.08168731131754962,5.759824192443111,0.04362337242321227,9.127867379108418,0.03456601667034908,,,4.731656226562464,0.05179629335764775,,,,,,,,,,,,,,,,,,,,,,,,,,,,
696,2013-11-20,0.5333461336405407,,10.745674865866489,0.036907094845882935,0.2395691588247696,,1.6434420908527656,0.024271634650700133,,,4.31881897200842,,5.496029548028859,0.012682757994037978,9.734903214567511,,2.4071760105215474,,,,5.762281204810683,0.08104939361936216,2.1750636206109037,,7.743512733930137,0.08168731131754962,3.8398827949620737,,5.617149156374412,0.10369805001104723,,,3.688897863836613,0.053053484943998426,,,,,,,,,,,,,,,,,,,,,,,,,,,,
697,2013-11-21,0.4000096002304056,,14.494166098145495,0.036907094845882935,0.7187074764743087,,1.4790978817674891,0.024271634650700133,0.5019475565192949,,9.764286371497297,,5.925406856468612,0.012682757994037978,16.907989793722525,,2.8448443760709194,0.01615956948819429,0.4100276358626571,,10.152590694190248,0.04052469680968108,0.7250212068703009,,7.743512733930137,0.08168731131754962,2.953755996124672,,6.553340682436812,,,,4.798930959641551,0.041361603190937166,,,,,,,,,,,,,,,,,,,,,,,,,,,,
698,2013-11-22,1.3333653341013518,,10.245876034895954,0.036907094845882935,0.9582766352990782,,1.4790978817674891,0.024271634650700133,,,5.257692661575468,,5.8395313947806615,0.012682757994037978,4.355088280201256,,2.9542614674582626,,,,6.585464234069352,0.08104939361936216,1.4500424137406018,,4.14831039317686,0.08168731131754962,5.31676079302441,0.02181168621160614,6.553340682436812,0.03456601667034908,,,3.7673850524288817,0.05380779989580882,,,,,,,,,,,,,,,,,,,,,,,,,,,,
699,2013-11-23,1.2000288006912163,,9.995976619410687,0.036907094845882935,0.7187074764743087,,,,0.5019475565192949,,1.5021979033072763,,3.606769390893938,,9.991084878108763,,2.188341827746861,,,,6.859858577155572,0.1215740904290432,4.350127241221807,,2.4889862359061152,,1.9199413974810369,0.02181168621160614,5.3831012748588085,,,,2.8928135224007483,0.04224163730138263,,,,,,,,,,,,,,,,,,,,,,,,,,,,
700,2013-11-24,0.8000192004608111,,9.995976619410687,0.036907094845882935,1.437414952948617,,,,,,5.633242137402287,0.027732037901623617,5.6677804714047575,0.012682757994037978,8.710176560402513,,2.2977589191342043,0.008079784744097145,,,10.701379380362694,0.08104939361936216,2.9000848274812037,,3.0420942883296966,,4.873697393605709,0.04362337242321227,7.255484326983613,0.06913203334069816,3.125503386362708,,3.9804217071793233,0.032435542927847366,,,,,,,,,,,,,,,,,,,,,,,,,,,,
701,2013-11-25,0.9333557338709464,,13.244669020719162,0.036907094845882935,0.2395691588247696,,1.150409463596936,0.07281490395210037,1.5058426695578846,,9.576511633583886,,6.354784164908367,0.02536551598807596,12.040538186438766,0.07566981247821616,2.4618845562152187,0.008079784744097145,,,8.231830292586688,0.1215740904290432,4.350127241221807,,5.531080524235811,,4.282946194380775,,7.021436445468013,0.03456601667034908,3.125503386362708,,4.6643814934833765,0.044630301315448914,,,,,,,,,,,,,,,,,,,,,,,,,,,,
702,2013-11-26,1.6000384009216222,,8.996378957469616,0.036907094845882935,0.4791383176495391,0.0707628839365207,1.3147536726822129,0.024271634650700133,,,9.764286371497297,0.027732037901623617,5.238403162965005,0.012682757994037978,8.966358223943761,0.07566981247821616,3.118387104539277,0.008079784744097145,2.4601658151759427,,15.366083212828483,0.1215740904290432,6.5251908618327095,0.2141535737110698,6.637296629082974,0.12253096697632446,5.169072993218176,,3.978813985765208,0.06913203334069816,10.81905018356322,,5.101667258497443,0.05229916999218802,,,,,,,,,,,,,,,,,,,,,,,,,,,,
703,2013-11-27,0.6666826670506759,,12.994769605233893,0.036907094845882935,,,1.8077862999380423,0.04854326930140025,,,8.63763794401684,0.027732037901623617,4.980776777901152,0.02536551598807596,3.3303616260362547,,2.078924736359518,0.008079784744097145,3.280221086901257,,9.603802008017805,0.08104939361936216,2.1750636206109037,,5.531080524235811,0.04084365565877481,3.3968193955433734,0.02181168621160614,7.489532208499213,0.03456601667034908,7.693546797200511,0.07101518744905243,4.215883272956129,0.057202217178955635,,,,,,,,,,,,,,,,,,,,,,,,,,,,
704,2013-11-28,1.3333653341013518,,12.245071358778093,0.036907094845882935,0.4791383176495391,,0.3286884181705532,,1.0038951130385898,,9.01318741984366,,4.207897622709594,0.012682757994037978,9.478721551026263,0.07566981247821616,2.4071760105215474,0.008079784744097145,2.4601658151759427,,6.311069890983127,0.04052469680968108,3.625106034351505,,5.254526498024021,0.04084365565877481,3.2491315957371394,,7.723580090014813,0.03456601667034908,6.972276784962963,0.035507593724526214,4.260733095008853,0.047270403646785315,,,,,,,,,,,,,,,,,,,,,,,,,,,,
705,2013-11-29,0.9333557338709464,,6.247485387131679,0.036907094845882935,1.9165532705981565,,1.150409463596936,0.024271634650700133,,,9.764286371497297,,7.471165166851728,0.012682757994037978,15.883263139557526,0.03783490623910808,3.720181107169663,,0.4100276358626571,,8.231830292586688,0.04052469680968108,2.9000848274812037,0.1070767868555349,4.977972471812231,,5.169072993218176,,6.0852449194056115,0.03456601667034908,8.174393472025544,0.07101518744905243,5.2025793581160755,0.04777328028132559,,,,,,,,,,,,,,,,,,,,,,,,,,,,
706,2013-11-30,1.3333653341013518,,8.246680711013816,0.036907094845882935,0.7187074764743087,,,,,,9.200962157757068,,2.83389023570238,,8.710176560402513,,2.790135830377248,0.01615956948819429,1.2300829075879711,,7.683041606414242,0.04052469680968108,0.7250212068703009,,1.1062161048471624,,4.1352583945745405,0.04362337242321227,5.617149156374412,,4.8084667482503205,0.07101518744905243,3.5991982197311634,0.05833368960667125,,,,,,,,,,,,,,,,,,,,,,,,,,,,
707,2013-12-01,0.9333557338709464,,12.494970774263358,0.036907094845882935,0.2395691588247696,,0.8217210454263828,0.024271634650700133,0.5019475565192949,,11.266484274804574,,5.581905009716809,0.012682757994037978,6.6607232520725095,,2.8995529217645912,0.008079784744097145,1.6401105434506285,,9.878196351104023,0.04052469680968108,2.1750636206109037,,2.2124322096943247,,6.350575391668045,0.04362337242321227,5.617149156374412,0.06913203334069816,8.655240146850575,0.035507593724526214,4.731656226562464,0.04035584992185662,,,,,,,,,,,,,,,,,,,,,,,,,,,,
708,2013-12-02,1.7333749343317573,,14.99396492911603,0.036907094845882935,0.2395691588247696,,1.8077862999380423,0.0970865386028005,,,14.646429557245948,0.027732037901623617,5.238403162965005,0.02536551598807596,17.164171457263773,,4.321975109800052,0.008079784744097145,1.6401105434506285,,13.445322811224926,0.04052469680968108,0.7250212068703009,,4.4248644193886495,,6.645950991280513,,3.978813985765208,,7.2127001223754785,0.07101518744905243,5.9650263330123945,0.053053484943998426,,,,,,,,,,,,,,,,,,,,,,,,,,,,
709,2013-12-03,1.0666922672810817,,11.995171943292826,0.036907094845882935,0.4791383176495391,,1.3147536726822129,0.024271634650700133,,,11.266484274804574,0.027732037901623617,5.066652239589104,,7.941631569778763,,3.774889652863336,0.01615956948819429,2.0501381793132856,,10.152590694190248,0.04052469680968108,3.625106034351505,0.1070767868555349,7.743512733930137,0.04084365565877481,6.645950991280513,0.02181168621160614,7.957627971530415,0.06913203334069816,9.616933496500641,0.07101518744905243,5.370766190813792,0.06688259239385583,,,,,,,,,,,,,,,,,,,,,,,,,,,,
710,2013-12-04,1.466701867511487,,10.49577545038122,0.036907094845882935,0.2395691588247696,,2.1364747181085955,0.04854326930140025,0.5019475565192949,,7.886538992363203,,7.385289705163776,0.02536551598807596,12.552901513521268,,3.173095650232949,0.008079784744097145,1.6401105434506285,,9.878196351104023,0.04052469680968108,6.5251908618327095,,5.254526498024021,,5.907511992249344,,7.021436445468013,0.03456601667034908,10.09778017132567,0.035507593724526214,5.415616012866516,0.060219476986197264,,,,,,,,,,,,,,,,,,,,,,,,,,,,
711,2013-12-05,0.6666826670506759,,12.245071358778093,0.036907094845882935,0.2395691588247696,,4.437293645302467,0.024271634650700133,1.0038951130385898,,9.764286371497297,,5.496029548028859,0.012682757994037978,9.991084878108763,0.1891745311955404,4.048432381331693,0.008079784744097145,2.4601658151759427,,8.231830292586688,0.1215740904290432,4.350127241221807,,4.70141844560044,0.04084365565877481,4.430633994187008,,5.851197037890012,0.03456601667034908,5.289313423075352,0.035507593724526214,5.034392525418356,0.060722353620737524,,,,,,,,,,,,,,,,,,,,,,,,,,,,
712,2013-12-06,1.466701867511487,,8.996378957469616,0.036907094845882935,0.4791383176495391,,0.4930326272558297,,,,7.886538992363203,,6.183033241532465,0.02536551598807596,6.404541588531259,,4.321975109800052,0.008079784744097145,1.6401105434506285,,7.408647263328017,0.04052469680968108,3.625106034351505,,5.807634550447602,,5.021385193411943,,10.06405890517082,0.03456601667034908,7.933970134613028,,4.899843059260181,0.056447902227145234,,,,,,,,,,,,,,,,,,,,,,,,,,,,
713,2013-12-07,1.2000288006912163,,13.994367267174963,0.036907094845882935,0.2395691588247696,,0.4930326272558297,,1.0038951130385898,,7.886538992363203,,5.581905009716809,0.02536551598807596,5.892178261448757,,1.7506734621974889,,0.8200552717253142,,7.683041606414242,0.04052469680968108,6.5251908618327095,,3.5952023407532776,0.04084365565877481,3.2491315957371394,0.04362337242321227,5.851197037890012,0.03456601667034908,14.42540024475096,,4.395282561167028,0.054939272323524434,,,,,,,,,,,,,,,,,,,,,,,,,,,,
714,2013-12-08,1.0666922672810817,,13.494568436204426,0.18453547422941466,1.1978457941238478,,3.451228390790808,0.024271634650700133,0.5019475565192949,,3.9432694961816015,,5.066652239589104,0.02536551598807596,6.6607232520725095,,3.282512741620292,0.01615956948819429,,,9.603802008017805,0.04052469680968108,5.075148448092107,,3.318648314541487,0.08168731131754962,6.055199792055577,,7.021436445468013,0.06913203334069816,8.174393472025544,,4.641956582457015,0.0492819101849464,,,,,,,,,,,,,,,,,,,,,,,,,,,,
715,2013-12-09,1.0666922672810817,,9.246278372954883,0.1107212845376488,1.6769841117733868,,0.8217210454263828,0.04854326930140025,0.5019475565192949,,10.327610585237526,,6.784161473348122,0.03804827398211393,6.148359924990009,0.11350471871732425,5.033186203817781,0.008079784744097145,2.0501381793132856,,9.32940766493158,0.04052469680968108,2.9000848274812037,,5.531080524235811,0.04084365565877481,6.350575391668045,0.06543505863481841,10.766202549717619,0.06913203334069816,2.644656711537676,,5.281066546708343,0.052047731674917885,,,,,,,,,,,,,,,,,,,,,,,,,,,,
716,2013-12-10,1.2000288006912163,,8.496580126499081,0.036907094845882935,,,1.3147536726822129,0.04854326930140025,1.0038951130385898,,6.947665302796153,0.055464075803247234,5.238403162965005,0.03804827398211393,12.296719849980018,0.15133962495643233,3.118387104539277,0.008079784744097145,1.6401105434506285,,6.311069890983127,0.1620987872387243,6.5251908618327095,,4.70141844560044,0.04084365565877481,4.282946194380775,,4.680957630312009,0.03456601667034908,8.174393472025544,,4.395282561167028,0.05921372371711672,,,,,,,,,,,,,,,,,,,,,,,,,,,,
717,2013-12-11,2.400057601382433,,9.746077203925418,0.036907094845882935,0.2395691588247696,,1.9721305090233188,0.024271634650700133,1.0038951130385898,,8.262088468190019,,6.6124105499722186,0.012682757994037978,6.404541588531259,0.07566981247821616,2.790135830377248,,1.2300829075879711,,6.585464234069352,0.08104939361936216,5.075148448092107,,4.977972471812231,0.08168731131754962,4.873697393605709,0.06543505863481841,6.319292800921213,0.03456601667034908,6.972276784962963,,4.59710676040429,0.0492819101849464,,,,,,,,,,,,,,,,,,,,,,,,,,,,
718,2013-12-12,2.133384534562163,,9.496177788440152,0.07381418969176587,1.1978457941238478,,0.9860652545116594,0.04854326930140025,0.5019475565192949,,10.515385323150936,,3.0056411590782814,0.02536551598807596,6.91690491561376,0.15133962495643233,2.571301647602562,,,,6.0366755478969045,0.08104939361936216,2.9000848274812037,,4.4248644193886495,,3.9875705947683073,0.02181168621160614,7.489532208499213,,7.933970134613028,,4.092546262311136,0.05154485504037762,,,,,,,,,,,,,,,,,,,,,,,,,,,,
719,2013-12-13,0.4000096002304056,,9.995976619410687,0.036907094845882935,0.4791383176495391,,1.150409463596936,0.024271634650700133,0.5019475565192949,,8.44986320610343,,5.6677804714047575,0.012682757994037978,7.429268242696263,,2.7354272846835763,,0.4100276358626571,,6.859858577155572,0.04052469680968108,4.350127241221807,,3.8717563669650685,,3.69219499515584,0.04362337242321227,4.680957630312009,0.03456601667034908,7.2127001223754785,,4.0813338067979545,0.04588749290179958,,,,,,,,,,,,,,,,,,,,,,,,,,,,
720,2013-12-14,0.6666826670506759,,6.747284218102213,0.036907094845882935,0.2395691588247696,,0.4930326272558297,0.024271634650700133,,,9.764286371497297,,3.3491430058300846,0.02536551598807596,7.941631569778763,,2.4071760105215474,0.01615956948819429,,,6.585464234069352,0.04052469680968108,4.350127241221807,,1.6593241572707436,,2.953755996124672,0.02181168621160614,6.553340682436812,0.03456601667034908,0.9616933496500641,,3.2516120988225463,0.04576177374316452,,,,,,,,,,,,,,,,,,,,,,,,,,,,
721,2013-12-15,0.6666826670506759,,10.745674865866489,0.036907094845882935,0.4791383176495391,,0.4930326272558297,,1.0038951130385898,,8.262088468190019,,5.152527701277054,0.012682757994037978,4.355088280201256,,2.2430503734405334,0.008079784744097145,,,8.780618978759135,0.08104939361936216,3.625106034351505,,2.2124322096943247,,4.578321793993243,,7.723580090014813,0.03456601667034908,5.289313423075352,,3.9019345185870553,0.036458556004169536,,,,,,,,,,,,,,,,,,,,,,,,,,,,
722,2013-12-16,1.2000288006912163,,9.246278372954883,0.036907094845882935,1.1978457941238478,,1.150409463596936,0.04854326930140025,,,12.768682178111849,,5.410154086340908,0.012682757994037978,7.1730865791550125,,2.680718738989905,0.008079784744097145,,,6.585464234069352,,7.975233275573308,0.2141535737110698,6.360742602871183,0.04084365565877481,7.827453389730381,,4.680957630312009,,10.338203508738188,,4.933480425799727,0.04375026720500343,,,,,,,,,,,,,,,,,,,,,,,,,,,,
723,2013-12-17,0.13333653341013518,,11.245473696837022,0.036907094845882935,0.9582766352990782,,3.286884181705532,0.04854326930140025,1.0038951130385898,,3.755494758268192,,6.268908703220418,0.012682757994037978,10.759629868732517,,2.571301647602562,,0.8200552717253142,,6.859858577155572,0.04052469680968108,0.7250212068703009,,8.296620786353719,0.08168731131754962,4.430633994187008,,5.3831012748588085,,6.491430110137931,,4.395282561167028,0.055316429799429634,,,,,,,,,,,,,,,,,,,,,,,,,,,,
724,2013-12-18,,,12.494970774263358,0.1107212845376488,0.4791383176495391,,2.300818927193872,0.024271634650700133,0.5019475565192949,,9.388736895670478,,6.183033241532465,0.02536551598807596,2.3056349718712528,,2.4071760105215474,0.008079784744097145,1.2300829075879711,,9.878196351104023,0.04052469680968108,2.9000848274812037,,5.254526498024021,0.04084365565877481,4.726009593799477,,9.127867379108418,0.03456601667034908,9.857356833913157,,4.6643814934833765,0.0492819101849464,,,,,,,,,,,,,,,,,,,,,,,,,,,,
725,2013-12-19,,,7.247083049072748,0.036907094845882935,0.2395691588247696,,0.16434420908527658,,,,9.764286371497297,,6.011282318156563,0.03804827398211393,7.941631569778763,,2.188341827746861,0.01615956948819429,1.2300829075879711,,4.66470383246579,,5.075148448092107,,6.360742602871183,0.04084365565877481,4.1352583945745405,0.02181168621160614,6.0852449194056115,,6.731853447550447,,3.991634162692505,0.05229916999218802,,,,,,,,,,,,,,,,,,,,,,,,,,,,
726,2013-12-20,,,10.49577545038122,0.18453547422941466,0.2395691588247696,,2.1364747181085955,0.024271634650700133,,,10.327610585237526,,6.6124105499722186,0.02536551598807596,9.991084878108763,,2.571301647602562,0.008079784744097145,1.2300829075879711,,5.4878868617244585,0.04052469680968108,5.800169654962407,,4.4248644193886495,,4.430633994187008,,8.191675853046016,0.03456601667034908,7.2127001223754785,,4.6643814934833765,0.04475602047408398,,,,,,,,,,,,,,,,,,,,,,,,,,,,
727,2013-12-21,,,14.244266682660227,0.07381418969176587,0.7187074764743087,,,,0.5019475565192949,,8.44986320610343,,4.980776777901152,0.02536551598807596,8.710176560402513,,1.4224221880354595,,,,3.841520803207121,0.04052469680968108,5.800169654962407,,4.14831039317686,,5.31676079302441,0.10905843105803067,9.59596314213962,0.03456601667034908,0.48084667482503207,,3.8122348744816064,0.05229916999218802,,,,,,,,,,,,,,,,,,,,,,,,,,,,
728,2013-12-22,,,9.746077203925418,0.036907094845882935,1.1978457941238478,,,,,,8.63763794401684,,4.379648546085496,,6.91690491561376,,1.5318392794228028,,0.8200552717253142,,7.957435949500465,0.04052469680968108,5.075148448092107,,3.8717563669650685,,5.169072993218176,0.02181168621160614,8.659771616077219,0.13826406668139632,,,3.587985764217981,0.0427445139359229,,,,,,,,,,,,,,,,,,,,,,,,,,,,
729,2013-12-23,,,6.997183633587482,0.036907094845882935,1.1978457941238478,,2.6295073453644253,0.024271634650700133,0.5019475565192949,,9.952061109410707,0.027732037901623617,6.6124105499722186,0.02536551598807596,17.420353120805025,,1.5865478251164744,,1.6401105434506285,,10.152590694190248,0.04052469680968108,4.350127241221807,,4.70141844560044,,5.169072993218176,0.02181168621160614,3.978813985765208,0.03456601667034908,4.568043410837803,,4.619531671430652,0.04023013076322155,,,,,,,,,,,,,,,,,,,,,,,,,,,,
730,2013-12-24,,,5.497787140675879,0.036907094845882935,0.7187074764743087,,1.9721305090233188,0.024271634650700133,,,7.135440040709564,,4.980776777901152,0.02536551598807596,5.892178261448757,,1.039462368179759,,2.0501381793132856,,3.0183377739484523,0.04052469680968108,2.1750636206109037,,1.3827701310589529,,3.69219499515584,,3.5107182227340066,0.03456601667034908,,,2.6797768676503053,0.05179629335764775,,,,,,,,,,,,,,,,,,,,,,,,,,,,
731,2013-12-25,,,8.246680711013816,0.036907094845882935,0.4791383176495391,,,,,,9.388736895670478,,3.606769390893938,0.012682757994037978,3.8427249531187564,,1.1488794595671021,,,,3.5671264601208983,,2.1750636206109037,,3.318648314541487,,5.021385193411943,,8.425723734561616,0.03456601667034908,,,2.926450888940292,0.030046878913781095,,,,,,,,,,,,,,,,,,,,,,,,,,,,
732,2013-12-26,1.8667114677418928,,8.496580126499081,0.036907094845882935,1.9165532705981565,,3.286884181705532,0.04854326930140025,1.0038951130385898,,11.829808488544804,,7.041787858411974,0.012682757994037978,10.759629868732517,,2.352467464827876,0.008079784744097145,1.6401105434506285,,8.780618978759135,0.04052469680968108,4.350127241221807,,5.531080524235811,,3.69219499515584,0.02181168621160614,6.553340682436812,0.13826406668139632,5.7701600979003835,,5.011967614391994,0.03281270040375258,,,,,,,,,,,,,,,,,,,,,,,,,,,,
733,2013-12-27,1.7333749343317573,,8.496580126499081,0.036907094845882935,0.7187074764743087,,1.3147536726822129,0.024271634650700133,,,10.327610585237526,,6.784161473348122,0.012682757994037978,13.57762816768627,,1.9695076449721751,0.008079784744097145,2.4601658151759427,,6.585464234069352,,6.5251908618327095,,4.977972471812231,0.12253096697632446,5.464448592830643,0.02181168621160614,3.276670341218406,,,,4.361645194627484,0.05619646390987512,,,,,,,,,,,,,,,,,,,,,,,,,,,,
734,2013-12-28,1.466701867511487,,8.246680711013816,0.036907094845882935,0.2395691588247696,,,,,,10.327610585237526,,4.036146699333694,0.03804827398211393,7.1730865791550125,,1.7506734621974889,0.01615956948819429,0.8200552717253142,,6.585464234069352,0.1620987872387243,8.700254482443611,,2.2124322096943247,,3.9875705947683073,0.02181168621160614,5.3831012748588085,0.03456601667034908,0.24042333741251604,,3.4085864760070828,0.0489047527090412,,,,,,,,,,,,,,,,,,,,,,,,,,,,
735,2013-12-29,1.466701867511487,,11.995171943292826,0.07381418969176587,0.9582766352990782,,1.4790978817674891,,1.0038951130385898,,11.642033750631391,,4.7231503928373,0.02536551598807596,6.91690491561376,,2.2977589191342043,0.008079784744097145,3.280221086901257,,18.65881532986316,0.1215740904290432,5.075148448092107,,2.2124322096943247,,6.793638791086748,,6.553340682436812,,3.125503386362708,,4.911055514773364,0.03821862422506047,,,,,,,,,,,,,,,,,,,,,,,,,,,,
736,2013-12-30,1.3333653341013518,,9.746077203925418,0.1107212845376488,1.1978457941238478,,1.8077862999380423,0.07281490395210037,,,8.63763794401684,,6.870036935036072,0.012682757994037978,8.197813233320014,,2.2430503734405334,0.01615956948819429,3.280221086901257,,11.250168066535142,0.20262348404840536,4.350127241221807,,4.977972471812231,,7.827453389730381,0.02181168621160614,8.425723734561616,0.03456601667034908,7.2127001223754785,,5.112879714010624,0.0550649914821595,,,,,,,,,,,,,,,,,,,,,,,,,,,,
737,2013-12-31,0.9333557338709464,,5.24788772519061,0.07381418969176587,0.4791383176495391,,2.793851554449702,,0.5019475565192949,,8.44986320610343,,3.2632675441421344,0.06341378997018987,4.355088280201256,,1.4224221880354595,,,,3.841520803207121,0.04052469680968108,1.4500424137406018,,1.1062161048471624,,4.873697393605709,,3.5107182227340066,,3.8467733986002566,,2.8928135224007483,0.05732793633759072,,,,,,,,,,,,,,,,,,,,,,,,,,,,
738,2014-01-01,1.0666922672810817,,13.494568436204426,0.1107212845376488,2.156122429422926,,,,0.5019475565192949,,8.262088468190019,,4.551399469461399,0.012682757994037978,11.271993195815014,,1.9695076449721751,,3.280221086901257,,15.640477555914707,,2.1750636206109037,,2.4889862359061152,,3.8398827949620737,,6.787388563952413,,0.9616933496500641,,4.316795372574759,0.032435542927847366,25.94736842,91.20833333,19.83333333,86.875,,,19.0,0.0,26.4375,76.625,,85.25,20.69565217,89.34782609,26.45454545,95.5,,,,,20.45833333,83.29166667,18.79166667,90.20833333,22.54166667,83.91304348,22.240007337777783,78.22192029
739,2014-01-02,2.0000480011520283,,9.246278372954883,0.036907094845882935,0.9582766352990782,,0.8217210454263828,0.024271634650700133,,,9.200962157757068,,6.0971577798445145,0.012682757994037978,5.892178261448757,,2.2977589191342043,,1.6401105434506285,,10.426985037276474,0.24314818085808645,0.7250212068703009,,6.360742602871183,0.04084365565877481,5.907511992249344,,7.957627971530415,,,,4.328007828087942,0.04840187607450093,37.125,51.95833333,27.75,67.45833333,,,27.20833333,5e-324,44.47916667,42.625,,59.125,27.79166667,57.41666667,34.58333333,73.04166667,,,,,31.33333333,55.04166667,25.75,78.04166667,37.54166667,60.54166667,32.61805555555556,54.52500000099999
740,2014-01-03,1.0666922672810817,,8.996378957469616,0.07381418969176587,1.437414952948617,,1.150409463596936,0.024271634650700133,,,10.703160061064343,,5.496029548028859,0.012682757994037978,7.1730865791550125,,2.8995529217645912,0.01615956948819429,1.6401105434506285,,4.66470383246579,0.04052469680968108,9.425275689313912,,5.807634550447602,0.08168731131754962,3.2491315957371394,0.02181168621160614,5.617149156374412,0.06913203334069816,5.529736760487868,0.10652278117357863,4.2943704615483975,0.048527595233135996,37.08333333,47.08695652,29.33333333,54.375,,,25.9375,0.0,33.66666667,48.04166667,,55.08333333,31.0,51.125,34.33333333,62.125,,,,,39.10416667,50.04166667,31.125,69.60869565,36.125,54.16666667,33.07870370333333,49.165398550999996
741,2014-01-04,0.8000192004608111,,11.495373112322287,0.036907094845882935,1.6769841117733868,,2.4651631362791484,0.024271634650700133,0.5019475565192949,,11.078709536891164,,4.379648546085496,0.012682757994037978,5.635996597907507,,2.352467464827876,,1.2300829075879711,,12.622139781966254,,9.425275689313912,,3.0420942883296966,,3.69219499515584,,5.14905339334321,,3.3659267237752233,,4.305582917061578,0.0481504377572308,39.47826087,41.58333333,38.875,53.04166667,,,35.02083333,0.0,43.1875,40.29166667,37.20833333,48.95833333,36.20833333,45.91666667,35.0,53.20833333,,,,,38.60416667,44.77272727,34.66666667,66.125,37.13043478,48.72727273,37.537952898,44.2625
742,2014-01-05,0.9333557338709464,,8.246680711013816,0.1107212845376488,,,1.8077862999380423,,,,7.510989516536382,0.027732037901623617,4.379648546085496,0.012682757994037978,8.710176560402513,,1.860090553584832,0.02423935423229144,2.0501381793132856,,13.994111497397368,0.04052469680968108,5.075148448092107,,3.0420942883296966,,3.8398827949620737,,7.021436445468013,0.03456601667034908,5.048890085662835,0.035507593724526214,4.047696440258411,0.048276156915865856,28.5,47.625,25.73913043,59.25,,,27.8125,0.0,31.125,36.8125,22.70833333,53.125,24.83333333,44.75,28.16666667,43.54166667,,,,,30.77083333,41.04166667,24.79166667,60.41666667,30.33333333,45.59090909,27.478079708999996,43.215340909999995
743,2014-01-06,1.0666922672810817,,9.995976619410687,0.036907094845882935,0.9582766352990782,0.03538144196826035,3.286884181705532,0.024271634650700133,,,10.327610585237526,,4.7231503928373,0.02536551598807596,4.098906616660007,,2.6260101932962336,0.01615956948819429,0.8200552717253142,,6.859858577155572,,3.625106034351505,,7.190404681506555,0.08168731131754962,4.1352583945745405,,4.9150055118276095,0.10369805001104723,7.2127001223754785,,4.2943704615483975,0.04538461626725932,,,31.25,29.25,,,32.5,5e-324,41.25,21.41666667,32.875,28.82608696,27.73913043,21.08333333,30.79166667,26.21052632,,,,,34.41666667,15.91304348,30.39583333,28.54166667,32.375,17.77272727,32.62147745555555,21.00156118888889
744,2014-01-07,0.8000192004608111,,9.246278372954883,0.036907094845882935,1.1978457941238478,,2.300818927193872,0.024271634650700133,0.5019475565192949,,10.327610585237526,,4.980776777901152,0.02536551598807596,10.503448205191264,,1.6959649165038175,,0.4100276358626571,,8.506224635672911,0.1215740904290432,5.800169654962407,,7.743512733930137,,6.645950991280513,,8.191675853046016,,6.731853447550447,0.10652278117357863,4.754081137588827,0.0481504377572308,7.666666667,26.55555556,5.681818182000001,23.38461538,,,10.35416667,0.0,6.1875,18.20833333,6.818181817999999,,11.08333333,15.83333333,15.33333333,14.90909091,,,,,11.3125,11.54166667,8.673913042999999,24.08695652,14.5,11.47619048,9.761141304,16.22174913111111
745,2014-01-08,1.2000288006912163,,8.496580126499081,0.07381418969176587,1.437414952948617,,1.8077862999380423,0.024271634650700133,,,11.078709536891164,,6.526535088284269,0.012682757994037978,6.148359924990009,,4.048432381331693,,,,7.957435949500465,,2.1750636206109037,,4.70141844560044,,6.498263191474277,0.06543505863481841,7.723580090014813,0.06913203334069816,10.338203508738188,,5.180154447089712,0.05330492326126855,31.95652174,40.65217391,28.375,51.75,,,37.33333333,0.0,35.79166667,39.0,28.26086957,46.86363636,31.75,40.33333333,33.04545455,39.375,,,,,44.18181818,,28.0,,39.20833333,43.34782609,33.790299737,37.66524621125
746,2014-01-09,0.8000192004608111,,8.996378957469616,0.07381418969176587,1.1978457941238478,,3.1225399726202547,0.04854326930140025,0.5019475565192949,,10.139835847324118,,5.6677804714047575,,8.197813233320014,,2.4618845562152187,0.02423935423229144,,,12.622139781966254,0.1620987872387243,2.1750636206109037,,4.4248644193886495,,5.31676079302441,0.04362337242321227,7.021436445468013,,6.010583435312897,,4.709231315536101,0.05808225128940112,32.29166667,20.17391304,26.33333333,,,,30.80555556,0.0,32.66666667,22.05,26.375,25.16666667,24.625,18.45833333,25.79166667,26.56521739,,,,,31.8125,20.5,22.9375,31.45454545,37.16666667,19.90909091,29.080555556999997,20.47530742111111
747,2014-01-10,1.2000288006912163,,8.496580126499081,0.036907094845882935,1.6769841117733868,,1.6434420908527656,0.04854326930140025,,,10.515385323150936,,4.379648546085496,0.012682757994037978,6.6607232520725095,,2.5165931019088905,0.008079784744097145,,,10.975773723448915,,5.075148448092107,,7.190404681506555,,5.021385193411943,0.02181168621160614,6.0852449194056115,0.03456601667034908,2.1638100367126443,,4.271945550522036,0.052802046626728286,16.54166667,19.66666667,18.54166667,26.73913043,,,18.84722222,5e-324,17.97916667,19.904761899999997,13.79166667,21.904761899999997,19.16666667,20.08333333,19.25,23.3,,,,,22.91666667,,17.875,28.6,22.58333333,,18.749305557,20.024831778750002
748,2014-01-11,2.0000480011520283,,8.496580126499081,0.07381418969176587,1.437414952948617,,3.779916808961361,0.024271634650700133,,,7.135440040709564,,6.183033241532465,,5.635996597907507,,2.4618845562152187,,,,6.0366755478969045,,3.625106034351505,,3.8717563669650685,,5.464448592830643,0.06543505863481841,6.787388563952413,0.06913203334069816,5.289313423075352,,4.305582917061578,0.047898999439960656,22.41666667,18.66666667,22.25,23.56521739,,,27.54166667,0.0,29.875,19.86363636,17.625,,25.0,16.5,23.41666667,27.66666667,,,,,27.8125,20.0,23.6875,,29.95833333,21.66666667,24.958333334,18.49110672
749,2014-01-12,2.133384534562163,,11.745272527807556,0.036907094845882935,2.635260747072465,,2.9581957635349783,0.04854326930140025,,,8.262088468190019,,5.066652239589104,,8.197813233320014,0.07566981247821616,3.0089700131519344,0.008079784744097145,,,9.055013321845355,0.04052469680968108,6.5251908618327095,,3.5952023407532776,,6.055199792055577,0.02181168621160614,8.425723734561616,0.06913203334069816,6.251006772725416,,4.933480425799727,0.048276156915865856,26.86363636,41.71428571,24.625,57.33333333,,,29.39583333,5e-324,35.5,51.5,20.79166667,,25.95652174,52.33333333,24.33333333,77.16666667,,,,,33.45833333,52.58333333,24.64583333,74.26086957,30.5,,27.607015809,50.86147774250001
750,2014-01-13,2.2667210679722984,,11.745272527807556,0.1107212845376488,0.4791383176495391,,1.4790978817674891,,2.00779022607718,,9.952061109410707,,5.8395313947806615,0.012682757994037978,7.941631569778763,,4.7596434753494234,0.008079784744097145,,,12.347745438880036,0.08104939361936216,6.5251908618327095,,5.254526498024021,,5.31676079302441,0.02181168621160614,8.659771616077219,0.03456601667034908,6.010583435312897,,5.482890745945604,0.055316429799429634,22.0,45.0,17.83333333,51.66666667,,,22.1875,0.0,30.16666667,38.54166667,18.41666667,54.58333333,22.66666667,42.91666667,26.125,51.83333333,,,,,23.81818182,45.5,22.45833333,57.79166667,30.83333333,48.66666667,23.650568181999997,43.650000000999995
751,2014-01-14,0.5333461336405407,,11.245473696837022,0.1107212845376488,1.6769841117733868,,3.286884181705532,0.024271634650700133,,,9.764286371497297,,5.152527701277054,,8.197813233320014,,2.7354272846835763,,,,9.055013321845355,0.04052469680968108,3.625106034351505,,8.573174812565508,0.04084365565877481,7.089014390699212,0.02181168621160614,7.021436445468013,0.03456601667034908,10.338203508738188,,5.157729536063349,0.06147666857254794,21.7,45.13043478,21.45833333,46.16666667,,,22.83333333,0.0,25.10416667,41.02083333,22.60869565,45.58333333,22.83333333,33.95833333,25.125,41.79166667,,,,,19.42857143,35.33333333,23.08333333,48.33333333,30.04166667,36.625,23.421643374000002,37.394293477000005
752,2014-01-15,0.8000192004608111,,7.247083049072748,0.036907094845882935,1.437414952948617,,4.108605227131913,0.024271634650700133,1.0038951130385898,,8.07431373027661,,4.551399469461399,,7.1730865791550125,,5.197311840898795,,,,6.311069890983127,0.08104939361936216,2.9000848274812037,,3.5952023407532776,,5.612136392636877,0.02181168621160614,6.0852449194056115,0.03456601667034908,5.7701600979003835,,4.653169037970195,0.057830812972130975,23.94736842,44.33333333,17.41666667,39.5,,,20.83333333,0.0,28.5625,37.60416667,21.05263158,40.66666667,17.30434783,35.60869565,20.66666667,50.81818182,,,,,24.25,32.875,20.47916667,43.66666667,18.61904762,37.66666667,21.313172879,36.273937747999994
753,2014-01-16,0.9333557338709464,,10.49577545038122,0.1107212845376488,1.9165532705981565,0.03538144196826035,3.779916808961361,0.024271634650700133,0.5019475565192949,,8.262088468190019,,4.465524007773447,0.012682757994037978,5.123633270825008,,4.65022638396208,,,,7.683041606414242,0.04052469680968108,4.350127241221807,,5.254526498024021,,6.645950991280513,,6.553340682436812,0.03456601667034908,2.644656711537676,,4.698018860022921,0.05217345083355295,14.41666667,62.625,13.625,74.70833333,,,15.91666667,5e-324,19.52083333,59.41666667,,66.04166667,17.66666667,52.375,15.15,81.29166667,,,,,19.79166667,67.66666667,17.27083333,71.66666667,30.875,58.58333333,18.24814814888889,59.43750000099999
754,2014-01-17,0.8000192004608111,,10.995574281351757,0.1107212845376488,0.4791383176495391,,2.300818927193872,0.04854326930140025,0.5019475565192949,,7.698764254449793,,3.864395775957792,0.012682757994037978,5.635996597907507,,2.790135830377248,,1.2300829075879711,,6.585464234069352,0.04052469680968108,2.9000848274812037,,4.70141844560044,,7.5320777901179135,,7.723580090014813,0.03456601667034908,,,4.014059073718867,0.052676327468093226,23.45833333,46.25,13.71428571,52.66666667,,,20.8125,0.0,31.02083333,41.20833333,,57.58333333,18.58333333,55.04166667,22.5,64.41666667,,,,,25.6875,48.25,19.95833333,65.08333333,29.0,53.45833333,22.748346558888883,48.395833333
755,2014-01-18,1.0666922672810817,,9.746077203925418,0.036907094845882935,1.9165532705981565,,2.1364747181085955,0.024271634650700133,0.5019475565192949,,8.44986320610343,,2.83389023570238,0.012682757994037978,7.1730865791550125,,4.048432381331693,0.008079784744097145,0.4100276358626571,,10.426985037276474,0.04052469680968108,6.5251908618327095,,1.3827701310589529,,5.464448592830643,,4.9150055118276095,,0.24042333741251604,,4.047696440258411,0.045007458791354114,30.45833333,51.91666667,25.45833333,64.875,,,28.14583333,0.0,36.35416667,46.83333333,,59.54166667,25.875,51.75,31.625,66.79166667,,,,,35.9375,55.08333333,24.39583333,66.5,30.54166667,59.625,29.865740739999996,52.291666667
756,2014-01-19,1.7333749343317573,,9.995976619410687,0.07381418969176587,0.9582766352990782,,4.437293645302467,0.024271634650700133,1.0038951130385898,,7.323214778622973,,4.980776777901152,,3.8427249531187564,,2.2977589191342043,0.02423935423229144,0.8200552717253142,,12.896534125052474,0.04052469680968108,5.800169654962407,,3.318648314541487,,4.873697393605709,,4.4469097487964095,,0.7212700122375479,,4.0813338067979545,0.04538461626725932,39.16666667,50.25,29.25,57.5,,,30.52083333,0.0,41.60416667,44.29166667,,54.41666667,30.83333333,49.04166667,32.125,67.04166667,,,,,40.91666667,48.125,29.29166667,65.25,38.54166667,63.45833333,34.694444445555554,49.937500001000004
757,2014-01-20,1.3333653341013518,,11.495373112322287,0.036907094845882935,1.9165532705981565,,4.930326272558297,0.024271634650700133,,,10.139835847324118,,6.0971577798445145,0.012682757994037978,10.503448205191264,0.2648443436737565,4.1031409270253665,0.008079784744097145,1.6401105434506285,,7.957435949500465,,11.600339309924815,,12.168377153318787,0.04084365565877481,5.907511992249344,,3.978813985765208,0.03456601667034908,,,5.43804092389288,0.04576177374316452,27.08333333,61.875,20.125,75.79166667,,,22.83333333,0.0,32.6875,57.4375,,65.95833333,19.095238100000003,55.375,25.56521739,75.34782609,,,,,32.4375,66.45833333,23.16666667,69.08333333,35.26086957,67.5,26.472739821111112,59.482699275
758,2014-01-21,1.2000288006912163,,16.7432608375129,0.036907094845882935,1.9165532705981565,,4.601637854387744,0.04854326930140025,,,14.834204295159356,,4.980776777901152,,8.966358223943761,,4.2125580184127065,0.03231913897638858,2.0501381793132856,,12.073351095793807,,7.975233275573308,,6.084188576659392,,5.021385193411943,0.02181168621160614,8.191675853046016,,0.48084667482503207,,5.763202133775134,0.060973791938007664,25.04347826,53.82608696,17.5,58.66666667,,,19.5,0.0,30.16666667,44.33333333,,50.69565217,16.66666667,60.25,20.66666667,84.45833333,,,,,24.10416667,56.69565217,19.27083333,66.95833333,23.34782609,59.52173913,21.80736715111111,53.540579709000006
759,2014-01-22,1.6000384009216222,,2.4989941548526717,0.07381418969176587,2.156122429422926,,4.108605227131913,0.024271634650700133,,,13.14423165393867,,4.809025854525251,0.012682757994037978,13.57762816768627,,3.774889652863336,0.01615956948819429,,,12.073351095793807,0.1215740904290432,0.7250212068703009,,4.4248644193886495,,6.055199792055577,,6.787388563952413,0.10369805001104723,,,4.87741814823382,0.06461964753842461,34.31578947,72.04166667,20.70833333,75.66666667,,,30.625,0.0,31.0,74.16666667,,73.04166667,26.41666667,58.625,30.875,73.29166667,,,,,39.47916667,67.08333333,24.5,77.58333333,33.75,67.95833333,30.185550682222217,63.94583333400001
760,2014-01-23,1.0666922672810817,,9.246278372954883,0.036907094845882935,0.9582766352990782,,4.601637854387744,0.024271634650700133,0.5019475565192949,,11.454259012717984,,6.354784164908367,0.012682757994037978,7.429268242696263,,3.4466383787013064,0.01615956948819429,0.4100276358626571,,13.445322811224926,0.04052469680968108,9.425275689313912,,3.8717563669650685,,5.31676079302441,,7.957627971530415,,,,5.0680298919579005,0.0546878340062543,30.91666667,81.04166667,28.25,103.16666670000001,,,30.60416667,0.0,45.33333333,67.39583333,,85.29166667,27.54166667,71.04166667,33.79166667,91.75,,,,,39.14583333,73.54166667,29.79166667,98.16666667,51.125,80.875,35.16666666777778,75.227083338
761,2014-01-24,2.0000480011520283,,10.245876034895954,0.036907094845882935,0.7187074764743087,,5.0946704816435755,0.024271634650700133,,,8.82541268193025,,6.870036935036072,,7.429268242696263,,3.282512741620292,,0.4100276358626571,,11.798956752707586,0.08104939361936216,10.150296896184214,,4.4248644193886495,,4.1352583945745405,0.02181168621160614,6.0852449194056115,,,,4.866205692720638,0.056825059703050435,30.66666667,53.16666667,23.04166667,60.04166667,,,28.70833333,5e-324,38.1875,49.60416667,,59.66666667,29.0,52.29166667,32.41666667,67.25,,,,,36.08333333,48.79166667,26.41666667,70.625,33.05555556,53.38095238,30.841820988888887,51.48184524
762,2014-01-25,2.0000480011520283,,9.995976619410687,0.07381418969176587,0.4791383176495391,,3.6155725998760846,0.024271634650700133,0.5019475565192949,,11.454259012717984,0.055464075803247234,4.809025854525251,0.012682757994037978,5.379814934366259,,2.7354272846835763,0.01615956948819429,,,12.347745438880036,0.04052469680968108,7.975233275573308,,3.5952023407532776,,4.873697393605709,0.02181168621160614,5.14905339334321,0.03456601667034908,0.7212700122375479,,4.4289199277065725,0.054562114847619234,31.83333333,53.56521739,24.83333333,68.33333333,,,24.16666667,0.0,38.375,49.3125,,69.875,25.91666667,59.0,27.08333333,76.54166667,,,,,30.58333333,54.54166667,24.41666667,76.04166667,35.04166667,63.95833333,29.13888888888889,57.116938405999996
763,2014-01-26,2.400057601382433,,11.495373112322287,0.036907094845882935,1.1978457941238478,,1.4790978817674891,0.024271634650700133,,,10.890934798977757,,6.011282318156563,0.012682757994037978,8.710176560402513,,3.118387104539277,,1.6401105434506285,,18.65881532986316,0.04052469680968108,6.5251908618327095,,1.9358781834825345,,7.236702190505446,,4.9150055118276095,0.03456601667034908,8.41481680943806,,5.4941032014587865,0.0496590676608516,38.83333333,36.95833333,27.33333333,51.625,,,30.10416667,0.0,44.33333333,38.875,,50.125,33.29166667,48.91666667,39.83333333,60.54166667,,,,,37.83333333,47.66666667,29.27083333,70.83333333,42.41666667,54.08333333,35.91666666555556,45.9625
764,2014-01-27,2.0000480011520283,,17.4929590839687,0.036907094845882935,1.437414952948617,,3.9442610180466375,0.04854326930140025,0.5019475565192949,,17.83860010177391,,5.3242786246529565,,14.602354821851273,,6.07264857199754,0.01615956948819429,2.0501381793132856,,14.268505840483591,0.1620987872387243,2.1750636206109037,,8.296620786353719,0.04084365565877481,7.236702190505446,0.06543505863481841,9.83001102365522,0.03456601667034908,14.184976907338445,,7.635682204476392,0.061602387731183,37.75,52.625,29.0,68.66666667,,,29.83333333,0.0,51.5,44.89583333,,60.75,33.33333333,54.5,45.33333333,74.20833333,,,,,35.0,57.08333333,29.6875,81.875,47.79166667,60.25,37.692129628888885,55.485416666000006
765,2014-01-28,1.6000384009216222,,15.243864344601295,0.07381418969176587,2.635260747072465,,2.300818927193872,0.04854326930140025,1.0038951130385898,,14.646429557245948,0.08319611370487084,6.870036935036072,,6.148359924990009,,5.6349802064481676,0.008079784744097145,4.510303994489229,,12.896534125052474,,7.975233275573308,,9.40283689120088,0.16337462263509925,6.645950991280513,0.04362337242321227,6.787388563952413,0.03456601667034908,9.857356833913157,,6.76111067444826,0.08561474703048087,34.0,41.95238095,24.79166667,54.875,,,26.04166667,0.0,41.41666667,38.72916667,,53.83333333,24.625,52.625,36.0,75.95833333,,,,,33.25,48.54545455,23.5,65.91666667,39.75,57.7,31.486111112222222,49.01353355
766,2014-01-29,2.5333941347925686,,10.995574281351757,0.07381418969176587,2.156122429422926,,2.6295073453644253,0.024271634650700133,0.5019475565192949,,14.646429557245948,,7.1276633200999235,0.012682757994037978,8.197813233320014,0.1891745311955404,4.321975109800052,0.01615956948819429,3.280221086901257,,14.268505840483591,0.04052469680968108,13.775402930535718,0.1070767868555349,8.573174812565508,,7.3843899903116785,,7.021436445468013,,9.616933496500641,,6.6265612082900835,0.07580865265694561,31.42105263,36.56521739,25.29166667,58.125,,,30.3125,0.0,37.0,35.9375,,42.66666667,28.66666667,38.29166667,37.23809524,46.0,,,,,35.375,34.13636364,20.16666667,59.08333333,46.70588235,,32.46417002555556,38.97841641111111
767,2014-01-30,2.8000672016128387,,11.245473696837022,0.036907094845882935,1.6769841117733868,,,,,,18.777473791340963,,5.925406856468612,0.012682757994037978,9.734903214567511,,5.853814389222852,0.008079784744097145,2.8701934510386,,13.994111497397368,0.08104939361936216,4.350127241221807,,5.531080524235811,,9.452019187598953,,7.021436445468013,,7.2127001223754785,,6.67141103034281,0.0743000227533248,34.16666667,45.69565217,23.70833333,57.41666667,,,26.77083333,0.0,34.08333333,34.79166667,,54.83333333,23.70833333,43.95833333,30.17391304,57.95652174,,,,,31.625,46.782608700000004,23.77083333,64.66666667,35.0,72.0,29.223027373333327,47.810144928
768,2014-01-31,1.6000384009216222,,11.995171943292826,0.036907094845882935,0.4791383176495391,,4.108605227131913,0.024271634650700133,0.5019475565192949,,19.904122218821414,,6.698286011660169,,11.528174859356264,,3.6654725614759927,0.05655849320868001,3.690248722763914,,14.542900183569815,0.04052469680968108,3.625106034351505,,5.254526498024021,,7.5320777901179135,0.02181168621160614,7.957627971530415,0.03456601667034908,5.7701600979003835,,6.492011742131911,0.07480289938786508,40.20833333,53.16666667,25.0,75.58333333,,,26.375,0.0,43.8125,53.5625,,69.54166667,26.08333333,58.29166667,34.41666667,79.33333333,,,,,24.80952381,56.66666667,26.41666667,89.20833333,35.18181818,65.27272727,31.36709355444445,60.062689394
769,2014-02-01,2.2667210679722984,,10.745674865866489,0.07381418969176587,1.9165532705981565,,3.779916808961361,0.024271634650700133,1.5058426695578846,,13.332006391852081,,6.955912396724023,0.012682757994037978,5.635996597907507,,3.6654725614759927,0.02423935423229144,1.2300829075879711,,10.701379380362694,,8.700254482443611,,2.7655402621179057,,4.430633994187008,0.02181168621160614,10.29810678668642,0.03456601667034908,9.376510159088124,,5.740777222748772,0.07279139284970401,15.25,43.27272727,10.875,43.70833333,,,12.3125,0.0,19.10416667,35.60416667,12.9,44.29166667,11.79166667,40.0,15.625,49.875,,,,,14.89583333,35.25,12.75,53.5,19.0,52.5625,14.450416666999999,39.806439394
770,2014-02-02,2.666730668202704,,14.494166098145495,0.07381418969176587,1.6769841117733868,,4.930326272558297,0.024271634650700133,1.0038951130385898,,10.139835847324118,,5.8395313947806615,,7.429268242696263,,3.118387104539277,0.01615956948819429,1.2300829075879711,,9.878196351104023,0.04052469680968108,5.075148448092107,,4.70141844560044,,8.565892388761549,,4.4469097487964095,,5.529736760487868,,5.471678290432424,0.06436820922115448,48.5,50.625,33.875,59.54166667,,,32.60416667,0.0,51.4375,46.02083333,,59.25,33.875,54.20833333,42.375,68.54166667,,,,,43.5,58.29166667,35.8125,72.83333333,48.33333333,69.20833333,41.145833333333336,53.852083332999996
771,2014-02-03,2.133384534562163,,14.244266682660227,0.07381418969176587,1.6769841117733868,,3.286884181705532,0.024271634650700133,0.5019475565192949,,4.694368447835239,,7.1276633200999235,0.012682757994037978,20.49453308330003,0.03783490623910808,2.7354272846835763,0.01615956948819429,2.8701934510386,,14.542900183569815,0.08104939361936216,7.975233275573308,,1.3827701310589529,,7.827453389730381,,8.659771616077219,0.03456601667034908,1.6829633618876116,,5.740777222748772,0.06135094941391288,34.22727273,31.81818182,29.20833333,41.20833333,,,23.5,0.0,42.79166667,28.125,,44.45833333,29.875,43.70833333,30.91666667,50.04166667,,,,,35.64583333,41.625,28.70833333,53.95833333,39.34782609,48.45454545,32.69121468333333,38.339772726
772,2014-02-04,1.6000384009216222,,11.495373112322287,0.036907094845882935,1.9165532705981565,,3.1225399726202547,0.024271634650700133,0.5019475565192949,,9.576511633583886,,7.385289705163776,,12.040538186438766,0.07566981247821616,4.431392201187394,0.01615956948819429,2.4601658151759427,,16.738054928259597,0.08104939361936216,5.075148448092107,,9.40283689120088,,7.236702190505446,,10.29810678668642,0.03456601667034908,0.48084667482503207,,6.211700354302383,0.06436820922115448,46.36842105,46.16666667,45.4,48.8,,,41.58333333,0.0,43.72916667,42.14583333,47.89473684,59.33333333,42.125,48.5,41.79166667,59.375,,,,,41.60416667,46.43478261,45.0,69.16666667,47.70833333,51.5,44.32048245599999,47.142228261
773,2014-02-05,2.2667210679722984,,15.74366317557183,0.07381418969176587,2.3956915882476957,,3.9442610180466375,0.024271634650700133,0.5019475565192949,,12.580907440198441,,9.4463007856746,0.012682757994037978,10.759629868732517,,5.7443972978355085,0.01615956948819429,3.690248722763914,,12.073351095793807,0.04052469680968108,7.25021206870301,,8.849728838777299,0.08168731131754962,7.6797655899241475,0.02181168621160614,7.723580090014813,0.06913203334069816,,,6.940509962659159,0.06964841388382731,27.20833333,44.54166667,27.84210526,67.91666667,,,27.85416667,0.0,26.85416667,33.91666667,21.33333333,55.27272727,26.65217391,43.82608696,29.95833333,47.20833333,,,,,30.77083333,45.54166667,24.16666667,66.58333333,31.375,44.09090909,27.40151125,44.889805666
774,2014-02-06,1.8667114677418928,,11.745272527807556,0.07381418969176587,1.1978457941238478,,2.300818927193872,0.024271634650700133,,,9.388736895670478,,6.268908703220418,0.012682757994037978,11.271993195815014,,3.282512741620292,,2.4601658151759427,,13.1709284681387,0.08104939361936216,5.800169654962407,,6.360742602871183,,7.3843899903116785,,7.723580090014813,0.06913203334069816,9.857356833913157,,5.7856270448014975,0.0778201591951067,35.66666667,32.0,26.375,41.08333333,,,32.14583333,0.0,35.45833333,25.39583333,32.33333333,31.90909091,32.54545455,24.875,30.83333333,31.04545455,,,,,33.47916667,23.66666667,31.54166667,35.39130435,29.05555556,25.58333333,31.943434344000003,27.095001647000004
775,2014-02-07,1.7333749343317573,,10.49577545038122,0.036907094845882935,1.437414952948617,,1.150409463596936,0.024271634650700133,,,4.882143185748649,,6.354784164908367,,6.91690491561376,,3.391929833007635,0.01615956948819429,,,15.091688869742262,0.04052469680968108,3.625106034351505,,8.573174812565508,,8.713580188567782,,4.680957630312009,0.03456601667034908,5.7701600979003835,0.14203037489810486,5.056817436444717,0.06487108585569475,24.26086957,30.79166667,20.13636364,33.2173913,,,20.27083333,5e-324,28.39583333,29.95833333,18.125,,21.16666667,26.33333333,20.79166667,26.61904762,,,,,25.5,25.41666667,19.63636364,40.22727273,17.45833333,24.4,21.574193018000003,26.32930129444445
776,2014-02-08,1.7333749343317573,,13.994367267174963,0.1107212845376488,2.874829905897234,,3.1225399726202547,0.024271634650700133,0.5019475565192949,,4.694368447835239,,4.465524007773447,,8.197813233320014,,3.720181107169663,0.03231913897638858,,,18.65881532986316,0.04052469680968108,5.075148448092107,0.1070767868555349,3.5952023407532776,,4.726009593799477,0.02181168621160614,5.851197037890012,,1.4425400244750959,,4.810143415154731,0.056699340544415375,34.75,33.04166667,30.08333333,44.70833333,,,36.875,0.0,35.85416667,28.14583333,28.66666667,34.52380952,31.125,35.08333333,29.91666667,39.60869565,,,,,37.41666667,27.08333333,29.0625,,41.36363636,37.94117647,33.511363637,31.12624240333333
777,2014-02-09,2.133384534562163,,9.995976619410687,0.036907094845882935,3.3539682235467736,,1.6434420908527656,0.04854326930140025,,,4.694368447835239,,5.753655933092711,0.012682757994037978,11.015811532273764,,6.729151120321598,0.01615956948819429,,,10.152590694190248,,5.075148448092107,,1.3827701310589529,,7.089014390699212,0.06543505863481841,9.83001102365522,0.10369805001104723,3.3659267237752233,,5.505315656971966,0.053933519054443886,33.875,24.16666667,32.875,,,,34.61111111,0.0,30.70833333,20.04761905,31.41666667,31.20833333,32.45833333,20.66666667,38.75,28.69565217,,,,,37.54166667,,28.8125,35.81818182,32.8,,33.384861111,22.943302815714286
778,2014-02-10,1.466701867511487,,12.494970774263358,0.036907094845882935,2.874829905897234,,3.1225399726202547,0.024271634650700133,,,5.8210168753156974,,7.64291609022763,0.012682757994037978,11.015811532273764,,4.540809292574737,0.01615956948819429,,,15.091688869742262,0.08104939361936216,5.075148448092107,,6.084188576659392,,8.418204588955316,0.04362337242321227,6.0852449194056115,0.03456601667034908,11.299896858388252,,6.189275443276019,0.06172810688981808,12.39130435,22.47058824,15.04166667,23.08695652,,,15.63888889,0.0,14.0,22.34782609,11.29166667,20.95652174,16.5,20.66666667,16.54166667,17.9,,,,,15.81818182,14.47826087,14.58333333,24.75,17.13636364,17.46666667,14.894307204000004,18.41234868
779,2014-02-11,0.9333557338709464,,7.746881880043283,0.14762837938353174,2.156122429422926,,4.272949436217191,0.04854326930140025,,,11.454259012717984,,5.238403162965005,0.06341378997018987,5.123633270825008,,3.0089700131519344,0.02423935423229144,,,7.134252920241798,0.08104939361936216,5.800169654962407,,8.296620786353719,,8.270516789149081,,5.3831012748588085,,13.70413023251341,,5.269854091195161,0.06939697556655718,28.68181818,25.04166667,30.77272727,22.29166667,,,34.70454545,5e-324,33.70454545,29.2,24.81818182,,34.18181818,18.16666667,33.18181818,29.31578947,,,,,32.35416667,20.33333333,32.68181818,,38.0,24.13043478,32.308143938,21.05994469875
780,2014-02-12,1.466701867511487,,12.245071358778093,0.036907094845882935,1.9165532705981565,,2.9581957635349783,0.024271634650700133,1.0038951130385898,,8.63763794401684,,6.955912396724023,,9.734903214567511,,1.7506734621974889,0.008079784744097145,,,10.701379380362694,0.04052469680968108,2.1750636206109037,,4.4248644193886495,,6.498263191474277,,6.787388563952413,0.03456601667034908,8.895663484263087,0.035507593724526214,5.079242347471081,0.05908800455848165,22.75,49.13043478,22.41666667,49.75,,,29.1875,5e-324,32.16666667,45.58333333,17.875,,29.20833333,35.16666667,27.08333333,48.75,,,,,29.83333333,43.625,26.5,57.41666667,29.5,53.58333333,26.652083332999997,42.55615942
781,2014-02-13,0.9333557338709464,,10.995574281351757,0.14762837938353174,0.7187074764743087,,3.1225399726202547,0.024271634650700133,,,10.139835847324118,,4.894901316213201,,8.966358223943761,,3.8843067442506793,0.01615956948819429,,,15.640477555914707,0.04052469680968108,5.800169654962407,,6.360742602871183,0.04084365565877481,7.3843899903116785,,3.5107182227340066,0.03456601667034908,7.2127001223754785,,5.3034914577347045,0.05695077886168552,43.25,47.125,,,,,34.0,0.0,47.77083333,50.0,,60.16666667,33.83333333,49.91666667,29.66666667,64.9047619,,,,,45.9375,44.5,33.5,69.95,49.0,51.36363636,39.61979166625,48.658525733333335
782,2014-02-14,1.7333749343317573,,3.9983906477642734,0.1107212845376488,0.9582766352990782,,2.300818927193872,0.024271634650700133,,,9.01318741984366,,6.0971577798445145,0.03804827398211393,5.635996597907507,,3.5560554700886486,,0.8200552717253142,,10.426985037276474,0.04052469680968108,2.1750636206109037,,3.5952023407532776,,4.873697393605709,,6.0852449194056115,0.03456601667034908,4.3276200734252885,,4.328007828087942,0.05946516203438685,40.625,60.79166667,,64.0,,,34.26315789,0.0,48.4375,50.875,,66.88888889,29.7826087,65.91304348,37.83333333,79.54166667,,,,,46.95833333,50.0,30.6875,80.20833333,49.68181818,69.95238095,39.78365642875,58.81709799900001
783,2014-02-15,2.400057601382433,,11.995171943292826,0.036907094845882935,0.2395691588247696,,1.3147536726822129,0.04854326930140025,,,9.952061109410707,,4.894901316213201,,5.635996597907507,,3.0636785588456057,,,,9.055013321845355,0.04052469680968108,5.800169654962407,,2.4889862359061152,,4.873697393605709,0.04362337242321227,6.319292800921213,0.03456601667034908,12.021166870625795,,4.7428686820756445,0.048527595233135996,33.20833333,37.86956522,21.20833333,47.91666667,,,22.45833333,0.0,35.08333333,33.0625,,42.26086957,23.375,48.0,23.83333333,60.5,,,,,33.1875,42.70833333,21.89583333,56.5,30.41666667,53.91666667,27.185185183333335,42.273460146000005
784,2014-02-16,1.3333653341013518,,14.244266682660227,0.036907094845882935,1.1978457941238478,,,,,,12.393132702285031,,4.637274931149348,,5.635996597907507,,2.790135830377248,,,,16.189266242087154,0.08104939361936216,1.4500424137406018,,0.8296620786353718,,10.485833786242583,0.04362337242321227,8.191675853046016,0.10369805001104723,6.731853447550447,,5.191366902602892,0.053179204102633486,34.58333333,32.53333333,28.25,43.95833333,,,28.0,0.0,37.4375,26.375,,45.13043478,27.91666667,42.83333333,31.58333333,56.04166667,,,,,37.5625,38.08333333,27.625,53.08333333,39.25,48.5,32.467592592222225,38.65387681
785,2014-02-17,0.8000192004608111,,12.994769605233893,0.036907094845882935,1.9165532705981565,,3.9442610180466375,0.04854326930140025,,,16.524176936380037,0.08319611370487084,6.0971577798445145,,8.966358223943761,,2.7354272846835763,0.01615956948819429,,,13.719717154311144,0.04052469680968108,6.5251908618327095,,4.977972471812231,,8.565892388761549,0.02181168621160614,11.468346194264422,0.06913203334069816,5.048890085662835,,6.043513521604662,0.058207970448036175,33.875,54.76190476,22.875,57.875,,,25.0,5e-324,36.79166667,39.875,,60.66666667,28.04166667,52.875,27.0,66.16666667,,,,,36.5,52.5,25.20833333,70.5,27.28571429,68.19047619,29.17526455111111,52.341071428999996
786,2014-02-18,1.0666922672810817,,8.246680711013816,0.1107212845376488,1.6769841117733868,,8.217210454263826,0.024271634650700133,,,12.580907440198441,,7.471165166851728,,11.784356522897514,,2.7354272846835763,0.008079784744097145,,,12.896534125052474,0.1215740904290432,3.625106034351505,,3.318648314541487,0.08168731131754962,7.975141189536615,0.06543505863481841,5.617149156374412,0.03456601667034908,1.20211668706258,,5.550165479024692,0.0677626265043013,40.34782609,62.17391304,27.77272727,71.59090909,,,28.95833333,0.0,40.4375,54.70833333,,65.45833333,29.25,62.41666667,29.45,83.79166667,,,,,43.47916667,62.54166667,31.0,87.45833333,44.36363636,80.0,35.006576635555554,63.013982213
787,2014-02-19,1.7333749343317573,,9.246278372954883,0.036907094845882935,1.437414952948617,,1.3147536726822129,0.04854326930140025,0.5019475565192949,,11.266484274804574,,7.299414243475827,,9.222539887485011,,2.5165931019088905,,0.4100276358626571,,9.603802008017805,,4.350127241221807,,7.190404681506555,0.04084365565877481,6.350575391668045,0.02181168621160614,6.319292800921213,0.03456601667034908,,,4.821355870667913,0.06223098352435834,49.05263158,58.08333333,31.83333333,72.25,,,31.91666667,0.0,51.52083333,44.66666667,,73.5,37.58333333,59.58333333,40.86363636,88.27272727,,,,,51.83333333,64.16666667,35.10416667,89.16666667,46.45,73.95833333,41.79532606666667,62.36477272699999
788,2014-02-20,1.7333749343317573,,10.745674865866489,0.07381418969176587,2.635260747072465,,3.779916808961361,0.04854326930140025,0.5019475565192949,,13.7075558676789,,5.8395313947806615,,14.602354821851273,,4.321975109800052,0.008079784744097145,3.690248722763914,,10.975773723448915,0.04052469680968108,2.9000848274812037,,6.084188576659392,0.12253096697632446,8.270516789149081,,7.021436445468013,0.03456601667034908,3.125503386362708,,6.077150888144207,0.05405923821307896,46.75,57.33333333,35.5,78.66666667,,,31.40909091,0.0,63.22916667,62.8125,,75.63157895,41.875,65.08333333,46.83333333,81.5,,,,,54.04166667,70.39130435,40.29166667,96.79166667,51.29166667,72.79166667,45.69128788,66.100204997
789,2014-02-21,0.5333461336405407,,10.745674865866489,0.036907094845882935,1.9165532705981565,,2.793851554449702,0.04854326930140025,0.5019475565192949,,12.768682178111849,,6.440659626596317,0.012682757994037978,8.710176560402513,,3.391929833007635,0.008079784744097145,2.4601658151759427,,6.585464234069352,0.04052469680968108,4.350127241221807,,7.190404681506555,,7.5320777901179135,0.04362337242321227,8.659771616077219,,8.174393472025544,,5.561377934537872,0.0681397839802065,58.0,61.79166667,41.41666667,77.5,,,41.94736842,0.0,65.54166667,62.72916667,,70.0,49.91304348,64.73913043,48.95833333,85.0,,,,,66.64583333,68.45833333,51.79166667,95.41666667,64.125,76.45833333,54.25995317444445,66.20932970999999
790,2014-02-22,2.133384534562163,,7.247083049072748,0.07381418969176587,1.6769841117733868,,0.9860652545116594,0.07281490395210037,1.0038951130385898,,11.829808488544804,,5.3242786246529565,,13.57762816768627,,3.337221287313964,,1.6401105434506285,,8.780618978759135,0.04052469680968108,7.25021206870301,,2.4889862359061152,,3.69219499515584,0.02181168621160614,8.659771616077219,0.03456601667034908,2.644656711537676,,4.78771850412837,0.06235670268299341,44.29166667,49.30434783,34.54166667,66.70833333,,,30.17391304,0.0,45.66666667,50.8125,,61.54166667,32.56521739,59.82608696,41.91666667,62.75,,,,,41.83333333,57.5,34.29166667,78.375,45.58333333,57.45833333,38.98490338222222,54.42762681200001
791,2014-02-23,2.133384534562163,,11.745272527807556,0.036907094845882935,0.9582766352990782,,1.4790978817674891,0.07281490395210037,,,9.01318741984366,0.027732037901623617,5.925406856468612,,7.685449906237513,,1.5865478251164744,0.008079784744097145,1.6401105434506285,,12.073351095793807,0.04052469680968108,3.625106034351505,,2.4889862359061152,,3.9875705947683073,,8.425723734561616,0.10369805001104723,2.8850800489501918,,4.361645194627484,0.05368208073717376,52.18181818,52.18181818,44.16666667,59.41666667,,,33.95652174,0.0,58.66666667,50.6875,,57.25,42.29166667,53.08333333,46.217391299999996,60.26086957,,,,,46.04166667,54.45833333,40.6875,71.91666667,47.125,61.26086957,45.703877544444445,52.051605732000006
792,2014-02-24,2.400057601382433,,6.4973848026169465,0.036907094845882935,1.9165532705981565,,3.779916808961361,0.024271634650700133,,,8.63763794401684,0.027732037901623617,6.183033241532465,0.012682757994037978,6.404541588531259,,2.13363328205319,0.01615956948819429,2.0501381793132856,,5.4878868617244585,,6.5251908618327095,,8.573174812565508,0.04084365565877481,8.122828989342848,,9.83001102365522,,10.81905018356322,,5.2025793581160755,0.0489047527090412,47.91666667,57.0,42.58333333,62.875,,,26.86363636,0.0,50.875,52.79166667,,58.33333333,45.625,56.58333333,50.29166667,67.375,,,,,38.4,55.66666667,45.04166667,78.33333333,50.45833333,62.625,44.22836700333333,55.158333332999995
793,2014-02-25,1.0666922672810817,,7.247083049072748,0.036907094845882935,1.6769841117733868,,3.451228390790808,0.04854326930140025,,,9.952061109410707,0.027732037901623617,4.293773084397545,0.02536551598807596,15.370899812475026,0.07566981247821616,3.0089700131519344,,,,4.9390981755520125,0.04052469680968108,3.625106034351505,,7.190404681506555,0.04084365565877481,8.270516789149081,0.04362337242321227,8.659771616077219,,11.299896858388252,0.07101518744905243,5.292279002221523,0.05833368960667125,51.36842105,63.42857143,40.125,84.66666667,,,30.875,5e-324,55.5625,59.0,,78.25,34.47368421,81.29166667,47.04166667,85.79166667,,,,,59.95833333,63.54166667,43.08333333,91.54166667,62.04166667,72.16666667,47.16995614,67.96785714500001
794,2014-02-26,1.466701867511487,,10.995574281351757,0.036907094845882935,0.4791383176495391,,3.286884181705532,0.024271634650700133,,,13.332006391852081,,4.551399469461399,,4.6112699437425055,0.03783490623910808,5.36143747797981,,2.0501381793132856,,12.896534125052474,0.04052469680968108,7.975233275573308,,7.743512733930137,0.12253096697632446,6.498263191474277,,7.723580090014813,,12.261590208038314,0.035507593724526214,6.00987615506512,0.059339442875751776,51.15789474,62.625,37.79166667,61.33333333,,,28.58333333,0.0,50.0625,52.14583333,,67.33333333,42.04166667,67.125,43.25,82.20833333,,,,,50.6875,60.54166667,41.0625,90.45833333,54.91666667,73.20833333,44.394858675555554,61.697916665
795,2014-02-27,1.8667114677418928,,8.996378957469616,0.036907094845882935,0.9582766352990782,,4.437293645302467,0.04854326930140025,,,12.393132702285031,0.055464075803247234,4.551399469461399,,18.957443102052526,,3.391929833007635,0.02423935423229144,0.8200552717253142,,12.622139781966254,0.08104939361936216,5.075148448092107,,1.1062161048471624,,5.612136392636877,0.02181168621160614,10.06405890517082,,8.655240146850575,,5.740777222748772,0.06738546902839611,26.40909091,51.94736842,23.08333333,63.0,,,23.08333333,0.0,29.33333333,42.75,,59.91666667,27.375,54.66666667,28.45833333,66.70833333,,,,,34.45833333,42.625,22.83333333,76.66666667,37.375,53.79166667,28.045454543333328,51.207236843
796,2014-02-28,1.2000288006912163,,10.995574281351757,0.036907094845882935,1.437414952948617,,2.6295073453644253,0.024271634650700133,0.5019475565192949,,12.017583226458216,,4.465524007773447,,7.941631569778763,,2.7354272846835763,0.04847870846458287,1.6401105434506285,,5.213492518638237,0.08104939361936216,4.350127241221807,,4.4248644193886495,,4.430633994187008,0.02181168621160614,7.957627971530415,,9.616933496500641,,4.731656226562464,0.06436820922115448,37.25,42.95454545,32.14285714,56.45833333,,,25.83333333,0.0,41.5625,33.47916667,,49.45833333,30.91666667,48.875,32.75,56.875,,,,,37.10416667,48.91666667,29.29166667,75.75,34.25,48.375,33.45568783111111,46.114204545
797,2014-03-01,1.466701867511487,,8.496580126499081,0.036907094845882935,0.4791383176495391,,1.4790978817674891,0.024271634650700133,,,14.083105343505714,,5.925406856468612,,10.503448205191264,,3.0089700131519344,,2.0501381793132856,,5.762281204810683,,2.1750636206109037,,1.3827701310589529,0.04084365565877481,5.612136392636877,,4.680957630312009,0.03456601667034908,0.24042333741251604,,4.361645194627484,0.053053484943998426,17.25,29.85714286,14.08333333,35.26086957,,,17.5,0.0,16.64583333,28.0625,12.875,35.0,16.875,25.70833333,22.0,45.0,,,,,18.0625,31.9047619,15.08333333,41.125,24.54166667,36.05882353,17.491666666,30.797743119
798,2014-03-02,1.2000288006912163,,11.745272527807556,0.036907094845882935,0.9582766352990782,,6.0807357361552326,,,,11.266484274804574,,4.551399469461399,0.012682757994037978,13.065264840603767,,2.5165931019088905,,1.6401105434506285,,10.701379380362694,0.04052469680968108,7.975233275573308,,1.3827701310589529,,5.464448592830643,0.02181168621160614,4.9150055118276095,0.03456601667034908,12.261590208038314,,5.325916368761066,0.0489047527090412,42.16666667,43.70833333,31.04166667,48.375,,,28.22916667,0.0,46.95833333,40.41666667,,48.79166667,31.29166667,49.25,37.5,64.54166667,,,,,34.33333333,55.73913043,29.60416667,62.54166667,42.16666667,52.875,35.921296297777786,46.623913044
799,2014-03-03,2.0000480011520283,,13.744467851689693,0.07381418969176587,1.6769841117733868,,3.1225399726202547,0.024271634650700133,,,13.332006391852081,,7.213538781787876,0.012682757994037978,10.759629868732517,,4.5955178382684085,0.01615956948819429,0.4100276358626571,,9.603802008017805,0.08104939361936216,4.350127241221807,,5.254526498024021,,7.6797655899241475,0.04362337242321227,8.893819497592819,0.06913203334069816,8.655240146850575,,6.323824909434192,0.05971660035165701,36.625,59.80952381,28.83333333,57.16666667,,,29.10416667,0.0,40.58333333,42.9375,,59.58333333,29.5,60.41666667,33.08333333,75.41666667,,,,,43.14583333,53.66666667,32.04166667,78.29166667,41.39130435,68.59090909,34.923107890000004,55.587959957999985
800,2014-03-04,1.0666922672810817,,11.495373112322287,0.036907094845882935,0.7187074764743087,,2.4651631362791484,0.04854326930140025,,,12.017583226458216,,4.551399469461399,0.012682757994037978,7.941631569778763,0.03783490623910808,2.8995529217645912,0.008079784744097145,0.8200552717253142,,8.780618978759135,0.04052469680968108,10.875318103054514,,3.318648314541487,,7.5320777901179135,,7.723580090014813,0.10369805001104723,8.895663484263087,,5.101667258497443,0.07090560547017798,44.04166667,45.75,36.25,62.13043478,,,41.125,0.0,47.29166667,38.4375,33.91666667,58.375,37.70833333,52.08333333,42.29166667,60.66666667,,,,,44.5625,43.625,37.39583333,70.45833333,37.28571429,49.125,40.186904762999994,48.065126811
801,2014-03-05,1.466701867511487,,9.496177788440152,0.07381418969176587,0.7187074764743087,,3.6155725998760846,0.07281490395210037,,,9.764286371497297,,5.496029548028859,,11.271993195815014,0.11350471871732425,3.774889652863336,,1.2300829075879711,,11.250168066535142,0.04052469680968108,3.625106034351505,,3.5952023407532776,,4.726009593799477,0.04362337242321227,4.9150055118276095,0.03456601667034908,6.491430110137931,,4.989542703365632,0.057202217178955635,32.375,45.125,27.58333333,54.41666667,,,31.47916667,0.0,36.10869565,44.43181818,27.5,50.0,27.52173913,44.56521739,30.52173913,40.782608700000004,,,,,32.375,46.25,27.47916667,53.33333333,34.58333333,43.9,30.752717390999997,42.280464427
802,2014-03-06,1.3333653341013518,,8.496580126499081,0.07381418969176587,0.4791383176495391,,4.108605227131913,0.04854326930140025,,,9.576511633583886,,2.2327620038867235,,5.379814934366259,,3.0089700131519344,,1.6401105434506285,,12.622139781966254,0.04052469680968108,2.9000848274812037,,3.8717563669650685,0.04084365565877481,5.464448592830643,,4.680957630312009,0.03456601667034908,7.453123459787995,,4.260733095008853,0.055945025592604974,30.91666667,30.61904762,28.375,37.4375,,,33.52083333,0.0,35.64583333,26.33333333,31.08695652,30.66666667,31.29166667,23.125,24.88888889,24.7,,,,,34.77083333,24.41666667,31.45,23.0,28.73684211,25.83333333,31.068352084999997,24.613154762
803,2014-03-07,1.466701867511487,,7.247083049072748,0.07381418969176587,,,3.779916808961361,0.04854326930140025,,,10.890934798977757,,3.606769390893938,,4.867451607283757,,4.376683655493722,,0.8200552717253142,,8.780618978759135,,6.5251908618327095,0.1070767868555349,2.2124322096943247,,6.350575391668045,,6.0852449194056115,0.06913203334069816,4.087196736012772,,4.473769749759296,0.04777328028132559,16.31818182,31.19047619,12.86363636,42.21052632,,,16.60416667,5e-324,23.47916667,28.25,12.33333333,,16.875,23.08333333,17.91304348,26.42857143,,,,,16.60416667,21.91666667,13.22916667,35.41666667,17.95833333,18.125,16.4178195,25.180137845555556
804,2014-03-08,1.466701867511487,,8.496580126499081,0.036907094845882935,0.7187074764743087,,4.601637854387744,0.04854326930140025,,,7.886538992363203,,3.3491430058300846,0.012682757994037978,7.941631569778763,,2.4618845562152187,0.008079784744097145,0.8200552717253142,,7.683041606414242,,2.9000848274812037,,1.1062161048471624,,5.169072993218176,,6.319292800921213,0.03456601667034908,4.087196736012772,,3.9243594296134177,0.05016194429539187,33.58333333,29.45833333,28.70833333,35.5,,,36.34027778,5e-324,38.1875,25.625,27.45833333,33.05,28.52173913,29.16666667,27.29166667,30.91666667,,,,,31.30434783,25.56521739,27.375,,38.54166667,32.82608696,31.731219807000002,26.90088566888889
805,2014-03-09,1.8667114677418928,,11.245473696837022,0.036907094845882935,2.156122429422926,,5.259014690728852,,0.5019475565192949,,12.580907440198441,,4.980776777901152,,7.1730865791550125,,3.5013469243949777,0.008079784744097145,1.2300829075879711,,10.975773723448915,,2.9000848274812037,,2.4889862359061152,,7.5320777901179135,0.02181168621160614,3.978813985765208,,6.491430110137931,,5.25864163568198,0.04400170552227357,14.75,24.33333333,9.458333332999999,,,,13.10416667,0.0,12.15,22.58333333,13.33333333,32.95833333,6.789473684,21.5,15.29166667,28.81818182,,,,,16.02083333,20.33333333,10.45833333,34.08333333,26.70833333,21.47619048,13.806447367699999,22.898448772222224
806,2014-03-10,0.4000096002304056,,10.245876034895954,0.036907094845882935,,,3.286884181705532,0.04854326930140025,,,13.332006391852081,,6.0971577798445145,0.012682757994037978,7.685449906237513,,4.376683655493722,0.008079784744097145,2.0501381793132856,,17.286843614432044,0.08104939361936216,3.625106034351505,,4.14831039317686,0.04084365565877481,7.089014390699212,,8.425723734561616,,9.376510159088124,,5.908964055446489,0.05896228539984659,17.33333333,27.125,17.25,27.52173913,,,17.65277778,0.0,22.8125,24.5,13.5,27.52380952,18.66666667,20.13043478,17.08333333,33.0,,,,,18.8125,14.56521739,16.625,24.33333333,18.54166667,17.05,17.827777778,21.574953415000003
807,2014-03-11,0.5333461336405407,,9.246278372954883,0.07381418969176587,1.437414952948617,,3.286884181705532,0.024271634650700133,,,13.14423165393867,,6.011282318156563,,9.991084878108763,0.03783490623910808,4.431392201187394,0.01615956948819429,0.8200552717253142,,9.055013321845355,,3.625106034351505,,2.7655402621179057,,6.498263191474277,0.02181168621160614,6.553340682436812,,5.7701600979003835,,5.3034914577347045,0.0662539966006805,24.25,51.45833333,19.08333333,55.79166667,,,30.95833333,0.0,24.22916667,43.05263158,17.04166667,,27.125,38.16666667,28.66666667,49.20833333,,,,,32.70833333,39.82608696,23.8125,,28.52380952,35.29166667,25.639880952,39.09942315125
808,2014-03-12,1.3333653341013518,,10.49577545038122,0.036907094845882935,0.9582766352990782,,2.4651631362791484,0.024271634650700133,,,12.205357964371624,,6.440659626596317,,9.222539887485011,,4.157849472719036,0.02423935423229144,1.2300829075879711,,12.073351095793807,0.04052469680968108,0.7250212068703009,,2.7655402621179057,0.04084365565877481,6.055199792055577,0.02181168621160614,5.617149156374412,,0.48084667482503207,,5.023180069905175,0.05946516203438685,22.75,58.5,23.29166667,57.70833333,,,28.77083333,0.0,28.66666667,55.875,18.45833333,62.82608696,26.79166667,46.70833333,27.95833333,66.875,,,,,31.79166667,48.29166667,25.27083333,68.54166667,36.83333333,58.54166667,27.058333332999997,52.38677536299999
809,2014-03-13,0.4000096002304056,,6.997183633587482,0.036907094845882935,0.4791383176495391,,3.451228390790808,0.024271634650700133,,,10.890934798977757,,3.9502712376457416,,8.710176560402513,,2.6260101932962336,,2.4601658151759427,,10.975773723448915,0.04052469680968108,4.350127241221807,,6.084188576659392,,6.645950991280513,0.02181168621160614,8.425723734561616,0.03456601667034908,8.895663484263087,,4.843780781694276,0.056322183068510175,34.36363636,55.20833333,30.375,55.66666667,,,30.95833333,5e-324,38.29166667,44.95833333,,51.25,35.41666667,44.08333333,37.83333333,52.875,,,,,40.875,45.08333333,30.70833333,58.70833333,42.375,49.25,35.68855218777777,45.70833333200001
810,2014-03-14,0.8000192004608111,,9.246278372954883,0.036907094845882935,0.7187074764743087,,2.6295073453644253,0.07281490395210037,,,10.327610585237526,,4.894901316213201,,5.635996597907507,,3.8843067442506793,,2.8701934510386,,8.231830292586688,0.04052469680968108,2.9000848274812037,,5.254526498024021,,5.759824192443111,,6.553340682436812,0.1728300833517454,5.289313423075352,,4.6643814934833765,0.0543106765303491,37.29166667,50.34782609,33.04166667,62.5,,,29.89583333,0.0,48.125,38.14583333,,48.66666667,37.5,41.75,40.91304348,55.56521739,,,,,43.64583333,41.95833333,33.5625,56.54166667,42.33333333,49.41666667,38.47876409,44.489221015
811,2014-03-15,0.8000192004608111,,7.996781295528549,0.07381418969176587,0.2395691588247696,,,,1.0038951130385898,,12.017583226458216,,4.036146699333694,,11.271993195815014,0.03783490623910808,1.9147990992785042,0.01615956948819429,0.4100276358626571,,14.268505840483591,0.08104939361936216,2.9000848274812037,,3.5952023407532776,,4.873697393605709,,7.957627971530415,0.03456601667034908,2.8850800489501918,,4.260733095008853,0.05229916999218802,37.20833333,49.58333333,34.16666667,56.33333333,,,27.52083333,0.0,39.75,38.95833333,,55.29166667,33.0,48.13043478,36.58333333,61.20833333,,,,,40.6875,51.41666667,32.1875,64.95833333,38.91666667,58.83333333,35.55787037,48.47137681
812,2014-03-16,0.2666730668202704,,9.995976619410687,0.036907094845882935,1.437414952948617,,,,,,9.200962157757068,,4.551399469461399,,9.991084878108763,,4.2125580184127065,0.008079784744097145,1.6401105434506285,,9.603802008017805,,2.9000848274812037,0.1070767868555349,2.2124322096943247,,7.089014390699212,,8.659771616077219,0.03456601667034908,9.857356833913157,,4.967117792339268,0.04777328028132559,24.2173913,23.92857143,20.125,28.17391304,,,19.77083333,0.0,26.35416667,31.84782609,,32.31818182,18.625,34.375,23.0,37.70833333,,,,,25.52083333,34.217391299999996,16.5,42.29166667,34.125,38.13043478,23.137580514444444,30.299131845999995
813,2014-03-17,1.466701867511487,,12.744870189748626,0.036907094845882935,0.2395691588247696,,2.1364747181085955,0.04854326930140025,,,9.388736895670478,,5.066652239589104,0.03804827398211393,13.57762816768627,,3.118387104539277,,,,11.250168066535142,0.04052469680968108,7.975233275573308,,2.7655402621179057,,6.793638791086748,,7.255484326983613,,5.7701600979003835,,5.135304625036987,0.055693587275334834,20.625,40.42857143,22.08333333,45.20833333,,,21.3125,0.0,21.02083333,35.5,,39.70833333,21.625,37.66666667,28.25,38.25,,,,,25.77083333,40.58333333,24.02083333,47.65217391,31.5,41.125,24.023148146666664,36.6122412
814,2014-03-18,0.5333461336405407,,5.997585971646413,0.036907094845882935,0.9582766352990782,,4.108605227131913,0.024271634650700133,0.5019475565192949,,9.200962157757068,,5.3242786246529565,,12.552901513521268,0.11350471871732425,3.282512741620292,,,,11.798956752707586,0.04052469680968108,6.5251908618327095,,6.360742602871183,,6.941326590892979,0.04362337242321227,8.893819497592819,,4.8084667482503205,,5.135304625036987,0.05757937465486085,18.04347826,36.19047619,19.54166667,39.16666667,,,16.54166667,0.0,19.5625,34.75,,37.26086957,14.6,50.20833333,19.15,41.15,,,,,24.41666667,40.91666667,15.8125,52.0,28.29166667,50.04347826,19.551127215555557,38.168649069000004
815,2014-03-19,1.466701867511487,,10.995574281351757,0.036907094845882935,0.9582766352990782,,1.4790978817674891,0.12135817325350062,,,9.576511633583886,,5.753655933092711,0.012682757994037978,7.941631569778763,0.03783490623910808,2.4618845562152187,0.008079784744097145,0.8200552717253142,,10.152590694190248,0.04052469680968108,4.350127241221807,,6.360742602871183,,7.236702190505446,,4.680957630312009,0.06913203334069816,4.3276200734252885,,4.675593948996559,0.05757937465486085,37.84210526,45.782608700000004,25.25,55.625,,,23.47916667,0.0,33.25,40.125,,47.79166667,29.95833333,55.45833333,29.17391304,45.22727273,,,,,32.375,44.16666667,29.14583333,56.58333333,30.125,54.08333333,30.066594625555556,44.484321476000005
816,2014-03-20,0.9333557338709464,,11.245473696837022,0.036907094845882935,1.1978457941238478,,6.573768363411063,0.024271634650700133,,,10.890934798977757,,4.465524007773447,,13.57762816768627,0.07566981247821616,2.188341827746861,,2.0501381793132856,,13.445322811224926,0.04052469680968108,4.350127241221807,,3.318648314541487,,5.907511992249344,0.04362337242321227,6.553340682436812,0.03456601667034908,1.9233866993001283,,5.023180069905175,0.052424889150823085,47.75,72.95833333,43.58333333,71.83333333,,,45.79166667,5e-324,55.6875,67.66666667,,66.125,46.08333333,68.20833333,44.86956522,66.82608696,,,,,47.45833333,63.125,43.4375,76.41666667,38.2,72.06666667,45.87347020888889,62.522608696
817,2014-03-21,1.3333653341013518,,8.996378957469616,0.1107212845376488,0.4791383176495391,,3.1225399726202547,,0.5019475565192949,,10.139835847324118,,6.0971577798445145,0.06341378997018987,4.6112699437425055,,3.4466383787013064,0.008079784744097145,0.8200552717253142,,12.073351095793807,0.04052469680968108,2.9000848274812037,,2.7655402621179057,,3.8398827949620737,0.02181168621160614,5.617149156374412,0.06913203334069816,1.20211668706258,,4.361645194627484,0.056322183068510175,34.70833333,59.83333333,27.7826087,63.875,,,34.04166667,5e-324,32.60416667,51.75,31.08333333,54.45833333,33.91666667,49.375,37.58333333,50.79166667,,,,,42.8125,50.782608700000004,32.0,61.875,39.52380952,59.16666667,34.605641822,50.190760870000005
818,2014-03-22,1.7333749343317573,,8.496580126499081,0.2214425690752976,0.2395691588247696,,1.3147536726822129,0.024271634650700133,2.00779022607718,,9.388736895670478,,4.980776777901152,,6.6607232520725095,,2.2977589191342043,,0.4100276358626571,,12.622139781966254,0.08104939361936216,5.800169654962407,,3.0420942883296966,,6.941326590892979,,7.255484326983613,,0.24042333741251604,,4.271945550522036,0.0489047527090412,46.25,46.16666667,41.25,68.5,,,38.83333333,0.0,45.875,42.25,38.66666667,59.33333333,38.45833333,54.70833333,39.26086957,64.13043478,,,,,47.08333333,49.58333333,37.35416667,77.70833333,40.08333333,56.95833333,41.311503623,51.93387681
819,2014-03-23,1.6000384009216222,,8.996378957469616,0.1107212845376488,1.1978457941238478,,1.9721305090233188,,,,12.95645691602526,,5.410154086340908,0.02536551598807596,5.635996597907507,,3.6654725614759927,0.03231913897638858,1.6401105434506285,,9.32940766493158,0.08104939361936216,1.4500424137406018,,2.2124322096943247,,2.953755996124672,,5.851197037890012,0.06913203334069816,2.8850800489501918,,4.384070105653847,0.047898999439960656,43.625,41.41666667,37.58333333,45.66666667,,,40.125,0.0,41.375,35.625,39.125,48.5,39.125,40.33333333,38.25,48.25,,,,,42.27083333,29.41666667,37.14583333,58.58333333,38.0,48.5,39.662499999000005,39.629166667
820,2014-03-24,1.6000384009216222,,10.745674865866489,0.036907094845882935,,,3.779916808961361,0.024271634650700133,,,12.580907440198441,0.027732037901623617,6.440659626596317,0.012682757994037978,13.57762816768627,,2.4071760105215474,,2.0501381793132856,,17.56123795751827,0.04052469680968108,5.075148448092107,,5.807634550447602,0.04084365565877481,4.726009593799477,0.02181168621160614,6.319292800921213,0.03456601667034908,9.857356833913157,,5.763202133775134,0.04915619102631134,37.33333333,53.82608696,33.57142857,51.625,,,32.95833333,0.0,39.125,47.25,36.45833333,48.16666667,32.33333333,49.91666667,31.66666667,57.0,,,,,41.08333333,42.0,32.25,59.875,35.63636364,79.0,35.241612553,48.86594203
821,2014-03-25,0.8000192004608111,,12.994769605233893,0.036907094845882935,,,2.4651631362791484,0.024271634650700133,,,12.580907440198441,0.027732037901623617,5.753655933092711,0.012682757994037978,9.991084878108763,,3.6654725614759927,0.008079784744097145,1.6401105434506285,,10.701379380362694,0.04052469680968108,3.625106034351505,,3.8717563669650685,,6.350575391668045,0.02181168621160614,6.553340682436812,0.06913203334069816,0.48084667482503207,,5.023180069905175,0.06461964753842461,37.08695652,60.16666667,26.91666667,66.125,,,31.29166667,0.0,37.3125,48.08333333,28.82608696,56.75,29.04166667,51.875,26.95,59.91666667,,,,,32.97826087,61.45454545,28.54166667,76.375,36.83333333,66.45833333,31.577880435999997,54.72045454500001
822,2014-03-26,1.7333749343317573,,10.49577545038122,0.036907094845882935,0.9582766352990782,,2.4651631362791484,0.024271634650700133,,,10.139835847324118,,6.011282318156563,0.012682757994037978,10.247266541650015,,3.6654725614759927,0.008079784744097145,2.0501381793132856,0.24222431760122945,9.32940766493158,0.04052469680968108,3.625106034351505,,7.190404681506555,0.04084365565877481,4.726009593799477,0.02181168621160614,8.659771616077219,,10.81905018356322,,5.482890745945604,0.056322183068510175,33.26315789,42.73913043,24.16666667,48.08333333,,,26.04166667,0.0,26.1875,40.60416667,27.42105263,42.39130435,23.16666667,38.375,23.65217391,40.30434783,,,,,26.52083333,37.75,21.5,55.59090909,29.69565217,26.47619048,26.161536993999995,37.231438218
823,2014-03-27,1.3333653341013518,,11.495373112322287,0.036907094845882935,1.1978457941238478,,2.793851554449702,0.04854326930140025,,,12.017583226458216,,4.036146699333694,,11.271993195815014,0.11350471871732425,3.6654725614759927,0.01615956948819429,2.4601658151759427,,11.250168066535142,0.04052469680968108,3.625106034351505,,6.913850655294765,,5.907511992249344,,6.787388563952413,0.10369805001104723,2.40423337412516,0.035507593724526214,5.112879714010624,0.06147666857254794,28.66666667,41.30434783,27.04166667,38.125,,,27.04347826,0.0,33.41666667,36.16666667,25.625,39.58333333,25.33333333,39.375,30.875,41.95833333,,,,,30.39583333,50.91666667,23.66666667,54.58333333,34.54166667,34.125,28.660597826999997,37.613768116
824,2014-03-28,0.6666826670506759,,8.496580126499081,0.036907094845882935,0.4791383176495391,,2.300818927193872,0.04854326930140025,,,8.262088468190019,,5.496029548028859,,10.759629868732517,,4.321975109800052,0.008079784744097145,1.6401105434506285,,12.896534125052474,0.04052469680968108,2.9000848274812037,,3.5952023407532776,,3.2491315957371394,,7.021436445468013,0.06913203334069816,4.087196736012772,,4.720443771049284,0.05732793633759072,36.25,44.08333333,29.29166667,52.83333333,,,31.45833333,5e-324,33.41666667,36.1875,29.16666667,41.41666667,29.20833333,44.54166667,30.58333333,52.875,,,,,35.3125,43.5,30.45833333,63.5,32.65217391,45.39130435,31.779800723999994,42.432880435
825,2014-03-29,0.9333557338709464,,7.996781295528549,0.036907094845882935,0.2395691588247696,,2.300818927193872,0.024271634650700133,1.0038951130385898,,11.078709536891164,,5.6677804714047575,,7.941631569778763,,3.9390152899443502,0.008079784744097145,1.6401105434506285,,9.603802008017805,0.04052469680968108,1.4500424137406018,0.1070767868555349,2.2124322096943247,,2.806068196318438,,4.4469097487964095,0.03456601667034908,1.20211668706258,,4.215883272956129,0.05292776578536335,39.125,51.83333333,28.75,53.08333333,,,34.125,5e-324,40.375,49.6875,30.41666667,53.54166667,30.79166667,50.08333333,32.66666667,57.95833333,,,,,38.0625,54.5,28.77083333,69.75,36.375,69.125,33.945833334,50.95624999900001
826,2014-03-30,0.8000192004608111,,10.245876034895954,0.1107212845376488,0.4791383176495391,,0.9860652545116594,0.024271634650700133,1.0038951130385898,,9.952061109410707,,3.6926448525818887,0.012682757994037978,11.528174859356264,,4.5955178382684085,0.01615956948819429,0.8200552717253142,,12.073351095793807,0.04052469680968108,6.5251908618327095,,2.2124322096943247,,4.282946194380775,,10.06405890517082,0.06913203334069816,0.24042333741251604,,4.686806404509738,0.047270403646785315,34.20833333,37.125,26.125,43.66666667,,,28.08333333,0.0,37.16666667,33.4375,25.16666667,38.04166667,25.375,47.625,27.04347826,40.04545455,,,,,31.8125,37.33333333,26.97916667,49.45833333,32.82608696,32.7,29.478623189,35.943295455000005
827,2014-03-31,1.0666922672810817,,10.745674865866489,0.07381418969176587,0.9582766352990782,,1.8077862999380423,0.024271634650700133,,,13.14423165393867,,4.465524007773447,0.012682757994037978,11.271993195815014,,4.1031409270253665,0.02423935423229144,1.2300829075879711,,8.506224635672911,,5.075148448092107,,4.70141844560044,,3.69219499515584,,8.425723734561616,0.10369805001104723,7.933970134613028,0.035507593724526214,5.1465170805501685,0.05255060830945815,47.70833333,44.08333333,34.33333333,59.25,,,41.27083333,0.0,45.47916667,42.29166667,36.54166667,52.125,35.29166667,45.125,37.25,52.58333333,,,,,43.375,41.83333333,34.60416667,69.33333333,43.83333333,44.7,39.96875,45.132499999000004
828,2014-04-01,0.6666826670506759,,8.246680711013816,0.036907094845882935,0.7187074764743087,,3.9442610180466375,0.024271634650700133,0.5019475565192949,,9.388736895670478,,4.379648546085496,0.012682757994037978,9.222539887485011,,4.157849472719036,0.008079784744097145,2.8701934510386,,11.250168066535142,0.04052469680968108,1.4500424137406018,,2.7655402621179057,,5.021385193411943,0.02181168621160614,8.425723734561616,,8.41481680943806,0.035507593724526214,4.97833024785245,0.05770509381349592,26.29166667,33.0,19.08333333,47.25,,,23.16666667,0.0,24.33333333,27.45833333,21.5,48.20833333,23.95833333,42.54166667,29.83333333,59.125,,,,,26.02083333,34.95833333,22.02083333,63.66666667,28.04166667,43.09090909,24.424999999,39.929924242000006
829,2014-04-02,0.9333557338709464,0.019692179253133223,8.246680711013816,0.036907094845882935,0.2395691588247696,,1.4790978817674891,0.024271634650700133,0.5019475565192949,,11.642033750631391,,4.980776777901152,0.012682757994037978,7.685449906237513,,3.5013469243949777,0.02423935423229144,2.4601658151759427,,9.603802008017805,0.04052469680968108,7.975233275573308,,2.4889862359061152,,4.430633994187008,0.02181168621160614,5.617149156374412,,7.933970134613028,,4.630744126943833,0.05581930643396992,38.60869565,42.56521739,23.45833333,64.04166667,,,26.4375,0.0,41.79166667,38.16666667,,52.20833333,19.8,49.29166667,36.83333333,56.75,,,,,32.66666667,58.27272727,24.79166667,62.83333333,37.58333333,59.58333333,31.330132850000002,48.371294466
830,2014-04-03,1.0666922672810817,,2.9987929858232065,0.036907094845882935,0.4791383176495391,,2.6295073453644253,0.024271634650700133,,,10.703160061064343,,3.864395775957792,,5.123633270825008,,2.7354272846835763,0.008079784744097145,1.2300829075879711,,9.055013321845355,0.04052469680968108,2.9000848274812037,,4.14831039317686,0.04084365565877481,5.31676079302441,0.02181168621160614,6.319292800921213,0.06913203334069816,11.299896858388252,,4.204670817442948,0.05192201251628282,20.95652174,,21.66666667,43.33333333,,,20.52083333,5e-324,23.3125,34.5625,,38.83333333,23.43478261,39.60869565,24.375,45.91666667,,,,,29.70833333,33.08333333,20.66666667,54.33333333,33.41666667,38.47826087,24.228663446666665,36.46105072333333
831,2014-04-04,0.9333557338709464,,5.997585971646413,0.036907094845882935,0.4791383176495391,,2.793851554449702,0.024271634650700133,,,8.44986320610343,,4.809025854525251,0.02536551598807596,3.5865432895775053,,2.790135830377248,0.01615956948819429,0.4100276358626571,,9.055013321845355,0.08104939361936216,3.625106034351505,,5.807634550447602,,4.430633994187008,0.02181168621160614,7.021436445468013,0.10369805001104723,6.731853447550447,,4.0813338067979545,0.04714468448815026,55.16666667,49.625,,48.0,,,50.64583333,0.0,57.29166667,45.72916667,43.5,52.41666667,47.25,48.41666667,49.29166667,56.25,,,,,51.5625,54.65217391,42.35416667,68.33333333,51.875,65.54545455,49.88194444555555,48.89684618
832,2014-04-05,1.466701867511487,,9.995976619410687,0.07381418969176587,0.9582766352990782,,,,,,6.7598905648827445,,3.864395775957792,,11.271993195815014,,6.182065663384884,,0.4100276358626571,,9.878196351104023,0.04052469680968108,3.625106034351505,,1.1062161048471624,,4.578321793993243,,6.319292800921213,,1.20211668706258,,4.50740711629884,0.04576177374316452,45.52941176,32.64705882,33.54166667,37.52173913,,,40.47916667,0.0,36.79166667,29.02083333,35.16666667,36.52173913,37.16666667,25.70833333,42.45833333,29.83333333,,,,,39.9375,22.76190476,35.125,39.375,44.217391299999996,,39.041346974,28.154437981111112
833,2014-04-06,0.9333557338709464,,9.995976619410687,0.07381418969176587,0.9582766352990782,,,,,,13.519781129765489,,3.864395775957792,,7.429268242696263,,1.4771307337291313,0.008079784744097145,0.8200552717253142,,12.347745438880036,0.08104939361936216,3.625106034351505,,1.9358781834825345,,3.1014437959309067,,5.617149156374412,0.10369805001104723,6.010583435312897,,3.9579967961529614,0.05053910177129707,18.0,19.42857143,16.40909091,35.05263158,,,19.14583333,0.0,22.375,16.8125,17.73684211,25.05263158,17.52173913,18.26086957,18.54166667,19.27777778,,,,,20.3125,18.7826087,18.56818182,24.65,19.375,21.65,18.798585397,19.896759064
834,2014-04-07,1.3333653341013518,,8.496580126499081,0.1107212845376488,0.2395691588247696,,2.793851554449702,0.024271634650700133,1.0038951130385898,,12.95645691602526,,6.011282318156563,0.03804827398211393,16.907989793722525,,2.571301647602562,,2.0501381793132856,,9.603802008017805,0.04052469680968108,2.9000848274812037,,6.637296629082974,,3.2491315957371394,0.08724674484642454,8.191675853046016,,3.60635006118774,,5.112879714010624,0.04437886299817877,10.75,18.16666667,10.54166667,22.22727273,,,9.5,0.0,16.91666667,15.08333333,8.833333332999999,,12.04166667,17.25,9.5,24.31818182,,,,,11.85416667,19.29166667,10.72916667,23.29166667,13.33333333,21.0,11.400000001299999,17.84764309888889
835,2014-04-08,0.4000096002304056,,11.495373112322287,0.036907094845882935,1.1978457941238478,,2.300818927193872,0.024271634650700133,,,8.44986320610343,0.055464075803247234,5.8395313947806615,0.02536551598807596,8.710176560402513,,2.790135830377248,,0.4100276358626571,,12.622139781966254,0.04052469680968108,2.1750636206109037,,6.360742602871183,,4.430633994187008,0.02181168621160614,5.851197037890012,0.06913203334069816,0.24042333741251604,,4.4289199277065725,0.05732793633759072,28.0,30.04166667,27.25,39.41666667,,,31.64583333,5e-324,35.0625,27.0,22.69565217,34.79166667,28.36363636,28.41666667,29.33333333,29.11764706,,,,,30.0,27.30434783,26.35416667,,38.95652174,31.375,29.766164359999998,27.49596239666667
836,2014-04-09,1.3333653341013518,,8.996378957469616,0.07381418969176587,0.4791383176495391,,1.3147536726822129,0.024271634650700133,0.5019475565192949,,6.572115826969335,0.055464075803247234,6.6124105499722186,0.03804827398211393,11.015811532273764,,4.2125580184127065,0.01615956948819429,2.8701934510386,,7.683041606414242,0.04052469680968108,3.625106034351505,,3.0420942883296966,0.08168731131754962,6.645950991280513,,5.3831012748588085,0.03456601667034908,,,4.574681849377926,0.0496590676608516,15.04166667,26.04166667,14.75,,,,13.6875,5e-324,14.83333333,24.375,14.41666667,30.375,13.66666667,22.58333333,17.16666667,27.04761905,,,,,15.125,21.59090909,14.375,33.2173913,25.45833333,20.85714286,15.852083334000003,22.89867358888889
837,2014-04-10,1.466701867511487,,12.994769605233893,0.1107212845376488,0.2395691588247696,,2.1364747181085955,0.024271634650700133,0.5019475565192949,,11.829808488544804,,4.465524007773447,0.012682757994037978,7.429268242696263,0.11350471871732425,3.8843067442506793,,2.8701934510386,,7.408647263328017,0.08104939361936216,2.9000848274812037,,4.14831039317686,0.04084365565877481,3.69219499515584,,8.191675853046016,,8.895663484263087,,4.967117792339268,0.05129341672310748,19.95,21.42857143,16.875,20.29166667,,,21.92361111,0.0,20.72916667,22.375,14.375,25.82608696,20.20833333,17.375,17.66666667,27.09090909,,,,,20.125,11.29166667,16.125,25.04166667,21.20833333,16.57142857,18.918611110999997,18.729199606
838,2014-04-11,0.9333557338709464,,8.996378957469616,0.1107212845376488,0.2395691588247696,,1.6434420908527656,0.024271634650700133,,,10.515385323150936,,5.496029548028859,0.02536551598807596,5.123633270825008,,3.774889652863336,0.01615956948819429,1.6401105434506285,,8.506224635672911,0.08104939361936216,3.625106034351505,,4.977972471812231,,4.1352583945745405,,5.851197037890012,,3.3659267237752233,,4.350432739114304,0.055693587275334834,18.08333333,52.56521739,16.52173913,62.0,,,19.33333333,0.0,19.45833333,43.52380952,12.33333333,,19.70833333,57.08695652,18.25,76.95454545,,,,,25.0,53.28571429,16.6875,,23.625,44.39130435,18.900090577999997,48.725943439999995
839,2014-04-12,1.2000288006912163,,8.496580126499081,0.07381418969176587,0.7187074764743087,,,,0.5019475565192949,,8.44986320610343,,3.77852031426984,,15.114718148933775,,2.352467464827876,,0.4100276358626571,,7.683041606414242,,5.075148448092107,0.1070767868555349,2.4889862359061152,,7.3843899903116785,,6.0852449194056115,0.03456601667034908,2.1638100367126443,,4.126183628850679,0.04877903355040614,28.83333333,89.54166667,26.29166667,84.125,,,31.52083333,5e-324,31.83333333,94.08333333,18.95833333,97.95833333,27.29166667,60.33333333,30.83333333,89.66666667,,,,,37.22916667,71.86956522,24.45833333,95.70833333,38.41666667,74.58333333,29.566666666000003,75.78695652100001
840,2014-04-13,1.466701867511487,,11.495373112322287,0.036907094845882935,1.9165532705981565,,2.300818927193872,0.024271634650700133,,,11.078709536891164,,5.152527701277054,0.012682757994037978,9.991084878108763,,2.4618845562152187,,0.4100276358626571,,13.994111497397368,0.04052469680968108,7.25021206870301,,0.8296620786353718,,3.69219499515584,,8.425723734561616,,0.9616933496500641,,4.619531671430652,0.04626465037770478,51.66666667,54.70833333,22.0,48.0,,,57.70833333,5e-324,70.625,48.58333333,42.5,56.95833333,49.04166667,55.08333333,52.34782609,70.43478261,,,,,63.04166667,62.38888889,49.83333333,78.875,56.125,77.0,51.48894927600001,55.203200482
841,2014-04-14,0.8000192004608111,,8.996378957469616,0.1107212845376488,0.2395691588247696,,2.6295073453644253,0.024271634650700133,,,11.078709536891164,0.055464075803247234,4.7231503928373,0.03804827398211393,3.8427249531187564,,3.22780419592662,,2.4601658151759427,,11.798956752707586,0.08104939361936216,4.350127241221807,,6.637296629082974,0.04084365565877481,4.873697393605709,0.02181168621160614,4.9150055118276095,0.03456601667034908,4.568043410837803,,4.473769749759296,0.05179629335764775,45.40909091,56.8,43.6,57.90909091,,,51.27083333,5e-324,57.82608696,37.33333333,43.83333333,65.0,48.5,54.25,52.16666667,75.22727273,,,,,55.97826087,,45.75,74.30434783,50.875,71.21739129999999,49.520927207,54.67127067777777
842,2014-04-15,0.4000096002304056,,7.496982464558015,0.07381418969176587,0.7187074764743087,,1.8077862999380423,0.024271634650700133,,,9.01318741984366,,4.551399469461399,0.012682757994037978,10.247266541650015,,2.571301647602562,0.008079784744097145,2.0501381793132856,,8.231830292586688,,5.800169654962407,,2.7655402621179057,,4.726009593799477,,3.5107182227340066,,7.2127001223754785,0.10652278117357863,4.092546262311136,0.05016194429539187,36.0,43.86956522,28.25,45.08333333,,,34.0625,0.0,43.57894737,36.78947368,30.47826087,43.08333333,34.45833333,38.54166667,32.65,42.40909091,,,,,38.875,,34.47916667,47.13636364,38.91666667,50.41666667,35.174887491,38.59216593888888
843,2014-04-16,1.3333653341013518,,9.995976619410687,0.036907094845882935,1.437414952948617,,3.1225399726202547,0.024271634650700133,,,13.7075558676789,0.027732037901623617,5.066652239589104,,10.247266541650015,,1.5865478251164744,0.01615956948819429,2.0501381793132856,,13.994111497397368,0.08104939361936216,5.800169654962407,,1.3827701310589529,,4.578321793993243,0.02181168621160614,5.14905339334321,0.03456601667034908,7.2127001223754785,,4.798930959641551,0.04588749290179958,34.52631579,45.04166667,25.58333333,49.83333333,,,28.08333333,0.0,29.66666667,46.57894737,28.10526316,53.08333333,24.5,53.54166667,27.75,55.58333333,,,,,29.60416667,,21.5,60.25,37.04166667,31.33333333,28.636074562000005,43.916179336666666
844,2014-04-17,1.2000288006912163,,5.997585971646413,0.07381418969176587,0.2395691588247696,,1.9721305090233188,,,,11.642033750631391,,3.2632675441421344,0.012682757994037978,10.247266541650015,,1.5318392794228028,0.01615956948819429,0.8200552717253142,,10.701379380362694,0.08104939361936216,4.350127241221807,,3.5952023407532776,,2.215316997093504,0.08724674484642454,5.851197037890012,0.03456601667034908,4.3276200734252885,,3.7225352303761565,0.05380779989580882,32.66666667,41.16666667,31.41666667,43.875,,,34.0625,0.0,34.8125,38.375,30.55,36.72222222,30.75,41.125,35.91666667,46.54166667,,,,,32.91666667,,34.8125,54.45833333,37.45833333,41.91666667,33.536250001,38.242283951111105
845,2014-04-18,0.6666826670506759,,8.996378957469616,0.036907094845882935,0.2395691588247696,,1.8077862999380423,0.024271634650700133,0.5019475565192949,,9.952061109410707,,5.066652239589104,,6.6607232520725095,,1.9695076449721751,,2.0501381793132856,,9.603802008017805,0.1215740904290432,2.1750636206109037,,2.2124322096943247,,2.215316997093504,,8.659771616077219,,6.491430110137931,,4.014059073718867,0.041738760666842366,39.08333333,27.17391304,35.45833333,34.95833333,,,36.45833333,0.0,42.97916667,30.29166667,32.70833333,33.66666667,32.42857143,35.57142857,31.1,34.0,,,,,39.1875,,34.19565217,37.31818182,36.47368421,85.84615385,36.00729078,35.42514932777778
846,2014-04-19,0.9333557338709464,,8.74647954198435,0.036907094845882935,0.9582766352990782,,0.9860652545116594,,0.5019475565192949,,8.63763794401684,,3.177392082454184,0.02536551598807596,6.91690491561376,,1.641256370810146,,2.0501381793132856,,12.896534125052474,0.1215740904290432,5.075148448092107,,2.2124322096943247,,1.9199413974810369,,5.617149156374412,,2.1638100367126443,,3.4310113870334447,0.045007458791354114,40.70833333,29.0,35.04166667,28.83333333,,,35.5625,0.0,39.83333333,22.75,32.5,30.09090909,30.79166667,20.58333333,34.20833333,,,,,,35.125,,31.20833333,34.54166667,40.54166667,30.0,35.552083333,24.474905302499998
847,2014-04-20,1.8667114677418928,,8.996378957469616,0.036907094845882935,0.4791383176495391,,,,,,11.642033750631391,,5.3242786246529565,0.02536551598807596,10.759629868732517,,1.5865478251164744,,0.4100276358626571,,11.524562409621366,0.04052469680968108,1.4500424137406018,,0.8296620786353718,,5.169072993218176,,6.787388563952413,,2.8850800489501918,,4.159820995390223,0.03847006254233061,37.91666667,24.83333333,34.375,35.625,,,34.75,0.0,38.0625,26.0,30.58333333,28.08333333,30.22727273,23.59090909,34.125,,,,,,37.0625,,32.41666667,32.33333333,40.08333333,30.25,34.960227273,25.089488635
848,2014-04-21,0.8000192004608111,,7.746881880043283,0.18453547422941466,,,3.6155725998760846,0.024271634650700133,0.5019475565192949,,14.270880081419127,,5.152527701277054,,12.809083177062519,,2.8448443760709194,,,,6.585464234069352,,3.625106034351505,,6.913850655294765,,5.464448592830643,0.02181168621160614,6.319292800921213,0.03456601667034908,8.655240146850575,,5.0680298919579005,0.04664180785360998,38.125,29.4,28.5,32.125,,,32.45833333,5e-324,37.5,24.04166667,28.91666667,36.33333333,26.33333333,31.5,29.60869565,8.0,,,,,34.70833333,,29.04166667,39.86363636,36.20833333,38.09090909,32.140036230999996,26.594949494444442
849,2014-04-22,0.9333557338709464,,11.495373112322287,0.1107212845376488,0.4791383176495391,,2.793851554449702,0.024271634650700133,0.5019475565192949,,12.017583226458216,,4.379648546085496,0.012682757994037978,5.892178261448757,,2.2430503734405334,,,,9.603802008017805,0.08104939361936216,2.1750636206109037,,1.6593241572707436,,2.806068196318438,,7.255484326983613,,7.933970134613028,,4.249520639495673,0.056825059703050435,27.85714286,25.31818182,22.54166667,33.375,,,32.14583333,5e-324,28.8125,21.83333333,24.86956522,31.83333333,28.04166667,28.91666667,29.95833333,43.73913043,,,,,31.70833333,22.0,26.9375,42.16666667,35.25,33.0,28.812254141,28.218231225
850,2014-04-23,2.5333941347925686,0.019692179253133223,6.247485387131679,0.036907094845882935,1.1978457941238478,,1.150409463596936,,,,11.266484274804574,,5.066652239589104,,8.197813233320014,,2.078924736359518,0.008079784744097145,,,6.311069890983127,0.04052469680968108,4.350127241221807,,2.2124322096943247,,3.5445071953496066,,6.319292800921213,0.03456601667034908,4.087196736012772,,3.9243594296134177,0.04764756112269053,36.36842105,34.54166667,24.58333333,40.33333333,,,31.3125,0.0,31.5625,36.22727273,31.47368421,43.63636364,27.17391304,33.52173913,29.45833333,42.33333333,,,,,30.83333333,30.83333333,25.47916667,47.54166667,35.13043478,27.75,30.337561974,33.671870883
851,2014-04-24,0.6666826670506759,,8.246680711013816,0.036907094845882935,0.9582766352990782,,2.793851554449702,,,,15.585303246812995,0.1386601895081181,3.6926448525818887,0.02536551598807596,4.6112699437425055,,2.352467464827876,0.008079784744097145,,,9.603802008017805,,4.350127241221807,,0.8296620786353718,,2.953755996124672,0.02181168621160614,6.0852449194056115,,4.568043410837803,,3.9804217071793233,0.04400170552227357,43.375,34.65217391,14.75,57.58333333,,,36.6875,0.0,45.375,36.52083333,30.20833333,44.0,33.875,34.25,37.625,40.95833333,,,,,42.5,32.45833333,32.58333333,52.04166667,43.25,30.08333333,36.022916666,36.254800723
852,2014-04-25,1.0666922672810817,,5.24788772519061,0.07381418969176587,0.2395691588247696,,2.300818927193872,0.12135817325350062,,,8.07431373027661,,6.011282318156563,,9.222539887485011,0.03783490623910808,2.4071760105215474,,,,8.780618978759135,0.08104939361936216,7.25021206870301,,0.5531080524235812,,5.021385193411943,,2.106430933640404,,4.568043410837803,,3.8458722410211497,0.044630301315448914,35.70833333,34.782608700000004,28.04166667,50.33333333,,,29.41666667,0.0,40.27083333,32.67391304,32.1,39.125,30.79166667,34.79166667,34.54166667,45.20833333,,,,,36.0625,35.75,22.68181818,50.65217391,36.73913043,36.63636364,32.635428195,35.995339262
853,2014-04-26,0.5333461336405407,,6.997183633587482,0.14762837938353174,0.9582766352990782,,,,,,8.07431373027661,,4.036146699333694,0.012682757994037978,10.759629868732517,,1.9695076449721751,,,,10.975773723448915,0.04052469680968108,2.9000848274812037,,3.318648314541487,,2.658380396512205,,5.14905339334321,0.10369805001104723,6.251006772725416,,3.655260497297069,0.0431216714118281,27.375,40.75,20.83333333,59.95833333,,,29.27083333,0.0,35.97916667,35.625,18.70833333,64.33333333,21.625,48.91666667,27.08333333,55.91666667,,,,,33.5,40.29166667,21.47916667,73.5,36.125,40.25,27.197916665999998,45.954166666999996
854,2014-04-27,1.2000288006912163,,12.245071358778093,0.036907094845882935,0.7187074764743087,,,,,,7.323214778622973,,3.2632675441421344,0.03804827398211393,7.685449906237513,,2.8448443760709194,0.01615956948819429,1.6401105434506285,,8.506224635672911,,0.7250212068703009,,0.5531080524235812,,3.1014437959309067,,6.319292800921213,,2.644656711537676,,3.5543483976784387,0.04098444571503195,30.94117647,26.47058824,31.5,43.33333333,,,29.1875,0.0,39.35416667,25.77083333,27.04166667,36.25,28.83333333,38.625,24.95238095,37.19047619,,,,,29.10416667,31.70833333,27.1875,51.25,39.875,30.91304348,30.797689076,32.15116079
855,2014-04-28,0.4000096002304056,,7.996781295528549,0.1107212845376488,0.2395691588247696,,2.4651631362791484,0.07281490395210037,,,11.454259012717984,,5.3242786246529565,,5.123633270825008,,3.0636785588456057,0.008079784744097145,0.4100276358626571,,10.975773723448915,,2.1750636206109037,,6.913850655294765,0.08168731131754962,7.236702190505446,0.04362337242321227,4.9150055118276095,,9.376510159088124,,4.798930959641551,0.03985297328731635,,,44.66666667,47.875,,,41.4375,0.0,45.83333333,24.91666667,41.375,42.70833333,44.16666667,36.0,47.34782609,44.17391304,,,,,40.9375,35.79166667,44.16666667,57.25,39.14285714,41.58333333,43.23044628555555,36.69987922666667
856,2014-04-29,0.6666826670506759,,8.496580126499081,0.036907094845882935,0.2395691588247696,,1.150409463596936,,0.5019475565192949,,6.572115826969335,,4.809025854525251,0.03804827398211393,6.404541588531259,,3.0089700131519344,,0.4100276358626571,,10.152590694190248,0.04052469680968108,7.25021206870301,,3.0420942883296966,,4.430633994187008,,4.4469097487964095,,5.529736760487868,,3.9243594296134177,0.05380779989580882,,,30.125,60.375,,,31.22916667,5e-324,35.58333333,45.47916667,29.34782609,46.25,29.875,40.625,33.79166667,49.58333333,,,,,27.95,48.375,35.27777778,53.31818182,33.13043478,51.47826087,31.81224503555556,43.94266029888889
857,2014-04-30,1.2000288006912163,,6.4973848026169465,0.07381418969176587,0.9582766352990782,,1.9721305090233188,0.024271634650700133,,,7.135440040709564,,4.465524007773447,,10.247266541650015,0.03783490623910808,1.4224221880354595,,1.2300829075879711,,4.115915146293344,,6.5251908618327095,0.2141535737110698,3.5952023407532776,0.04084365565877481,3.2491315957371394,0.02181168621160614,4.4469097487964095,0.03456601667034908,1.4425400244750959,,3.2964619208752715,0.04400170552227357,33.26315789,72.7,18.27777778,68.95652174,,,30.8125,5e-324,40.5,54.83333333,33.57894737,66.33333333,28.95833333,58.08333333,27.875,68.58333333,,,,,33.75,62.125,29.33333333,79.75,37.0,58.125,31.334904970000004,58.94898550600001
858,2014-05-01,1.0666922672810817,,7.746881880043283,0.036907094845882935,0.9582766352990782,,,,,,7.886538992363203,,3.435018467518036,0.012682757994037978,5.123633270825008,,2.7354272846835763,,2.4601658151759427,0.06055607940030736,12.073351095793807,,7.25021206870301,,2.2124322096943247,,3.5445071953496066,,5.3831012748588085,0.03456601667034908,4.568043410837803,,3.688897863836613,0.0369614326387098,31.16666667,40.54166667,26.08333333,45.79166667,,,27.3125,0.0,35.3125,31.625,27.16666667,52.41666667,28.83333333,45.70833333,34.95238095,61.80952381,,,,,29.60416667,43.0,29.08333333,63.91666667,29.30434783,39.71428571,29.881922878,42.452380953
859,2014-05-02,1.6000384009216222,,7.496982464558015,0.07381418969176587,0.7187074764743087,,1.8077862999380423,0.024271634650700133,,,8.262088468190019,,3.091516620766233,,,,1.2582965509544453,,0.8200552717253142,,9.603802008017805,0.04052469680968108,5.075148448092107,,3.0420942883296966,,3.1014437959309067,,4.680957630312009,,6.731853447550447,,3.1731249102302783,0.041361603190937166,43.89473684,47.04347826,31.25,66.625,,,30.33333333,0.0,44.9375,48.58333333,,67.29166667,32.04166667,59.04166667,38.08333333,72.91666667,,,,,37.125,53.58333333,31.47916667,80.25,33.4,65.5,35.838304093333335,56.08351449300001
860,2014-05-03,0.8000192004608111,,7.496982464558015,0.036907094845882935,,,2.300818927193872,0.04854326930140025,,,5.445467399488877,,3.520893929205987,,6.6607232520725095,,1.3130050966481168,,1.2300829075879711,,9.055013321845355,0.08104939361936216,5.075148448092107,,1.6593241572707436,,1.7722535976748033,,4.4469097487964095,0.03456601667034908,1.9233866993001283,,2.8928135224007483,0.03557852189372406,28.57894737,,23.0,38.5,,,21.33333333,5e-324,31.0,29.41666667,,31.16666667,25.58333333,37.58333333,19.3,48.217391299999996,,,,,26.625,33.41666667,22.1875,41.875,32.29166667,39.59090909,25.544420077777776,33.30740374777778
861,2014-05-04,0.8000192004608111,,7.996781295528549,0.036907094845882935,0.4791383176495391,,0.8217210454263828,0.024271634650700133,0.5019475565192949,,6.572115826969335,,4.207897622709594,,8.453994896861262,,1.9695076449721751,0.01615956948819429,0.4100276358626571,,12.073351095793807,,2.1750636206109037,,1.3827701310589529,,2.5106925967059714,,5.617149156374412,0.03456601667034908,2.644656711537676,,3.4085864760070828,0.032435542927847366,38.75,48.375,37.75,50.54166667,,,38.89583333,5e-324,44.02083333,43.60416667,35.16666667,44.79166667,37.83333333,53.16666667,41.16666667,52.33333333,,,,,43.70833333,49.08695652,37.95833333,62.625,43.375,56.04166667,39.862499999,46.05661232
862,2014-05-05,1.3333653341013518,,9.995976619410687,0.1107212845376488,1.9165532705981565,,0.8217210454263828,0.024271634650700133,0.5019475565192949,,8.262088468190019,,4.637274931149348,,5.635996597907507,,2.790135830377248,0.01615956948819429,0.4100276358626571,,7.683041606414242,,3.625106034351505,,2.2124322096943247,,2.3630047968997383,0.06543505863481841,5.617149156374412,0.13826406668139632,6.491430110137931,,3.8570846965343306,0.03821862422506047,,,31.45833333,39.20833333,,,36.91666667,0.0,37.70833333,30.33333333,31.75,48.14285714,34.20833333,37.41666667,33.04347826,40.13043478,,,,,44.77083333,28.73684211,34.0,49.91666667,47.04166667,47.0,36.76640499111111,35.65390378111111
863,2014-05-06,1.7333749343317573,,8.246680711013816,0.1107212845376488,0.7187074764743087,,1.9721305090233188,0.024271634650700133,,,8.44986320610343,,3.2632675441421344,,7.1730865791550125,,3.118387104539277,0.008079784744097145,1.6401105434506285,,9.878196351104023,0.1215740904290432,3.625106034351505,,2.2124322096943247,,3.3968193955433734,,2.574526696671605,,0.24042333741251604,,3.5543483976784387,0.043247390570463166,,9.0,12.95454545,42.1875,,,12.27083333,0.0,20.10416667,17.52083333,12.70833333,26.15789474,9.842105262999999,17.26315789,10.65217391,31.42857143,,,,,14.125,25.42105263,12.85416667,28.2,17.25,23.38888889,13.640147180333333,22.056789891
864,2014-05-07,0.4000096002304056,0.019692179253133223,5.7476865561611445,0.036907094845882935,0.2395691588247696,,1.8077862999380423,,,,7.886538992363203,,4.207897622709594,0.03804827398211393,9.734903214567511,,2.7354272846835763,,0.4100276358626571,,6.859858577155572,,0.7250212068703009,,3.8717563669650685,,3.1014437959309067,0.04362337242321227,8.893819497592819,0.06913203334069816,5.7701600979003835,,3.8234473299947873,0.03985297328731635,19.875,23.16666667,17.33333333,19.42105263,,,17.6875,5e-324,23.60416667,15.47916667,15.08333333,,18.45833333,16.47826087,15.27272727,21.35294118,,,,,20.75,16.95652174,16.64583333,26.22727273,20.45833333,16.43478261,18.516856059,17.279629455555554
865,2014-05-08,0.9333557338709464,,7.247083049072748,0.036907094845882935,0.2395691588247696,,1.4790978817674891,0.024271634650700133,,,7.698764254449793,,3.606769390893938,0.03804827398211393,5.892178261448757,,2.2977589191342043,,1.2300829075879711,,9.32940766493158,0.08104939361936216,1.4500424137406018,,1.9358781834825345,0.04084365565877481,3.5445071953496066,,7.255484326983613,0.06913203334069816,,,3.3076743763884524,0.042870233094557966,32.41666667,32.625,28.29166667,40.5,,,36.36111111,0.0,33.16666667,28.0,29.76190476,40.904761900000004,29.58333333,27.5,28.375,27.47826087,,,,,32.54166667,21.95238095,28.32608696,,36.68181818,26.25,31.550592101999996,27.245600413333335
866,2014-05-09,0.13333653341013518,,6.4973848026169465,0.036907094845882935,0.4791383176495391,,1.3147536726822129,0.024271634650700133,,,6.572115826969335,,4.293773084397545,0.012682757994037978,6.6607232520725095,,2.0242161906658467,,0.8200552717253142,,5.213492518638237,0.08104939361936216,3.625106034351505,,3.0420942883296966,,2.658380396512205,,1.404287289093603,,4.087196736012772,,2.948875799966653,0.03708715179734487,30.54166667,29.08333333,19.5,,,,26.19444444,5e-324,27.83333333,27.125,21.20833333,40.04166667,21.375,28.13043478,22.125,40.75,,,,,29.875,22.95454545,17.95833333,51.45454545,32.59090909,28.68181818,24.920202018999998,29.802371540000006
867,2014-05-10,0.2666730668202704,,6.4973848026169465,0.07381418969176587,0.2395691588247696,,,,0.5019475565192949,,4.882143185748649,,2.7480147740144294,0.02536551598807596,8.197813233320014,,2.5165931019088905,0.01615956948819429,4.100276358626571,,11.250168066535142,0.08104939361936216,3.625106034351505,,1.6593241572707436,,2.953755996124672,,0.7021436445468013,,0.24042333741251604,,2.825538789321661,0.03306413872102272,,19.40909091,17.9,23.2173913,,,28.16666667,0.0,21.09090909,16.33333333,15.59090909,24.66666667,25.86363636,18.875,32.27272727,33.82608696,,,,,27.85416667,11.70833333,21.40909091,27.20833333,35.23809524,15.78947368,25.042911255555556,19.103370950999995
868,2014-05-11,0.9333557338709464,,10.49577545038122,0.1107212845376488,1.6769841117733868,,1.4790978817674891,0.07281490395210037,0.5019475565192949,,8.07431373027661,,3.435018467518036,0.012682757994037978,8.197813233320014,,3.391929833007635,0.02423935423229144,0.8200552717253142,,8.231830292586688,,4.350127241221807,,1.1062161048471624,,4.282946194380775,,6.0852449194056115,0.03456601667034908,1.9233866993001283,,3.9019345185870553,0.031681227976036966,14.41666667,32.39130435,6.833333333,50.76190476,,,17.93055556,0.0,18.91666667,37.13043478,9.95,,18.75,29.66666667,22.45833333,38.904761900000004,,,,,19.75,36.08333333,16.8125,,25.95833333,29.19047619,17.1776388893,31.766110247500002
869,2014-05-12,1.2000288006912163,,10.49577545038122,0.036907094845882935,0.4791383176495391,,1.150409463596936,0.024271634650700133,,,9.764286371497297,,4.551399469461399,,4.6112699437425055,,2.8995529217645912,0.02423935423229144,,,6.311069890983127,,2.1750636206109037,0.1070767868555349,5.531080524235811,0.04084365565877481,4.578321793993243,0.02181168621160614,3.744766104249607,,6.491430110137931,,3.991634162692505,0.04375026720500343,15.90909091,93.17391304,33.25,98.54166667,,,40.22916667,0.0,44.33333333,88.0,26.0,103.25,34.58333333,70.33333333,39.70833333,96.29166667,,,,,44.89583333,72.125,35.27083333,111.625,49.66666667,76.875,36.38465909,81.02155797100001
870,2014-05-13,1.7333749343317573,,4.748088894220076,0.07381418969176587,,,1.6434420908527656,0.12135817325350062,0.5019475565192949,,5.633242137402287,,4.207897622709594,0.012682757994037978,9.734903214567511,0.03783490623910808,3.22780419592662,0.008079784744097145,0.8200552717253142,,7.957435949500465,,3.625106034351505,,4.14831039317686,,3.3968193955433734,,3.978813985765208,0.03456601667034908,3.8467733986002566,,3.655260497297069,0.04475602047408398,33.56521739,32.45833333,23.13043478,46.95454545,,,34.16666667,0.0,36.58333333,34.75,26.95652174,36.91666667,29.33333333,32.91666667,31.52173913,32.88888889,,,,,39.22916667,32.76190476,32.73684211,46.79166667,39.54166667,,32.676492182,32.93763027111111
871,2014-05-14,0.9333557338709464,,5.497787140675879,0.036907094845882935,0.4791383176495391,,1.6434420908527656,0.04854326930140025,,,7.886538992363203,,3.9502712376457416,,3.5865432895775053,,2.5165931019088905,,1.6401105434506285,,10.426985037276474,0.08104939361936216,2.9000848274812037,,3.0420942883296966,,3.1014437959309067,,2.574526696671605,,1.9233866993001283,,3.2067622767698216,0.04098444571503195,34.5,18.54545455,29.39130435,,,,33.79166667,0.0,37.89583333,20.27272727,30.47368421,20.81818182,28.85,14.22222222,33.782608700000004,11.0,,,,,36.58333333,16.56521739,30.45833333,20.69565217,38.20833333,,33.393509724999994,15.2649319275
872,2014-05-15,0.8000192004608111,,7.247083049072748,0.07381418969176587,0.4791383176495391,,1.3147536726822129,,0.5019475565192949,,7.135440040709564,0.08319611370487084,4.036146699333694,,9.991084878108763,,3.391929833007635,0.01615956948819429,1.2300829075879711,,8.231830292586688,0.04052469680968108,0.7250212068703009,,6.360742602871183,0.04084365565877481,2.806068196318438,,7.489532208499213,0.06913203334069816,5.529736760487868,,4.070121351284773,0.03595567936962926,37.63157895,31.08333333,32.78947368,35.5,,,34.625,5e-324,37.65909091,29.85,29.79166667,40.66666667,34.04166667,26.625,35.625,32.31818182,,,,,37.45833333,32.91666667,31.25,39.16666667,36.86956522,19.0,34.774137542999995,28.712651516
873,2014-05-16,0.8000192004608111,,5.24788772519061,0.07381418969176587,0.9582766352990782,,1.9721305090233188,0.024271634650700133,0.5019475565192949,,6.7598905648827445,,3.177392082454184,0.02536551598807596,7.429268242696263,,1.9695076449721751,0.008079784744097145,0.8200552717253142,,12.896534125052474,0.04052469680968108,2.1750636206109037,,3.318648314541487,0.04084365565877481,5.31676079302441,,2.574526696671605,,6.491430110137931,,3.587985764217981,0.04563605458452945,31.16666667,52.125,30.54166667,62.04166667,,,33.91666667,5e-324,36.79166667,45.33333333,30.20833333,64.38095238,30.83333333,43.83333333,36.25,46.75,,,,,37.5,44.79166667,31.27083333,67.125,39.91666667,36.08333333,33.839583334,46.246428571
874,2014-05-17,1.466701867511487,,6.4973848026169465,0.07381418969176587,0.2395691588247696,,1.6434420908527656,0.024271634650700133,,,9.200962157757068,,4.207897622709594,0.012682757994037978,6.404541588531259,,2.8448443760709194,,0.8200552717253142,,8.506224635672911,0.04052469680968108,5.800169654962407,,1.6593241572707436,,2.953755996124672,,3.5107182227340066,0.03456601667034908,0.7212700122375479,,3.453436298059808,0.04023013076322155,35.04166667,35.90909091,30.45833333,42.66666667,,,38.29166667,0.0,38.20833333,36.45833333,32.125,49.095238099999996,33.20833333,39.83333333,37.33333333,40.75,,,,,38.66666667,38.5,33.77083333,52.45833333,43.66666667,45.0,36.077083333,38.067099567
875,2014-05-18,1.3333653341013518,,10.49577545038122,0.036907094845882935,0.2395691588247696,,,,0.5019475565192949,,7.698764254449793,0.11092815160649447,4.379648546085496,0.012682757994037978,12.552901513521268,,2.13363328205319,0.008079784744097145,0.8200552717253142,,14.542900183569815,0.1215740904290432,3.625106034351505,,1.6593241572707436,,4.726009593799477,,7.021436445468013,,,,4.0589088957715935,0.03872150085960074,42.29166667,27.5,34.375,33.25,,,40.91666667,0.0,45.35416667,27.125,35.04166667,37.19047619,34.08695652,34.0,36.0,33.625,,,,,42.375,30.0,34.97916667,44.79166667,43.875,39.27272727,38.929528987,30.675487013
876,2014-05-19,0.6666826670506759,,9.246278372954883,0.1107212845376488,1.1978457941238478,,1.6434420908527656,0.024271634650700133,,,9.200962157757068,,4.637274931149348,,5.892178261448757,0.07566981247821616,3.0089700131519344,0.040398923720485716,1.6401105434506285,,8.780618978759135,,2.9000848274812037,,4.70141844560044,0.04084365565877481,3.2491315957371394,,6.0852449194056115,0.03456601667034908,9.857356833913157,0.035507593724526214,4.305582917061578,0.04551033542589439,33.25,38.52380952,28.04166667,49.65217391,,,35.16666667,0.0,36.58333333,32.95833333,29.16666667,48.95238095,36.89473684,36.25,33.43478261,41.56521739,,,,,36.125,35.29166667,29.79166667,50.91666667,38.82608696,44.57894737,33.728060641999996,37.86891958099999
877,2014-05-20,0.2666730668202704,,10.745674865866489,0.1107212845376488,0.2395691588247696,,1.9721305090233188,0.024271634650700133,,,13.14423165393867,,3.520893929205987,0.02536551598807596,11.528174859356264,0.03783490623910808,3.5013469243949777,,1.2300829075879711,,7.957435949500465,0.08104939361936216,5.075148448092107,,5.807634550447602,0.04084365565877481,3.3968193955433734,,5.14905339334321,,0.48084667482503207,,4.316795372574759,0.048276156915865856,40.95833333,47.08333333,,39.0,,,43.72916667,0.0,47.97916667,51.91666667,35.73913043,50.0,34.83333333,46.45833333,38.58333333,55.25,,,,,47.39583333,47.54166667,35.0,61.125,38.35,61.95238095,40.28536634333334,46.032738095
878,2014-05-21,0.8000192004608111,,6.747284218102213,0.07381418969176587,0.4791383176495391,,3.286884181705532,0.024271634650700133,,,9.764286371497297,0.055464075803247234,6.183033241532465,0.012682757994037978,5.123633270825008,,3.282512741620292,0.008079784744097145,2.0501381793132856,,10.152590694190248,0.04052469680968108,2.1750636206109037,,6.637296629082974,,1.7722535976748033,,7.957627971530415,0.03456601667034908,6.972276784962963,,4.518619571812022,0.04840187607450093,42.43478261,57.41666667,28.68421053,61.0,,,50.77083333,0.0,41.39583333,60.25,43.73684211,61.75,43.70833333,53.79166667,48.66666667,62.45833333,,,,,53.97916667,60.70833333,41.58333333,72.08333333,49.375,58.875,44.433500191,54.833333333000006
879,2014-05-22,0.13333653341013518,,7.996781295528549,0.036907094845882935,,,3.451228390790808,0.024271634650700133,0.5019475565192949,,8.44986320610343,,4.7231503928373,,10.247266541650015,,2.680718738989905,,,,11.524562409621366,0.20262348404840536,4.350127241221807,,3.318648314541487,,3.9875705947683073,,4.4469097487964095,,4.8084667482503205,,4.148608539877042,0.05066482092993214,75.27272727,61.77777778,43.86363636,55.66666667,,,50.4375,0.0,47.54166667,43.625,39.55,52.89473684,45.375,50.0,45.17391304,58.20833333,,,,,55.35416667,51.04166667,42.625,69.375,50.20833333,56.58333333,49.540194334000006,49.917251462
880,2014-05-23,0.9333557338709464,,6.4973848026169465,0.036907094845882935,,,3.6155725998760846,0.024271634650700133,0.5019475565192949,,9.200962157757068,,4.551399469461399,0.012682757994037978,7.429268242696263,,2.5165931019088905,0.008079784744097145,,,9.055013321845355,0.04052469680968108,1.4500424137406018,,2.4889862359061152,0.04084365565877481,2.3630047968997383,,3.978813985765208,,7.2127001223754785,,3.8122348744816064,0.04651608869497492,,23.0,12.15789474,44.75,,,24.875,5e-324,28.64583333,36.95833333,19.95833333,45.79166667,21.25,34.08333333,27.875,45.875,,,,,30.41666667,31.25,20.10416667,55.79166667,35.217391299999996,23.13636364,24.500031782222223,34.063636364000004
881,2014-05-24,0.13333653341013518,,4.748088894220076,0.036907094845882935,,,1.150409463596936,0.04854326930140025,,,8.262088468190019,,3.3491430058300846,0.02536551598807596,7.941631569778763,,2.13363328205319,0.008079784744097145,0.4100276358626571,,13.994111497397368,0.04052469680968108,1.4500424137406018,,0.5531080524235812,,3.3968193955433734,,6.553340682436812,0.03456601667034908,1.6829633618876116,,3.2964619208752715,0.0427445139359229,31.875,36.45833333,27.375,42.375,,,31.85416667,5e-324,35.70833333,31.66666667,29.73913043,39.38095238,28.29166667,36.29166667,32.05,47.8,,,,,35.72916667,35.0,26.97916667,54.75,32.70833333,41.125,31.230996376999997,36.484761905
882,2014-05-25,0.9333557338709464,,11.495373112322287,,,,1.3147536726822129,,,,13.519781129765489,,3.520893929205987,0.02536551598807596,8.453994896861262,,2.680718738989905,0.008079784744097145,,,9.603802008017805,,,,1.1062161048471624,,2.3630047968997383,,5.14905339334321,0.03456601667034908,3.125503386362708,,3.879509607560693,0.0369614326387098,20.91304348,22.95238095,25.20833333,28.04347826,,,23.58333333,0.0,27.72916667,17.5625,24.70833333,25.91666667,22.60869565,21.41666667,25.05882353,25.71428571,,,,,22.27083333,18.29166667,23.95833333,30.54166667,24.45833333,17.57142857,24.049722930999998,20.801074016999998
883,2014-05-26,1.0666922672810817,,12.245071358778093,,0.7187074764743087,,1.4790978817674891,0.07281490395210037,1.0038951130385898,,6.572115826969335,,6.011282318156563,0.012682757994037978,6.91690491561376,0.07566981247821616,3.173095650232949,0.008079784744097145,0.4100276358626571,,11.524562409621366,0.04052469680968108,6.5251908618327095,,4.70141844560044,,3.69219499515584,,5.851197037890012,0.03456601667034908,9.136086821675606,,4.686806404509738,0.0434988288877333,4.0,29.5,17.04166667,50.45833333,,,27.77083333,0.0,23.60416667,40.41666667,20.79166667,48.125,23.0,35.08333333,10.0,42.29166667,,,,,28.60416667,36.16666667,20.56521739,54.20833333,29.63157895,33.36842105,20.500929635000002,36.961842105
884,2014-05-27,0.6666826670506759,,8.996378957469616,,0.7187074764743087,,2.6295073453644253,0.04854326930140025,0.5019475565192949,,12.393132702285031,,3.9502712376457416,0.012682757994037978,7.429268242696263,,2.0242161906658467,0.008079784744097145,0.4100276358626571,,7.957435949500465,0.04052469680968108,,,6.084188576659392,,5.021385193411943,0.04362337242321227,5.14905339334321,0.03456601667034908,4.087196736012772,,4.0813338067979545,0.05255060830945815,23.4,40.0,31.25,46.68181818,,,24.78947368,0.0,27.27083333,36.60869565,33.34782609,47.125,34.625,30.5,39.58333333,41.70833333,,,,,32.34782609,31.375,35.02083333,46.52380952,49.19047619,30.95238095,33.082560204,35.147503763
885,2014-05-28,1.2000288006912163,,6.997183633587482,,0.7187074764743087,,3.286884181705532,0.07281490395210037,1.0038951130385898,,8.63763794401684,,2.490388388950576,,5.892178261448757,0.11350471871732425,1.9695076449721751,,2.8701934510386,,12.622139781966254,0.04052469680968108,2.1750636206109037,,5.531080524235811,,2.5106925967059714,,3.978813985765208,0.03456601667034908,6.972276784962963,0.035507593724526214,3.7561725969157,0.04576177374316452,26.2173913,26.39130435,28.04347826,39.86956522,,,29.08333333,0.0,27.95833333,21.875,27.84210526,35.75,28.33333333,28.04347826,32.54166667,32.41666667,,,,,28.08333333,20.2173913,26.39583333,,36.75,16.6875,29.124880813999994,24.583433977777776
886,2014-05-29,0.5333461336405407,,8.996378957469616,,0.7187074764743087,,2.9581957635349783,0.024271634650700133,1.0038951130385898,,6.947665302796153,,3.6926448525818887,,11.784356522897514,,1.860090553584832,0.008079784744097145,1.2300829075879711,,9.878196351104023,0.08104939361936216,5.800169654962407,,3.5952023407532776,,3.8398827949620737,0.04362337242321227,2.8085745781872054,,4.8084667482503205,,3.8234473299947873,0.042115918142747566,37.86666667,25.8,31.55,32.72727273,,,33.79166667,0.0,39.33333333,23.97916667,32.625,34.65217391,16.11111111,24.375,36.60869565,27.14285714,,,,,35.89583333,16.47826087,27.7173913,31.0,34.875,30.0,32.637469806,24.615473131999998
887,2014-05-30,0.4000096002304056,,5.997585971646413,,0.4791383176495391,,1.8077862999380423,0.04854326930140025,,,7.510989516536382,,3.2632675441421344,,4.098906616660007,,1.5318392794228028,0.02423935423229144,0.8200552717253142,,6.859858577155572,0.08104939361936216,1.4500424137406018,,2.7655402621179057,,3.1014437959309067,0.02181168621160614,3.744766104249607,,,,2.6685644121371244,0.042870233094557966,19.61111111,45.53333333,20.70833333,53.875,,,25.75,0.0,30.33333333,31.0625,21.91666667,52.83333333,21.20833333,37.875,24.70588235,48.40909091,,,,,25.875,38.25,21.1875,55.54166667,31.0,39.33333333,24.229616012,40.271325757
888,2014-05-31,0.5333461336405407,,9.746077203925418,,0.2395691588247696,,0.3286884181705532,0.024271634650700133,0.5019475565192949,,7.886538992363203,,3.77852031426984,0.02536551598807596,5.635996597907507,,2.13363328205319,,,,8.780618978759135,0.04052469680968108,2.1750636206109037,,1.1062161048471624,,1.9199413974810369,,3.276670341218406,,2.644656711537676,,3.0385754440721033,0.029921159755146032,22.63157895,26.33333333,20.04166667,32.66666667,,,18.35416667,5e-324,28.02083333,21.85416667,20.5,29.82608696,15.45833333,22.625,19.0,31.71428571,,,,,18.8125,19.26086957,19.33333333,32.91666667,24.13636364,14.25,20.628877592,23.144707557999997
889,2014-06-01,0.2666730668202704,,9.246278372954883,,1.1978457941238478,,1.3147536726822129,0.07281490395210037,,,9.200962157757068,0.11092815160649447,3.177392082454184,,6.148359924990009,,1.3677136423417882,0.01615956948819429,,,12.347745438880036,0.04052469680968108,0.7250212068703009,,1.6593241572707436,,1.7722535976748033,,3.0426224597028058,,2.40423337412516,,3.072212810611646,0.03406989199010325,22.95833333,45.56521739,20.66666667,51.875,,,22.35416667,0.0,28.4375,38.97916667,20.75,47.58333333,22.5,42.0,22.89473684,51.73684211,,,,,23.16666667,40.45833333,20.45833333,59.45833333,25.875,48.66666667,23.006140351,42.632289283
890,2014-06-02,1.2000288006912163,,9.995976619410687,,1.437414952948617,,1.8077862999380423,0.024271634650700133,0.5019475565192949,,10.327610585237526,,4.036146699333694,,7.1730865791550125,,1.860090553584832,0.008079784744097145,3.280221086901257,,11.250168066535142,,1.4500424137406018,,3.8717563669650685,,5.169072993218176,0.02181168621160614,4.4469097487964095,,7.933970134613028,,4.2943704615483975,0.03444704946600845,40.70833333,64.95833333,27.54166667,79.04166667,,,29.16666667,0.0,43.85416667,62.54166667,,66.875,32.20833333,60.70833333,35.58333333,64.45454545,,,,,39.375,58.79166667,29.45833333,73.66666667,42.54166667,60.33333333,35.60416666666667,59.13712121199999
891,2014-06-03,0.9333557338709464,,8.74647954198435,,0.4791383176495391,,2.1364747181085955,0.024271634650700133,,,7.886538992363203,,3.520893929205987,,7.1730865791550125,,2.4618845562152187,0.02423935423229144,2.4601658151759427,,6.859858577155572,0.04052469680968108,5.075148448092107,0.2141535737110698,2.4889862359061152,,3.3968193955433734,,3.744766104249607,,6.731853447550447,,3.6664729528102495,0.0481504377572308,33.29166667,,28.70833333,55.70833333,,,26.35416667,0.0,36.60416667,36.04166667,,45.33333333,30.08333333,43.04166667,32.58333333,56.58333333,,,,,36.20833333,47.875,29.91666667,65.75,37.95833333,58.91666667,32.41203703666667,45.47222222222222
892,2014-06-04,0.6666826670506759,,6.747284218102213,,0.4791383176495391,,0.8217210454263828,,,,9.200962157757068,,4.207897622709594,,5.892178261448757,,2.13363328205319,,2.0501381793132856,,8.780618978759135,0.04052469680968108,2.9000848274812037,,3.318648314541487,,4.1352583945745405,0.02181168621160614,4.212861867280808,0.13826406668139632,3.125503386362708,,3.487073664599351,0.04111016487366703,38.29166667,39.75,43.5,37.75,,,35.39583333,5e-324,49.25,41.64583333,39.5,39.375,37.83333333,46.54166667,37.16666667,46.25,,,,,37.5625,43.80952381,39.0,55.58333333,40.16666667,43.04166667,39.766666666999996,39.374702381
893,2014-06-05,1.2000288006912163,,8.246680711013816,,0.4791383176495391,,2.6295073453644253,0.04854326930140025,,,9.200962157757068,,4.122022161021643,,7.941631569778763,,2.5165931019088905,,1.2300829075879711,,6.585464234069352,0.04052469680968108,1.4500424137406018,,1.6593241572707436,,2.806068196318438,,5.3831012748588085,0.10369805001104723,5.7701600979003835,,3.7561725969157,0.03909865833550594,,,34.375,61.70833333,,,43.14583333,0.0,46.22916667,41.5,35.73913043,49.52173913,40.0,46.91666667,36.8,48.75,,,,,54.70833333,45.04166667,37.60416667,61.95454545,43.86956522,56.33333333,41.385688405555555,45.74736495333334
894,2014-06-06,0.8000192004608111,,5.497787140675879,,0.4791383176495391,,0.9860652545116594,0.04854326930140025,,,7.135440040709564,,4.293773084397545,,3.5865432895775053,,2.188341827746861,,3.280221086901257,,9.055013321845355,0.04052469680968108,4.350127241221807,,4.14831039317686,0.04084365565877481,3.3968193955433734,0.02181168621160614,5.3831012748588085,,8.174393472025544,,3.587985764217981,0.042115918142747566,5.0,13.27777778,7.227272727000001,31.53333333,,,9.854166667000001,0.0,13.64583333,13.27083333,8.375,20.64705882,9.416666667000001,17.70833333,9.227272727,15.91304348,,,,,10.04166667,16.43478261,10.54166667,26.09090909,13.17391304,18.5625,9.6503458498,17.343857177
895,2014-06-07,0.6666826670506759,,5.7476865561611445,,1.1978457941238478,,0.8217210454263828,,,,5.8210168753156974,,2.9197656973903308,0.02536551598807596,4.355088280201256,,2.188341827746861,0.008079784744097145,0.8200552717253142,,5.213492518638237,,3.625106034351505,0.32123036056660464,0.8296620786353718,,2.0676291972872702,,5.617149156374412,0.1728300833517454,0.7212700122375479,,2.5788647680316745,0.04023013076322155,20.08333333,18.095238100000003,19.125,27.72727273,,,17.6875,5e-324,24.47916667,16.25,17.5,,21.13043478,17.125,18.91666667,21.18181818,,,,,20.85416667,16.04545455,16.52083333,29.22727273,21.25,12.29166667,19.754710144999997,17.54930255111111
896,2014-06-08,0.8000192004608111,,9.995976619410687,,0.4791383176495391,,0.6573768363411063,,,,7.323214778622973,,3.0056411590782814,,5.379814934366259,,1.860090553584832,,,,6.585464234069352,,2.9000848274812037,,0.5531080524235812,,2.953755996124672,,5.617149156374412,0.03456601667034908,1.20211668706258,,2.9152384334271098,0.028915406486065488,21.30434783,25.41666667,21.95833333,40.45833333,,,26.5,5e-324,22.0625,22.58333333,24.08333333,37.42857143,28.0,26.79166667,28.29166667,35.79166667,,,,,26.35416667,24.38095238,27.56818182,,35.04166667,31.125,26.116419632000003,27.108465608888892
897,2014-06-09,0.5333461336405407,,9.246278372954883,,0.9582766352990782,,1.3147536726822129,0.024271634650700133,0.5019475565192949,,8.63763794401684,,4.036146699333694,0.02536551598807596,11.528174859356264,,2.680718738989905,,1.6401105434506285,,10.152590694190248,0.04052469680968108,2.9000848274812037,,4.14831039317686,,4.873697393605709,,3.978813985765208,,4.3276200734252885,,4.1373960843638615,0.032686981245117507,31.45833333,29.0,27.70833333,,,,31.95833333,0.0,29.45833333,27.83333333,29.20833333,37.85,28.04166667,27.29166667,31.04166667,37.29166667,,,,,33.54166667,22.73913043,24.04166667,37.13636364,41.70833333,28.91666667,30.816666666000003,27.562091934444446
898,2014-06-10,0.5333461336405407,,9.496177788440152,,,,1.150409463596936,0.04854326930140025,,,6.7598905648827445,,4.293773084397545,0.012682757994037978,11.015811532273764,,2.8995529217645912,0.008079784744097145,2.4601658151759427,,12.896534125052474,0.04052469680968108,2.9000848274812037,,4.977972471812231,,3.1014437959309067,0.02181168621160614,4.212861867280808,0.2073961000220945,5.289313423075352,,4.114971173337499,0.046390369536339855,,17.42857143,15.41666667,23.40909091,,,22.56944444,5e-324,22.4375,15.0,11.54166667,25.39130435,22.20833333,22.66666667,22.69565217,38.60869565,,,,,25.52083333,12.86363636,17.54166667,30.33333333,35.75,18.43478261,21.742418142222224,20.413608130999997
899,2014-06-11,0.4000096002304056,,9.746077203925418,,0.2395691588247696,,2.4651631362791484,0.024271634650700133,,,9.952061109410707,0.055464075803247234,3.864395775957792,0.02536551598807596,9.734903214567511,,2.2430503734405334,0.008079784744097145,1.2300829075879711,,6.0366755478969045,,6.5251908618327095,,1.9358781834825345,,5.464448592830643,0.02181168621160614,3.978813985765208,,6.010583435312897,,3.9804217071793233,0.04613893121906972,26.65217391,45.68181818,24.45833333,55.5,,,29.13888889,0.0,33.8125,51.45454545,19.41666667,,26.33333333,40.08333333,28.375,55.54166667,,,,,30.5625,42.375,25.25,,35.25,45.58333333,27.924939613000003,42.02746212
900,2014-06-12,0.6666826670506759,,7.247083049072748,,0.7187074764743087,,2.793851554449702,0.07281490395210037,,,8.63763794401684,,4.980776777901152,,7.1730865791550125,,2.8995529217645912,,1.2300829075879711,,5.213492518638237,0.04052469680968108,3.625106034351505,,3.0420942883296966,,4.282946194380775,0.06543505863481841,4.9150055118276095,0.03456601667034908,0.9616933496500641,,3.711322774862975,0.044630301315448914,,63.79166667,24.0,70.04166667,,,29.72916667,0.0,33.85416667,58.17391304,17.20833333,85.17391304,27.54166667,59.91666667,27.33333333,91.20833333,,,,,34.64583333,64.20833333,23.83333333,97.70833333,41.33333333,72.0,28.831018517777775,66.222282608
901,2014-06-13,1.2000288006912163,,6.247485387131679,,0.4791383176495391,,1.9721305090233188,0.07281490395210037,,,7.323214778622973,,3.3491430058300846,0.02536551598807596,6.148359924990009,,1.2035880052607737,0.008079784744097145,1.6401105434506285,,8.780618978759135,0.04052469680968108,5.800169654962407,,0.8296620786353718,,5.31676079302441,0.02181168621160614,5.14905339334321,,,,3.1058501771511917,0.041613041508207285,40.65217391,45.38095238,29.30434783,52.39130435,,,43.39583333,0.0,44.83333333,40.16666667,32.29166667,43.04545455,34.58333333,33.25,40.0,40.66666667,,,,,47.0625,35.61904762,31.79166667,48.875,47.70833333,36.30434783,39.16231884,37.569944007
902,2014-06-14,1.0666922672810817,,4.748088894220076,,0.2395691588247696,,0.4930326272558297,,1.5058426695578846,,7.510989516536382,,3.3491430058300846,0.012682757994037978,6.148359924990009,,2.13363328205319,0.008079784744097145,0.4100276358626571,,6.311069890983127,0.04052469680968108,0.7250212068703009,,2.7655402621179057,,1.6245657978685697,0.02181168621160614,7.489532208499213,0.03456601667034908,0.48084667482503207,,2.8703886113743846,0.03482420694191365,,,33.79166667,55.95833333,,,42.0,0.0,43.875,39.0,34.04347826,52.14285714,36.625,42.04166667,39.875,50.70833333,,,,,43.83333333,38.83333333,33.25,53.54166667,45.16666667,44.76190476,39.16223832555555,41.88756613666666
903,2014-06-15,0.4000096002304056,,4.9979883097053435,,0.2395691588247696,,0.9860652545116594,,1.0038951130385898,,8.63763794401684,,4.551399469461399,,9.991084878108763,,2.188341827746861,,,,11.250168066535142,0.04052469680968108,0.7250212068703009,,2.2124322096943247,,3.1014437959309067,,4.212861867280808,,0.24042333741251604,,3.363736653954358,0.03218410461057724,,,33.45833333,43.95833333,,,40.52083333,0.0,46.45833333,31.16666667,31.875,44.95454545,36.04347826,39.875,37.29166667,45.375,,,,,43.20833333,37.17391304,32.89583333,51.71428571,45.25,44.08695652,38.55575684222222,37.58941119111111
904,2014-06-16,0.9333557338709464,,7.996781295528549,,0.7187074764743087,,2.793851554449702,0.024271634650700133,,,6.947665302796153,,5.238403162965005,0.03804827398211393,4.867451607283757,,3.0636785588456057,,0.4100276358626571,,12.073351095793807,0.04052469680968108,2.1750636206109037,,2.4889862359061152,0.04084365565877481,5.31676079302441,0.02181168621160614,4.212861867280808,0.10369805001104723,2.8850800489501918,,3.9804217071793233,0.0377157475905202,,32.0,32.875,43.08695652,,,38.02083333,5e-324,46.43478261,32.6875,32.85,40.25,34.13636364,34.20833333,29.45833333,36.54166667,,,,,42.14583333,36.86956522,29.39583333,43.13636364,,,35.66462244624999,33.19782059777778
905,2014-06-17,0.6666826670506759,,8.496580126499081,,0.4791383176495391,,1.6434420908527656,0.07281490395210037,0.5019475565192949,,5.069917923662059,,4.036146699333694,0.012682757994037978,7.941631569778763,,3.118387104539277,0.008079784744097145,,,5.213492518638237,0.04052469680968108,2.1750636206109037,,2.4889862359061152,,3.1014437959309067,0.02181168621160614,4.212861867280808,0.13826406668139632,3.125503386362708,,3.3300992874148148,0.044630301315448914,34.83333333,27.625,30.625,23.95238095,,,34.875,5e-324,41.0,23.58333333,30.18181818,25.81818182,31.375,21.70833333,30.375,26.86363636,,,,,36.10416667,22.2173913,29.2826087,33.23809524,32.77272727,,33.142465415,22.778483592222223
906,2014-06-18,0.5333461336405407,,6.997183633587482,,,,1.4790978817674891,0.07281490395210037,,,5.257692661575468,,4.7231503928373,0.012682757994037978,9.478721551026263,,1.9147990992785042,0.008079784744097145,,,7.134252920241798,0.04052469680968108,1.4500424137406018,,2.4889862359061152,,3.8398827949620737,0.02181168621160614,3.744766104249607,0.03456601667034908,,,3.0834252661248285,0.037338590114615,32.95,33.88888889,26.2173913,32.0,,,30.02083333,0.0,35.5,24.29166667,24.91666667,32.45833333,26.41666667,21.33333333,26.625,26.43478261,,,,,30.1875,19.54545455,22.75,32.33333333,28.58333333,22.14285714,28.416739129999996,24.442864984999996
907,2014-06-19,0.2666730668202704,,5.497787140675879,,,,1.3147536726822129,0.024271634650700133,0.5019475565192949,,7.323214778622973,,3.606769390893938,,4.355088280201256,,1.5318392794228028,0.02423935423229144,0.4100276358626571,,9.878196351104023,0.04052469680968108,4.350127241221807,0.1070767868555349,4.14831039317686,,5.169072993218176,,4.680957630312009,0.06913203334069816,3.125503386362708,,3.19554982125664,0.03457276862464352,32.90909091,36.69565217,29.81818182,45.33333333,,,28.875,0.0,32.13043478,28.5,23.16666667,35.66666667,26.5,25.41666667,27.25,32.13043478,,,,,31.89583333,27.36363636,23.08333333,43.5,29.08333333,26.59090909,28.471187417,30.119729907000004
908,2014-06-20,0.2666730668202704,,6.997183633587482,,,,2.1364747181085955,0.04854326930140025,,,6.7598905648827445,,3.435018467518036,,5.892178261448757,,1.860090553584832,0.01615956948819429,,,6.0366755478969045,0.04052469680968108,1.4500424137406018,,4.4248644193886495,0.04084365565877481,2.953755996124672,0.02181168621160614,4.680957630312009,0.03456601667034908,6.010583435312897,0.07101518744905243,3.1506999992039155,0.035829960210994195,12.56521739,32.04545455,14.91666667,40.79166667,,,15.45833333,0.0,16.61904762,26.6875,12.45833333,33.0,14.30434783,30.15,16.80952381,37.95833333,,,,,16.91666667,27.86956522,13.66666667,47.45,21.0,25.33333333,15.471480331999999,30.12858531
909,2014-06-21,0.5333461336405407,,5.7476865561611445,,,,0.3286884181705532,0.024271634650700133,,,5.445467399488877,,2.2327620038867235,,4.355088280201256,,1.5865478251164744,,,,5.762281204810683,,2.9000848274812037,,0.8296620786353718,,3.2491315957371394,,4.212861867280808,,3.60635006118774,,2.3882530243075943,0.03532708357645393,26.66666667,24.66666667,27.45833333,33.17391304,,,29.9375,0.0,39.33333333,25.0,26.75,,28.0,24.25,28.66666667,32.875,,,,,32.25,23.54545455,25.39583333,39.81818182,25.875,24.2173913,29.033333333,25.282956375555557
910,2014-06-22,0.8000192004608111,,6.747284218102213,,,,,,1.5058426695578846,,9.01318741984366,,2.1468865421987724,,6.6607232520725095,,1.2582965509544453,0.008079784744097145,0.4100276358626571,,12.896534125052474,0.04052469680968108,2.9000848274812037,,2.2124322096943247,0.04084365565877481,1.9199413974810369,,5.14905339334321,,2.8850800489501918,,2.9713007109930163,0.026778180789269343,,34.0,38.04166667,38.66666667,,,40.75,0.0,46.91666667,28.6875,36.95833333,,40.08695652,31.91666667,35.625,39.83333333,,,,,45.8125,32.04166667,35.22916667,44.52173913,38.33333333,29.41666667,39.75040257666667,31.009359904444448
911,2014-06-23,1.0666922672810817,,5.7476865561611445,,,,1.150409463596936,0.024271634650700133,,,7.886538992363203,,3.091516620766233,,5.123633270825008,0.03783490623910808,2.078924736359518,,,,7.408647263328017,0.04052469680968108,2.1750636206109037,,2.4889862359061152,,4.578321793993243,0.02181168621160614,6.0852449194056115,0.06913203334069816,3.60635006118774,,3.19554982125664,0.03331557703829285,17.91304348,52.79166667,12.54166667,52.91666667,,,18.27083333,0.0,19.90909091,30.5,11.65217391,,11.23809524,44.13043478,16.33333333,50.66666667,,,,,20.04166667,34.73913043,13.52083333,58.5,27.44444444,23.0,16.886518131,38.582729468888886
912,2014-06-24,1.0666922672810817,,5.7476865561611445,,,,1.3147536726822129,0.04854326930140025,1.0038951130385898,,6.3843410890559245,0.19412426531136528,3.2632675441421344,,2.561816635412504,,2.2977589191342043,0.008079784744097145,,,9.32940766493158,0.20262348404840536,1.4500424137406018,,1.6593241572707436,,3.8398827949620737,0.02181168621160614,3.744766104249607,0.03456601667034908,6.972276784962963,,3.117062632664372,0.035829960210994195,25.58333333,26.17391304,24.54166667,44.875,,,28.39583333,5e-324,,20.95454545,26.27272727,43.85714286,26.58333333,22.45833333,28.5,35.43478261,,,,,26.5625,16.83333333,24.52173913,52.81818182,32.40909091,,27.041135996666668,29.267248048888884
913,2014-06-25,0.5333461336405407,,7.746881880043283,,,,1.9721305090233188,0.024271634650700133,0.5019475565192949,,6.572115826969335,,3.606769390893938,0.05073103197615191,4.6112699437425055,,1.7506734621974889,,0.4100276358626571,,6.0366755478969045,0.1215740904290432,2.1750636206109037,,1.9358781834825345,,3.3968193955433734,0.04362337242321227,4.680957630312009,,3.125503386362708,,2.9600882554798367,0.03494992610054872,9.260869565,25.54545455,7.0,29.875,,,12.75,5e-324,11.89583333,16.8125,8.291666667000001,29.3,11.20833333,18.20833333,14.45833333,19.41666667,,,,,13.04166667,14.45,9.409090909,25.89473684,17.70833333,17.0,11.5024127131,19.650269139
914,2014-06-26,0.6666826670506759,0.019692179253133223,6.997183633587482,,0.9582766352990782,,0.6573768363411063,,,,6.947665302796153,,3.77852031426984,,6.6607232520725095,,2.5165931019088905,0.008079784744097145,1.6401105434506285,,7.408647263328017,0.04052469680968108,,,3.0420942883296966,,3.3968193955433734,,3.5107182227340066,,0.48084667482503207,,3.094637721638009,0.03318985787965778,8.363636364,25.31818182,7.727272727000001,34.88888889,,,11.16666667,0.0,8.6875,15.64583333,7.541666667,28.40909091,9.625,20.20833333,10.39130435,24.08695652,,,,,10.04166667,15.91304348,8.520833332999999,36.0,14.91666667,14.45,9.698221345099999,21.492032828
915,2014-06-27,0.4000096002304056,,5.497787140675879,,0.2395691588247696,,0.9860652545116594,,,,6.3843410890559245,,3.435018467518036,,5.379814934366259,,1.641256370810146,,2.8701934510386,,6.311069890983127,0.04052469680968108,2.1750636206109037,,5.254526498024021,0.04084365565877481,3.5445071953496066,0.04362337242321227,4.212861867280808,,0.48084667482503207,,2.836751244834842,0.03469848778327859,10.0,26.81818182,9.416666667000001,38.89473684,,,10.72916667,5e-324,11.10416667,25.66666667,8.916666667000001,31.08695652,10.29166667,25.04347826,12.54545455,32.34782609,,,,,10.875,22.94444444,8.604166667000001,38.79166667,15.79166667,18.09090909,10.8274621231,25.96848664
916,2014-06-28,0.8000192004608111,,4.498189478734808,,1.1978457941238478,,0.9860652545116594,0.024271634650700133,0.5019475565192949,,6.196566351142516,,1.9751356188228708,0.012682757994037978,8.710176560402513,,2.2977589191342043,,0.4100276358626571,,10.152590694190248,0.08104939361936216,5.075148448092107,,1.9358781834825345,,3.9875705947683073,,3.744766104249607,,1.4425400244750959,,3.016150533045741,0.03180694713467204,21.75,18.0,18.33333333,24.85714286,,,19.97916667,5e-324,22.66666667,13.625,16.20833333,23.04347826,17.70833333,21.08333333,22.08333333,8.0,,,,,23.33333333,14.45,16.95833333,25.25,24.28571429,8.0,20.330654760999998,15.630895444999998
917,2014-06-29,0.4000096002304056,,6.997183633587482,,0.4791383176495391,,0.3286884181705532,,0.5019475565192949,,7.510989516536382,,1.6316337720710672,,6.6607232520725095,0.07566981247821616,1.039462368179759,0.008079784744097145,0.4100276358626571,,7.683041606414242,,4.350127241221807,,0.8296620786353718,,3.69219499515584,,2.3404788151560045,0.03456601667034908,0.48084667482503207,,2.4106779353339567,0.03381845367283312,23.625,28.04761905,22.45833333,30.0,,,24.97916667,0.0,25.54166667,18.84782609,24.25,30.25,29.0,24.0,25.75,35.71428571,,,,,23.75,19.52173913,23.16666667,33.30434783,26.91666667,26.375,24.943750001,24.606081780999997
918,2014-06-30,0.6666826670506759,,5.497787140675879,,0.9582766352990782,,1.4790978817674891,0.04854326930140025,,,5.8210168753156974,,3.435018467518036,,9.478721551026263,0.11350471871732425,2.2977589191342043,,2.0501381793132856,,9.32940766493158,,1.4500424137406018,,2.4889862359061152,0.04084365565877481,1.9199413974810369,,3.978813985765208,,3.60635006118774,,3.19554982125664,0.02702961910653948,7.666666667,11.94444444,6.125,18.0,,,11.08333333,0.0,6.333333333,11.76086957,5.8888888889999995,12.38888889,11.36363636,11.04545455,13.58333333,13.0,,,,,11.91666667,12.0,7.958333333,14.52173913,15.86363636,11.0,9.7782828272,11.566139658
919,2014-07-01,0.6666826670506759,,8.496580126499081,,0.2395691588247696,,1.6434420908527656,0.024271634650700133,0.5019475565192949,,10.139835847324118,,3.6926448525818887,,5.635996597907507,,1.4224221880354595,0.02423935423229144,1.2300829075879711,,9.32940766493158,,2.9000848274812037,,2.2124322096943247,0.04084365565877481,3.8398827949620737,,3.744766104249607,,6.731853447550447,,3.5319234866520763,0.035829960210994195,16.08695652,74.81818182,11.08333333,83.29166667,,,16.875,0.0,15.58333333,66.41666667,12.82608696,71.66666667,15.20833333,52.16666667,21.41666667,60.125,,,,,16.1875,53.5,15.25,73.95833333,24.54166667,53.20833333,16.505887681,58.915151515999995
920,2014-07-02,0.4000096002304056,,6.747284218102213,,,,0.6573768363411063,0.024271634650700133,0.5019475565192949,,9.200962157757068,,4.122022161021643,0.05073103197615191,6.148359924990009,,2.13363328205319,0.01615956948819429,2.0501381793132856,,6.311069890983127,,1.4500424137406018,,2.2124322096943247,,3.9875705947683073,0.02181168621160614,5.851197037890012,0.03456601667034908,3.60635006118774,,3.363736653954358,0.03960153497004621,29.125,55.70833333,26.25,75.58333333,,,27.04166667,0.0,34.89583333,47.89583333,,67.72727273,31.0,65.16666667,35.5,77.75,,,,,35.25,58.13043478,30.20833333,86.04166667,46.16666667,69.5,32.826388888888886,60.35035408399999
921,2014-07-03,0.6666826670506759,,6.247485387131679,,0.9582766352990782,,3.779916808961361,0.04854326930140025,1.5058426695578846,,5.445467399488877,,4.293773084397545,0.03804827398211393,5.635996597907507,0.03783490623910808,1.3130050966481168,0.01615956948819429,1.2300829075879711,,7.134252920241798,0.04052469680968108,2.9000848274812037,,2.7655402621179057,0.08168731131754962,3.1014437959309067,0.06543505863481841,3.5107182227340066,0.03456601667034908,8.174393472025544,,3.3413117429279957,0.0377157475905202,24.0,,20.20833333,48.33333333,,,21.45833333,0.0,28.125,32.39583333,,43.25,23.25,42.875,26.0,54.25,,,,,31.0625,48.95652174,21.39583333,59.83333333,33.25,48.31818182,25.416666665555553,42.02357817222222
922,2014-07-04,0.2666730668202704,,4.2482900632495415,,0.2395691588247696,,1.6434420908527656,0.04854326930140025,0.5019475565192949,,5.633242137402287,0.1386601895081181,4.036146699333694,,9.222539887485011,,2.13363328205319,0.01615956948819429,0.8200552717253142,,9.603802008017805,,2.1750636206109037,0.1070767868555349,2.2124322096943247,,2.658380396512205,,3.978813985765208,,3.125503386362708,,3.1282750881775536,0.03746430927325007,35.875,39.43478261,26.54166667,41.16666667,,,33.9375,0.0,38.89583333,32.16666667,27.20833333,36.875,27.20833333,40.04166667,31.79166667,51.25,,,,,38.83333333,39.29166667,25.6875,51.20833333,35.875,56.91666667,32.185416666,38.835144929
923,2014-07-05,1.8667114677418928,,5.497787140675879,,0.9582766352990782,,0.9860652545116594,0.024271634650700133,,,6.008791613229108,,1.9751356188228708,,3.8427249531187564,,2.188341827746861,0.008079784744097145,0.8200552717253142,,11.250168066535142,0.04052469680968108,2.1750636206109037,,2.7655402621179057,,3.69219499515584,,1.8723830521248035,0.10369805001104723,5.7701600979003835,,3.016150533045741,0.035075645259183795,,,16.75,60.69565217,,,26.85416667,5e-324,24.04166667,54.04545455,18.63157895,73.16666667,24.5,45.16666667,27.54166667,58.625,,,,,29.3125,42.30434783,21.89583333,68.375,35.54166667,42.1,25.00767544,49.38653198777777
924,2014-07-06,,,5.24788772519061,,0.7187074764743087,,2.6295073453644253,,,,9.01318741984366,,3.091516620766233,,7.429268242696263,,2.790135830377248,,1.6401105434506285,,12.073351095793807,,2.9000848274812037,,0.8296620786353718,,2.806068196318438,,3.276670341218406,,1.4425400244750959,,3.3413117429279957,0.03381845367283312,13.66666667,15.52380952,12.375,25.52631579,,,12.20833333,0.0,16.75,11.47826087,11.54166667,18.8,11.83333333,17.17391304,11.58333333,24.15789474,,,,,14.0,16.125,11.66666667,25.73913043,13.73913043,19.52941176,12.936413043000002,17.405373614999995
925,2014-07-07,1.2000288006912163,,6.4973848026169465,,0.7187074764743087,,1.8077862999380423,0.024271634650700133,,,11.078709536891164,,4.7231503928373,0.012682757994037978,4.355088280201256,,2.571301647602562,,2.0501381793132856,,8.506224635672911,0.04052469680968108,3.625106034351505,,3.5952023407532776,,1.9199413974810369,,8.659771616077219,0.03456601667034908,6.010583435312897,,3.991634162692505,0.03746430927325007,16.66666667,33.375,15.45833333,35.43478261,,,20.33333333,0.0,15.1875,25.39130435,17.33333333,,17.40909091,21.29166667,19.58333333,29.95833333,,,,,21.3125,20.0,14.875,34.08333333,23.56521739,16.9,18.172430829,24.048268921111113
926,2014-07-08,1.0666922672810817,,5.997585971646413,,,,0.3286884181705532,,,,4.31881897200842,,3.6926448525818887,0.012682757994037978,5.635996597907507,,2.4618845562152187,0.02423935423229144,1.6401105434506285,,12.073351095793807,,2.1750636206109037,,3.318648314541487,0.04084365565877481,3.8398827949620737,,1.8723830521248035,,7.693546797200511,0.035507593724526214,3.3188868319016334,0.04475602047408398,17.09090909,17.95454545,13.91666667,28.08333333,,,19.69444444,0.0,21.45652174,21.97916667,15.70833333,24.58333333,21.04545455,18.52380952,22.29166667,21.26086957,,,,,18.58333333,18.94117647,15.58333333,,27.91666667,14.10526316,19.328732982,18.3812775
927,2014-07-09,0.5333461336405407,,7.746881880043283,,0.4791383176495391,,2.1364747181085955,0.04854326930140025,,,9.200962157757068,,3.864395775957792,0.012682757994037978,5.123633270825008,,1.5865478251164744,,1.2300829075879711,0.12111215880061472,13.719717154311144,0.04052469680968108,2.1750636206109037,0.1070767868555349,2.4889862359061152,,3.1014437959309067,,3.744766104249607,0.06913203334069816,5.7701600979003835,,3.576773308704801,0.037212870955979936,28.90909091,13.68421053,26.59090909,,,,27.50757576,5e-324,27.54545455,13.59090909,24.77272727,17.52380952,25.27272727,14.95652174,25.61904762,19.80952381,,,,,27.3125,8.875,22.61904762,17.05882353,36.42857143,12.86363636,27.257765152,13.15138162
928,2014-07-10,0.2666730668202704,,5.24788772519061,,0.7187074764743087,,4.108605227131913,0.04854326930140025,,,8.262088468190019,,5.066652239589104,0.03804827398211393,8.710176560402513,,2.680718738989905,0.008079784744097145,0.8200552717253142,,11.798956752707586,0.04052469680968108,1.4500424137406018,,4.14831039317686,,4.873697393605709,0.02181168621160614,2.8085745781872054,,7.2127001223754785,,4.193458361929767,0.040104411604586485,32.1,28.0,12.76923077,27.5,,,29.60416667,5e-324,31.625,21.4,17.65217391,,25.20833333,20.16666667,25.125,35.782608700000004,,,,,32.29166667,12.85714286,23.14583333,25.0625,34.875,20.6875,26.439640468,21.272935358888887
929,2014-07-11,0.9333557338709464,,6.997183633587482,,0.2395691588247696,,1.8077862999380423,0.04854326930140025,,,7.135440040709564,,5.066652239589104,,3.8427249531187564,,2.6260101932962336,0.01615956948819429,0.8200552717253142,,7.683041606414242,,2.1750636206109037,,2.2124322096943247,0.08168731131754962,3.8398827949620737,,5.851197037890012,,,,3.352524198441177,0.04701896532951519,29.59090909,76.19047619,29.05,75.125,,,34.38888889,5e-324,35.91666667,61.33333333,23.82608696,,33.5,56.79166667,37.08333333,75.54166667,,,,,39.0,61.29166667,27.95238095,,39.04166667,55.79166667,32.934993256,57.75818452499999
930,2014-07-12,0.6666826670506759,,7.746881880043283,,1.1978457941238478,,2.6295073453644253,0.024271634650700133,,,8.63763794401684,,3.606769390893938,0.012682757994037978,9.222539887485011,,1.8053820078911604,0.008079784744097145,1.2300829075879711,,18.384420986776934,0.1215740904290432,2.9000848274812037,0.1070767868555349,2.7655402621179057,,4.1352583945745405,,4.9150055118276095,,0.24042333741251604,,3.9019345185870553,0.037590028431885136,,24.76190476,23.27272727,30.91666667,,,28.20454545,0.0,31.34090909,21.7826087,17.95454545,31.6,24.81818182,24.95833333,23.36363636,33.79166667,,,,,28.27083333,20.095238100000003,22.61363636,39.625,28.86363636,25.58333333,25.41140572111111,25.311475155999997
931,2014-07-13,0.6666826670506759,,7.247083049072748,,0.4791383176495391,,1.6434420908527656,0.04854326930140025,0.5019475565192949,,9.764286371497297,,3.177392082454184,0.02536551598807596,8.966358223943761,,2.4071760105215474,0.01615956948819429,0.4100276358626571,,10.426985037276474,0.04052469680968108,6.5251908618327095,,3.5952023407532776,0.04084365565877481,3.9875705947683073,,5.851197037890012,0.03456601667034908,0.48084667482503207,,3.7001103193497937,0.04375026720500343,39.625,22.20833333,36.54166667,24.66666667,,,38.45833333,5e-324,45.04166667,18.0625,31.41666667,,34.59090909,20.95652174,31.875,25.45833333,,,,,43.83333333,16.43478261,32.375,26.0,45.04166667,21.39130435,37.879924243,19.464271336666663
932,2014-07-14,0.6666826670506759,,7.996781295528549,,,,1.6434420908527656,0.04854326930140025,,,9.200962157757068,,4.637274931149348,,4.098906616660007,,1.9147990992785042,,0.4100276358626571,,12.622139781966254,,5.075148448092107,0.32123036056660464,2.4889862359061152,,2.0676291972872702,,4.680957630312009,0.03456601667034908,3.60635006118774,,3.5094985756257127,0.04148732234957223,32.375,30.95652174,25.95833333,37.75,,,29.60416667,5e-324,35.6875,29.52083333,25.52173913,,25.77272727,27.25,19.75,34.41666667,,,,,34.0,25.91666667,24.22916667,41.86363636,37.60869565,28.20833333,29.050732872000005,28.431406455555557
933,2014-07-15,0.5333461336405407,,5.497787140675879,,0.2395691588247696,,1.9721305090233188,0.024271634650700133,,,4.694368447835239,,4.379648546085496,0.012682757994037978,6.6607232520725095,,1.8053820078911604,,0.4100276358626571,,14.268505840483591,0.20262348404840536,2.9000848274812037,,3.8717563669650685,0.08168731131754962,3.1014437959309067,,3.744766104249607,0.13826406668139632,5.048890085662835,,3.397374020493902,0.039350096652776084,25.58333333,31.7826087,22.04166667,45.30434783,,,23.6875,0.0,32.125,26.9375,24.31818182,,20.20833333,28.45833333,20.30434783,38.13043478,,,,,27.5,25.39130435,23.32608696,50.19047619,36.6,28.95,25.569444993999998,30.571667242222222
934,2014-07-16,0.6666826670506759,,5.24788772519061,,0.7187074764743087,,2.4651631362791484,0.07281490395210037,,,7.323214778622973,,3.6926448525818887,0.02536551598807596,12.040538186438766,,2.2430503734405334,,1.2300829075879711,,8.231830292586688,0.08104939361936216,2.9000848274812037,,2.2124322096943247,,3.5445071953496066,,3.978813985765208,,4.568043410837803,,3.576773308704801,0.03809290506642541,15.77272727,,14.52173913,34.26086957,,,18.0625,0.0,15.04166667,18.29166667,14.45833333,,17.875,26.04166667,18.0,31.83333333,,,,,17.02083333,21.45,16.15,,24.5,18.76190476,17.140279973,21.51992014285714
935,2014-07-17,1.2000288006912163,,2.9987929858232065,,0.2395691588247696,,1.9721305090233188,0.024271634650700133,1.0038951130385898,,7.698764254449793,,3.606769390893938,0.012682757994037978,5.379814934366259,,2.5165931019088905,,3.280221086901257,,8.780618978759135,0.04052469680968108,4.350127241221807,,1.9358781834825345,0.04084365565877481,3.2491315957371394,0.02181168621160614,3.0426224597028058,0.03456601667034908,0.24042333741251604,,3.0834252661248285,0.040104411604586485,12.59090909,27.625,17.95454545,41.83333333,,,15.85416667,0.0,16.79166667,22.58333333,14.66666667,,15.30434783,29.18181818,14.60869565,38.81818182,,,,,15.64583333,22.52173913,15.39583333,,17.22727273,23.36842105,15.603993742000004,25.741478354999998
936,2014-07-18,0.9333557338709464,,6.997183633587482,,0.2395691588247696,,1.9721305090233188,0.024271634650700133,0.5019475565192949,,6.3843410890559245,,4.551399469461399,0.012682757994037978,6.148359924990009,,2.352467464827876,,1.2300829075879711,,9.603802008017805,0.04052469680968108,1.4500424137406018,,2.2124322096943247,,2.5106925967059714,0.02181168621160614,4.9150055118276095,0.06913203334069816,,,3.2403996433093654,0.03457276862464352,12.95833333,27.72727273,11.0,34.30434783,,,15.58333333,5e-324,13.27083333,22.14583333,11.04347826,30.0952381,13.91666667,24.30434783,13.8,31.17391304,,,,,15.4375,20.45,11.625,,29.75,24.75,14.838514491999998,23.883439206666665
937,2014-07-19,0.5333461336405407,,5.24788772519061,,0.9582766352990782,,1.150409463596936,,2.00779022607718,,5.445467399488877,0.027732037901623617,2.4045129272626253,,5.123633270825008,,1.0941709138734306,0.008079784744097145,0.8200552717253142,,6.311069890983127,0.04052469680968108,1.4500424137406018,,4.70141844560044,,2.658380396512205,,7.723580090014813,0.03456601667034908,1.20211668706258,,2.6573519566239434,0.03633283684553446,27.45833333,18.27272727,30.16666667,32.0,,,27.52083333,5e-324,30.29166667,14.7173913,27.70833333,25.45833333,27.54166667,25.33333333,28.875,32.625,,,,,30.1875,21.73333333,27.75,,36.91304348,19.42105263,29.441304348,21.062352354444442
938,2014-07-20,0.5333461336405407,,4.498189478734808,,0.4791383176495391,,3.286884181705532,0.0970865386028005,1.0038951130385898,,6.947665302796153,,3.520893929205987,0.012682757994037978,9.222539887485011,,1.6959649165038175,0.008079784744097145,0.4100276358626571,,8.231830292586688,,2.9000848274812037,,1.1062161048471624,,3.3968193955433734,,4.680957630312009,0.03456601667034908,,,3.061000355098466,0.02979544059651096,35.41666667,19.91666667,,,,,33.52083333,0.0,35.89583333,15.66666667,29.65217391,33.904761900000004,31.86956522,20.5,29.25,29.75,,,,,39.14583333,16.90909091,25.875,,43.45833333,23.73913043,33.78713768,20.0482895725
939,2014-07-21,0.6666826670506759,,6.247485387131679,,0.7187074764743087,,2.4651631362791484,0.024271634650700133,0.5019475565192949,,9.764286371497297,,4.980776777901152,0.012682757994037978,6.91690491561376,,2.078924736359518,0.008079784744097145,,,10.426985037276474,0.04052469680968108,1.4500424137406018,0.1070767868555349,3.5952023407532776,0.08168731131754962,4.578321793993243,0.02181168621160614,4.4469097487964095,,,,3.6664729528102495,0.03432133030737339,29.5,24.58333333,,,,,29.25,5e-324,32.39583333,26.66666667,23.65217391,28.91666667,26.6,29.08695652,27.20833333,30.45833333,,,,,33.375,22.58333333,21.65217391,,44.86956522,27.33333333,29.833675522222215,23.703577897499997
940,2014-07-22,0.9333557338709464,,6.747284218102213,,0.7187074764743087,,3.451228390790808,0.0970865386028005,,,6.3843410890559245,,5.410154086340908,0.012682757994037978,9.478721551026263,,2.2977589191342043,,0.4100276358626571,,7.683041606414242,,2.1750636206109037,,2.2124322096943247,,3.5445071953496066,,5.851197037890012,0.06913203334069816,,,3.6216231307575257,0.04111016487366703,32.66666667,29.375,24.58333333,41.54166667,,,32.0,0.0,36.0625,25.22916667,24.52380952,36.95238095,25.83333333,36.375,25.125,38.70833333,,,,,37.83333333,26.625,21.86956522,,46.54545455,26.58333333,30.704299595,29.04332010555556
941,2014-07-23,0.4000096002304056,,4.9979883097053435,,0.4791383176495391,,2.793851554449702,0.07281490395210037,1.5058426695578846,,7.135440040709564,,4.637274931149348,0.012682757994037978,6.6607232520725095,,2.6260101932962336,0.01615956948819429,,,7.408647263328017,,2.9000848274812037,0.1070767868555349,4.4248644193886495,0.04084365565877481,3.9875705947683073,0.02181168621160614,5.617149156374412,0.06913203334069816,0.24042333741251604,,3.4758612090861702,0.040607288239126765,25.47826087,24.41666667,19.7826087,36.20833333,,,25.20833333,5e-324,29.83333333,19.29166667,19.54166667,31.04347826,21.66666667,28.58333333,18.54166667,34.08333333,,,,,29.35416667,22.83333333,18.9,,37.41666667,26.95,24.572336958000005,24.823349435555556
942,2014-07-24,0.9333557338709464,,5.497787140675879,,0.9582766352990782,,3.1225399726202547,0.024271634650700133,1.0038951130385898,,6.7598905648827445,0.055464075803247234,3.435018467518036,0.012682757994037978,5.123633270825008,,2.5165931019088905,,,,9.603802008017805,,0.7250212068703009,,3.0420942883296966,0.04084365565877481,2.0676291972872702,,7.021436445468013,,,,3.2179747322830026,0.038972939176870884,26.86363636,25.125,27.19047619,35.52173913,,,26.45833333,0.0,32.125,21.33333333,23.41666667,34.45833333,24.91666667,24.875,27.39130435,31.79166667,,,,,28.33333333,21.2173913,20.20833333,,33.43478261,19.2173913,27.033853284000003,23.726650562222222
943,2014-07-25,0.4000096002304056,,5.997585971646413,,0.9582766352990782,,1.6434420908527656,0.024271634650700133,0.5019475565192949,,5.633242137402287,0.055464075803247234,3.177392082454184,0.012682757994037978,5.892178261448757,,1.860090553584832,0.01615956948819429,,,12.073351095793807,0.04052469680968108,2.1750636206109037,,1.1062161048471624,,1.7722535976748033,,4.9150055118276095,0.03456601667034908,,,2.8031138782952985,0.03608139852826433,33.69565217,33.66666667,27.54166667,47.75,,,33.77083333,0.0,36.72916667,30.52083333,27.20833333,46.08333333,29.70833333,31.58333333,34.59090909,45.16666667,,,,,37.75,30.08333333,26.52083333,,39.29166667,27.875,32.680739459,32.52546296222222
944,2014-07-26,1.0666922672810817,,5.997585971646413,,0.9582766352990782,,2.4651631362791484,0.024271634650700133,,,8.262088468190019,,2.83389023570238,0.02536551598807596,8.453994896861262,,2.790135830377248,0.008079784744097145,1.6401105434506285,,10.426985037276474,0.04052469680968108,0.7250212068703009,,1.1062161048471624,,4.726009593799477,,4.212861867280808,0.06913203334069816,1.20211668706258,,3.520711031138895,0.03142978965876684,41.20833333,33.625,36.91666667,45.54166667,,,43.16666667,5e-324,42.4375,29.20833333,36.41666667,39.17391304,39.125,34.625,40.66666667,46.39130435,,,,,44.5625,29.25,37.0,,45.33333333,36.34782609,40.683333334000004,32.68478260888889
945,2014-07-27,0.4000096002304056,,5.997585971646413,,0.2395691588247696,,1.4790978817674891,0.07281490395210037,1.0038951130385898,,9.576511633583886,0.027732037901623617,3.6926448525818887,0.012682757994037978,8.453994896861262,,2.8448443760709194,,0.8200552717253142,,9.055013321845355,0.04052469680968108,1.4500424137406018,,1.3827701310589529,,2.953755996124672,,4.212861867280808,,2.40423337412516,,3.453436298059808,0.03947581581141115,31.79166667,32.0,29.20833333,42.33333333,,,29.64583333,5e-324,37.375,28.10416667,26.66666667,43.69565217,25.47826087,37.41666667,25.41666667,38.33333333,,,,,35.0,28.125,27.47916667,,42.29166667,32.125,31.035326087999998,31.34812801888889
946,2014-07-28,1.8667114677418928,,4.9979883097053435,,1.1978457941238478,0.03538144196826035,2.1364747181085955,0.024271634650700133,0.5019475565192949,,10.703160061064343,,3.520893929205987,0.02536551598807596,4.355088280201256,0.03783490623910808,1.641256370810146,,1.6401105434506285,,7.957435949500465,0.08104939361936216,2.1750636206109037,,4.14831039317686,,3.5445071953496066,,5.617149156374412,,5.289313423075352,,3.576773308704801,0.03872150085960074,27.60869565,27.95454545,24.41666667,43.08333333,,,27.70833333,0.0,31.83333333,28.0625,23.91304348,39.5,26.95454545,33.70833333,26.04166667,34.20833333,,,,,31.125,35.35,22.75,,42.09090909,29.22727273,28.444219367,30.12159090777778
947,2014-07-29,0.4000096002304056,,7.496982464558015,,0.2395691588247696,,1.3147536726822129,0.04854326930140025,1.0038951130385898,,6.008791613229108,,4.637274931149348,0.02536551598807596,4.867451607283757,,1.7506734621974889,0.008079784744097145,0.8200552717253142,,8.780618978759135,0.1215740904290432,5.800169654962407,,1.9358781834825345,,3.8398827949620737,0.06543505863481841,6.319292800921213,0.03456601667034908,4.087196736012772,0.035507593724526214,3.363736653954358,0.040104411604586485,31.20833333,30.79166667,29.375,40.0,,,33.16666667,5e-324,36.16666667,27.6875,29.18181818,35.79166667,30.08333333,26.375,32.08333333,35.217391299999996,,,,,34.875,,28.32608696,,42.0,23.63636364,32.646623847,27.437448534999998
948,2014-07-30,0.8000192004608111,,8.74647954198435,,1.1978457941238478,,2.300818927193872,0.024271634650700133,0.5019475565192949,,5.8210168753156974,,4.7231503928373,0.02536551598807596,3.5865432895775053,,1.9695076449721751,,1.2300829075879711,,7.957435949500465,0.08104939361936216,1.4500424137406018,,3.318648314541487,,2.806068196318438,0.04362337242321227,4.212861867280808,,7.2127001223754785,,3.4758612090861702,0.0377157475905202,33.125,32.79166667,29.65217391,33.58333333,,,36.125,0.0,38.875,24.60416667,28.58333333,36.33333333,30.45833333,28.29166667,31.20833333,36.5,,,,,35.42857143,,29.11363636,,37.41666667,29.625,32.998604836,27.716145833749998
949,2014-07-31,1.3333653341013518,,7.996781295528549,,0.7187074764743087,,3.1225399726202547,0.04854326930140025,0.5019475565192949,,5.445467399488877,,3.864395775957792,0.012682757994037978,4.6112699437425055,,2.4618845562152187,0.008079784744097145,1.6401105434506285,,10.152590694190248,0.1215740904290432,0.7250212068703009,,3.318648314541487,0.04084365565877481,3.3968193955433734,0.02181168621160614,6.553340682436812,0.03456601667034908,6.010583435312897,,3.7225352303761565,0.038972939176870884,34.57142857,39.33333333,26.81818182,55.625,,,35.47916667,0.0,34.5,37.70833333,25.83333333,43.83333333,26.75,40.20833333,29.13043478,44.625,,,,,39.95652174,,24.39583333,,40.5,39.54166667,31.793490024000004,37.60937499875
950,2014-08-01,0.6666826670506759,,5.497787140675879,,,,1.8077862999380423,0.024271634650700133,,,7.323214778622973,,3.6926448525818887,0.012682757994037978,5.635996597907507,,1.8053820078911604,0.008079784744097145,0.4100276358626571,,9.878196351104023,0.04052469680968108,2.1750636206109037,,2.2124322096943247,,4.578321793993243,0.02181168621160614,5.617149156374412,,6.731853447550447,0.035507593724526214,3.4310113870334447,0.041738760666842366,22.78947368,60.91666667,18.375,78.79166667,,,20.29166667,5e-324,25.125,45.95833333,20.68421053,84.79166667,19.875,67.625,25.41666667,82.875,,,,,23.3125,54.29166667,20.08333333,90.95833333,27.04761905,58.59090909,22.300046993000002,62.479924243000006
951,2014-08-02,1.3333653341013518,,5.7476865561611445,,0.4791383176495391,,2.300818927193872,0.024271634650700133,0.5019475565192949,,7.698764254449793,0.027732037901623617,3.0056411590782814,0.012682757994037978,6.148359924990009,,0.4376683655493722,,0.4100276358626571,,8.231830292586688,0.08104939361936216,2.9000848274812037,,2.4889862359061152,,1.3291901982561023,,3.276670341218406,,0.48084667482503207,,2.5452274014921312,0.03847006254233061,37.20833333,39.83333333,31.16666667,56.58333333,,,29.20833333,0.0,40.36956522,42.89130435,,56.16666667,32.66666667,53.45833333,33.83333333,69.125,,,,,41.29166667,41.54166667,30.35416667,68.70833333,42.45833333,60.875,35.39522946888889,48.918297101
952,2014-08-03,0.6666826670506759,,5.7476865561611445,,1.9165532705981565,,1.3147536726822129,0.024271634650700133,,,9.388736895670478,,3.3491430058300846,0.02536551598807596,7.429268242696263,,1.860090553584832,0.01615956948819429,2.0501381793132856,,11.798956752707586,0.04052469680968108,3.625106034351505,,0.8296620786353718,,2.215316997093504,0.02181168621160614,4.212861867280808,0.06913203334069816,,,3.19554982125664,0.028538249010160287,20.66666667,,19.79166667,43.75,,,19.66666667,0.0,26.83333333,24.875,,32.72727273,20.04166667,32.54166667,25.5,36.83333333,,,,,26.14583333,37.55,18.14583333,45.17391304,30.65217391,53.5,23.049315619999998,34.105687307777785
953,2014-08-04,1.3333653341013518,,7.496982464558015,,1.1978457941238478,,2.300818927193872,0.024271634650700133,0.5019475565192949,,6.008791613229108,,3.177392082454184,0.012682757994037978,7.1730865791550125,,2.078924736359518,0.01615956948819429,0.8200552717253142,,8.780618978759135,0.1215740904290432,,,3.8717563669650685,0.04084365565877481,4.873697393605709,0.02181168621160614,3.276670341218406,,1.9233866993001283,,3.3413117429279957,0.035829960210994195,34.34782609,53.875,30.15,50.85,,,31.6875,0.0,37.79166667,49.625,27.04347826,54.20833333,30.95833333,54.25,34.20833333,58.95833333,,,,,33.79166667,57.16666667,30.66666667,73.83333333,36.33333333,66.79166667,32.697880435,51.955833333
954,2014-08-05,1.0666922672810817,,8.496580126499081,,1.437414952948617,,2.1364747181085955,0.024271634650700133,,,6.008791613229108,,3.520893929205987,,3.3303616260362547,,2.13363328205319,0.008079784744097145,0.8200552717253142,,8.231830292586688,0.04052469680968108,2.9000848274812037,,2.4889862359061152,0.12253096697632446,2.953755996124672,0.06543505863481841,3.5107182227340066,,2.1638100367126443,,3.0834252661248285,0.03746430927325007,,18.0,4.666666667,52.0,,,11.16666667,5e-324,11.79166667,24.08333333,5.173913043,57.0,6.695652174,27.7826087,12.72727273,41.6,,,,,14.58333333,20.47368421,6.729166667,42.095238099999996,24.904761899999997,15.5,10.937677761222222,29.853486434
955,2014-08-06,0.6666826670506759,,8.246680711013816,,1.1978457941238478,,2.6295073453644253,0.024271634650700133,,,7.135440040709564,,4.7231503928373,0.012682757994037978,4.098906616660007,,1.3130050966481168,0.008079784744097145,,,6.0366755478969045,0.04052469680968108,0.7250212068703009,,2.7655402621179057,,3.8398827949620737,,6.553340682436812,0.06913203334069816,3.8467733986002566,,3.3076743763884524,0.03457276862464352,17.29166667,21.08695652,16.83333333,30.66666667,,,17.5,5e-324,22.35416667,18.5625,16.95833333,29.83333333,16.34782609,23.66666667,13.70833333,29.59090909,,,,,18.625,17.80952381,15.04166667,37.08333333,16.95833333,19.28571429,17.161865942,22.758560370999998
956,2014-08-07,0.6666826670506759,,1.9991953238821367,,0.7187074764743087,,0.6573768363411063,,,,6.3843410890559245,,3.9502712376457416,0.012682757994037978,4.867451607283757,,2.790135830377248,0.008079784744097145,1.6401105434506285,,7.134252920241798,,0.7250212068703009,,1.9358781834825345,,2.806068196318438,,2.574526696671605,,2.40423337412516,,2.780688967268936,0.03708715179734487,25.29166667,29.16666667,21.04166667,34.52380952,,,30.47826087,0.0,25.72916667,23.8125,23.13636364,,22.70833333,22.04166667,23.83333333,32.70833333,,,,,29.5625,,22.17391304,37.125,34.38095238,19.36842105,25.83361566,24.843299655
957,2014-08-08,0.2666730668202704,,1.7492959083968702,,0.4791383176495391,,2.1364747181085955,0.024271634650700133,,,6.3843410890559245,,3.9502712376457416,0.02536551598807596,2.817998298953753,,1.4224221880354595,,2.4601658151759427,,6.585464234069352,0.08104939361936216,4.350127241221807,,4.977972471812231,,2.0676291972872702,,4.4469097487964095,,3.8467733986002566,,2.7358391452162114,0.031178351341496706,11.41666667,22.08333333,11.08333333,39.08333333,,,13.02083333,0.0,15.60416667,18.70833333,9.708333332999999,28.45833333,14.16666667,21.08333333,13.91666667,29.625,,,,,15.375,19.44444444,11.72916667,,26.625,16.904761899999997,14.264583334300003,21.71009699888889
958,2014-08-09,0.2666730668202704,,6.4973848026169465,,0.9582766352990782,,1.4790978817674891,,0.5019475565192949,,7.510989516536382,,3.2632675441421344,0.012682757994037978,4.6112699437425055,,0.9300452767924158,,0.8200552717253142,,8.506224635672911,0.08104939361936216,0.7250212068703009,,1.1062161048471624,,2.3630047968997383,,10.06405890517082,0.03456601667034908,0.24042333741251604,,2.836751244834842,0.03067547470695644,16.45833333,19.04166667,15.58333333,,,,15.79166667,0.0,18.41666667,15.05,13.81818182,19.77272727,17.08333333,15.2173913,17.18181818,18.66666667,,,,,16.02083333,14.875,12.79166667,21.68181818,24.91666667,16.29166667,16.80625,15.621881862222223
959,2014-08-10,0.4000096002304056,,3.748491232279008,,0.7187074764743087,,2.1364747181085955,,,,7.698764254449793,,3.177392082454184,0.012682757994037978,6.6607232520725095,,1.860090553584832,,0.8200552717253142,,10.152590694190248,0.04052469680968108,0.7250212068703009,,2.2124322096943247,,2.953755996124672,,5.3831012748588085,0.03456601667034908,0.24042333741251604,,2.9600882554798367,0.03180694713467204,33.41666667,33.36363636,,,,,34.77083333,0.0,37.41666667,28.43478261,18.625,38.66666667,26.16666667,30.375,27.0,43.04166667,,,,,37.8125,18.66666667,24.3125,45.72727273,43.16666667,35.83333333,31.40972222333333,30.45655833777778
960,2014-08-11,0.9333557338709464,,3.2486924013084733,,0.9582766352990782,,1.6434420908527656,0.024271634650700133,0.5019475565192949,,7.323214778622973,,3.520893929205987,0.012682757994037978,2.3056349718712528,,2.0242161906658467,0.008079784744097145,1.6401105434506285,,7.134252920241798,0.08104939361936216,0.7250212068703009,,5.531080524235811,,2.806068196318438,0.02181168621160614,3.744766104249607,,,,2.7694765117557547,0.03318985787965778,18.70833333,38.75,14.16666667,48.25,,,19.72222222,5e-324,27.77083333,36.13043478,12.66666667,,19.70833333,37.0,22.95833333,53.20833333,,,,,24.6875,44.04166667,17.95833333,,31.08333333,34.54166667,20.943055553999997,36.490262681249995
961,2014-08-12,0.2666730668202704,,1.4993964929116033,,0.4791383176495391,,1.8077862999380423,0.04854326930140025,,,6.572115826969335,,3.435018467518036,0.012682757994037978,3.0741799624950046,,2.2977589191342043,,0.4100276358626571,,7.683041606414242,,0.7250212068703009,,4.70141844560044,0.16337462263509925,3.1014437959309067,,3.744766104249607,0.03456601667034908,,,2.6237145900843992,0.031052632182861632,,32.7826087,16.54166667,35.41666667,,,19.27083333,0.0,23.52083333,28.26315789,12.20833333,39.47826087,18.5,30.20833333,16.25,45.04347826,,,,,22.14583333,31.375,16.04166667,52.30434783,21.75,39.79166667,18.469907406666668,33.466352022
962,2014-08-13,0.6666826670506759,,2.4989941548526717,,0.2395691588247696,,2.793851554449702,,,,5.445467399488877,,3.177392082454184,0.012682757994037978,3.3303616260362547,,1.3130050966481168,,0.8200552717253142,,4.390309489379567,,2.1750636206109037,,1.1062161048471624,,1.9199413974810369,0.02181168621160614,5.14905339334321,,3.125503386362708,,2.3434032022548696,0.02941828312060576,,,14.45454545,34.04761905,,,23.86111111,0.0,27.9375,16.97916667,17.875,25.38095238,22.125,20.16666667,21.20833333,22.86363636,,,,,25.10416667,,17.33333333,,31.42857143,21.47368421,22.369729035555554,20.130246477142858
963,2014-08-14,0.6666826670506759,,1.9991953238821367,,0.2395691588247696,,1.8077862999380423,0.024271634650700133,,,7.323214778622973,0.08319611370487084,3.6926448525818887,0.03804827398211393,3.0741799624950046,,2.571301647602562,,1.2300829075879711,,6.859858577155572,0.04052469680968108,4.350127241221807,,3.0420942883296966,,3.1014437959309067,0.04362337242321227,3.276670341218406,,,,2.7582640562425738,0.02627530415472908,27.08333333,24.125,19.66666667,42.29166667,,,27.08333333,5e-324,28.64583333,19.64583333,,34.39130435,23.0,25.82608696,25.83333333,29.34782609,,,,,26.75,,19.45833333,,34.56521739,18.09090909,25.787338967777774,24.21482831125
964,2014-08-15,0.4000096002304056,,2.249094739367405,,0.7187074764743087,,1.150409463596936,0.04854326930140025,,,6.008791613229108,0.027732037901623617,3.0056411590782814,0.07609654796422786,3.0741799624950046,,0.9847538224860876,,,,3.5671264601208983,0.1215740904290432,3.625106034351505,,1.6593241572707436,,2.953755996124672,,5.3831012748588085,0.03456601667034908,2.8850800489501918,,2.2200661916098765,0.03092691302422657,31.41666667,31.625,22.54166667,40.61904762,,,28.47222222,0.0,32.72916667,28.47916667,22.29166667,39.45833333,24.5,29.0,24.91666667,42.75,,,,,30.41666667,25.56521739,17.80952381,,36.30434783,33.19047619,27.139859388,30.076360133333335
965,2014-08-16,1.0666922672810817,,5.24788772519061,,0.9582766352990782,,1.3147536726822129,0.04854326930140025,,,7.323214778622973,,2.3186374655746738,0.03804827398211393,3.8427249531187564,0.07566981247821616,1.1488794595671021,0.008079784744097145,,,6.0366755478969045,0.1215740904290432,2.9000848274812037,,2.7655402621179057,,1.9199413974810369,,2.8085745781872054,,1.4425400244750959,,2.3546156577680506,0.02489239340974333,26.0,18.70833333,26.7826087,32.04761905,,,25.37681159,0.0,29.2826087,18.25,23.91304348,34.375,24.40909091,24.82608696,24.43478261,31.70833333,,,,,25.10869565,17.47826087,24.43478261,,25.86956522,21.26086957,25.561198947,22.072722567777774
966,2014-08-17,0.8000192004608111,,4.9979883097053435,,0.7187074764743087,,0.8217210454263828,,,,6.572115826969335,,3.9502712376457416,0.012682757994037978,4.355088280201256,0.11350471871732425,1.7506734621974889,,,,10.975773723448915,0.04052469680968108,6.5251908618327095,,0.8296620786353718,,2.215316997093504,0.06543505863481841,4.212861867280808,0.06913203334069816,,,2.7919014227821166,0.026401023313364143,33.13636364,22.875,,37.0,,,31.90909091,0.0,38.43181818,23.39583333,31.22727273,29.5,32.90909091,46.82608696,31.63636364,28.16666667,,,,,31.32608696,21.43478261,33.09090909,,32.18181818,27.56521739,32.872090471111115,26.307065217777776
967,2014-08-18,1.7333749343317573,,1.4993964929116033,,0.2395691588247696,,1.3147536726822129,0.04854326930140025,2.509737782596474,,6.008791613229108,,2.7480147740144294,0.012682757994037978,6.404541588531259,,1.9147990992785042,0.008079784744097145,,,4.66470383246579,,4.350127241221807,,2.2124322096943247,,3.1014437959309067,0.02181168621160614,3.276670341218406,0.03456601667034908,,,2.5003775794394056,0.031304070500131766,18.95833333,27.66666667,,,,,19.86111111,0.0,21.64583333,20.36956522,16.79166667,27.47826087,19.08333333,38.54545455,20.875,32.54545455,,,,,20.82608696,14.76190476,16.82608696,,24.83333333,21.65217391,19.96675389111111,22.87743506625
968,2014-08-19,0.6666826670506759,,2.249094739367405,,0.4791383176495391,,1.9721305090233188,0.024271634650700133,0.5019475565192949,,5.257692661575468,,3.520893929205987,0.012682757994037978,5.123633270825008,,2.2977589191342043,,,,8.780618978759135,0.1215740904290432,2.1750636206109037,,1.6593241572707436,,2.806068196318438,0.02181168621160614,3.978813985765208,,,,2.6573519566239434,0.028035372375620017,13.125,27.58333333,16.83333333,37.13043478,,,14.98611111,5e-324,14.72916667,20.22916667,14.91666667,33.83333333,18.33333333,24.83333333,19.75,31.20833333,,,,,13.0,20.29166667,9.904761905,,21.30434783,18.52173913,15.688272084500003,23.736815618888887
969,2014-08-20,1.2000288006912163,,2.9987929858232065,,,,0.9860652545116594,0.024271634650700133,,,5.445467399488877,,4.207897622709594,0.012682757994037978,2.817998298953753,,1.8053820078911604,,0.8200552717253142,,3.841520803207121,,1.4500424137406018,,3.318648314541487,0.04084365565877481,2.658380396512205,,0.9361915260624016,,0.48084667482503207,,2.2761284691757817,0.02979544059651096,26.79166667,31.625,24.125,48.25,,,28.73611111,5e-324,29.47916667,25.95833333,22.45833333,41.04545455,25.70833333,30.125,27.70833333,49.29166667,,,,,31.125,26.58333333,23.02083333,49.52173913,43.08333333,30.45833333,28.223611109999997,33.285886034
970,2014-08-21,1.7333749343317573,,2.74889357033794,,,,2.300818927193872,0.024271634650700133,,,6.3843410890559245,,3.091516620766233,0.012682757994037978,5.892178261448757,,1.5318392794228028,,1.2300829075879711,,8.506224635672911,,1.4500424137406018,,3.8717563669650685,,3.8398827949620737,0.04362337242321227,3.276670341218406,0.10369805001104723,,,2.7919014227821166,0.02552098920291867,26.0,44.25,18.7826087,53.27272727,,,28.02083333,0.0,25.16666667,42.54166667,21.25,54.45454545,25.875,42.04166667,29.125,52.25,,,,,29.1875,38.04166667,22.45833333,59.73913043,33.70833333,41.54166667,25.957427536,42.813306983
971,2014-08-22,1.2000288006912163,,2.74889357033794,,,,2.4651631362791484,0.04854326930140025,,,5.8210168753156974,,3.2632675441421344,,7.1730865791550125,,1.8053820078911604,0.008079784744097145,0.4100276358626571,,6.585464234069352,0.1215740904290432,0.7250212068703009,,3.318648314541487,,2.658380396512205,0.02181168621160614,6.0852449194056115,0.03456601667034908,,,2.7694765117557547,0.031304070500131766,21.0,43.5,21.72727273,53.72727273,,,22.63888889,5e-324,24.52083333,40.0,20.41666667,41.95652174,8.1,31.6,22.33333333,55.86956522,,,,,21.27083333,35.16666667,19.14583333,64.04166667,32.45833333,50.66666667,21.361199494,41.65283597
972,2014-08-23,1.0666922672810817,,3.748491232279008,,0.4791383176495391,,1.6434420908527656,0.024271634650700133,,,6.7598905648827445,,3.77852031426984,,2.817998298953753,0.07566981247821616,1.8053820078911604,0.008079784744097145,,,8.506224635672911,0.04052469680968108,2.1750636206109037,,1.6593241572707436,,1.6245657978685697,,5.851197037890012,0.03456601667034908,,,2.6349270455975806,0.031052632182861632,36.17391304,28.9047619,31.79166667,36.33333333,,,35.09722222,0.0,39.35416667,26.0625,29.25,31.83333333,31.52173913,26.65217391,30.54166667,32.875,,,,,34.875,23.81818182,27.4375,37.125,35.16666667,29.54545455,33.120954107,27.314973884
973,2014-08-24,0.6666826670506759,,7.496982464558015,,0.9582766352990782,,3.451228390790808,0.024271634650700133,1.0038951130385898,,9.200962157757068,,3.864395775957792,0.012682757994037978,4.6112699437425055,0.03783490623910808,1.6959649165038175,0.03231913897638858,,,7.957435949500465,0.08104939361936216,2.9000848274812037,0.4283071474221396,3.5952023407532776,,2.215316997093504,0.02181168621160614,3.978813985765208,0.03456601667034908,,,3.1731249102302783,0.029544002279240825,37.22727273,19.04166667,31.18181818,26.77272727,,,35.27272727,0.0,40.93181818,17.89583333,35.2,25.3125,30.77272727,18.7826087,31.81818182,23.60869565,,,,,35.70833333,13.04545455,30.70454545,30.39130435,41.33333333,16.36363636,35.015075756,19.121442688
974,2014-08-25,0.9333557338709464,,6.4973848026169465,,1.437414952948617,,1.3147536726822129,0.024271634650700133,1.0038951130385898,,6.7598905648827445,,6.784161473348122,0.03804827398211393,,,1.4224221880354595,,,,9.603802008017805,,2.9000848274812037,,6.637296629082974,0.12253096697632446,3.69219499515584,,4.4469097487964095,0.03456601667034908,0.24042333741251604,,3.3413117429279957,0.03557852189372406,32.70833333,28.5,26.0,38.08333333,,,31.04166667,0.0,32.0625,27.83333333,,,28.0,29.04347826,27.82608696,38.70833333,,,,,30.91666667,21.16666667,26.10416667,47.04166667,34.79166667,26.70833333,29.93900966333334,28.56501610222223
975,2014-08-26,0.4000096002304056,,5.7476865561611445,,0.2395691588247696,,0.9860652545116594,0.04854326930140025,1.5058426695578846,,7.323214778622973,,4.207897622709594,0.02536551598807596,8.197813233320014,,3.4466383787013064,0.008079784744097145,2.8701934510386,,11.524562409621366,0.04052469680968108,2.1750636206109037,,4.70141844560044,0.08168731131754962,2.658380396512205,,6.553340682436812,0.03456601667034908,2.644656711537676,,3.868297152047512,0.03746430927325007,35.125,27.95833333,29.16666667,43.13043478,,,35.59027778,0.0,37.64583333,27.47916667,27.91666667,35.60869565,31.25,27.41666667,32.875,34.45833333,,,,,35.27083333,22.875,30.04166667,41.56521739,39.33333333,30.20833333,33.421527778,29.070018115000003
976,2014-08-27,1.0666922672810817,,4.9979883097053435,,1.437414952948617,0.0707628839365207,2.4651631362791484,0.024271634650700133,,,5.8210168753156974,,4.551399469461399,0.012682757994037978,5.892178261448757,,2.4071760105215474,0.008079784744097145,,,9.603802008017805,,2.9000848274812037,,4.4248644193886495,0.04084365565877481,4.578321793993243,0.10905843105803067,7.255484326983613,0.03456601667034908,4.8084667482503205,,3.778597507942062,0.04337310972909824,36.5,30.5,28.04166667,45.91666667,,,35.57638889,5e-324,36.95833333,30.76190476,26.65,34.2,30.43478261,29.82608696,27.31578947,37.41666667,,,,,38.0,28.33333333,29.72916667,41.95652174,38.375,33.29166667,32.758112763999996,31.22028468
977,2014-08-28,0.9333557338709464,,5.24788772519061,,0.4791383176495391,,2.4651631362791484,0.024271634650700133,1.0038951130385898,0.14826306048089952,7.323214778622973,,5.3242786246529565,0.012682757994037978,6.91690491561376,0.03783490623910808,2.2977589191342043,,3.280221086901257,,7.408647263328017,0.04052469680968108,0.7250212068703009,,4.70141844560044,0.08168731131754962,3.8398827949620737,0.02181168621160614,5.851197037890012,0.06913203334069816,0.7212700122375479,,3.632835586270706,0.042367356460017686,39.5,28.875,28.75,43.4,,,39.20138889,5e-324,40.33333333,29.13043478,34.75,38.27272727,36.125,33.20833333,36.20833333,34.782608700000004,,,,,41.97916667,22.86956522,33.47916667,42.90909091,40.29166667,29.79166667,37.061805555999996,30.323942688
978,2014-08-29,0.6666826670506759,,4.748088894220076,,0.2395691588247696,,2.1364747181085955,0.024271634650700133,,,4.694368447835239,,5.410154086340908,0.012682757994037978,4.355088280201256,,2.4071760105215474,,2.4601658151759427,,10.701379380362694,0.08104939361936216,2.1750636206109037,,4.14831039317686,0.04084365565877481,4.578321793993243,0.02181168621160614,3.978813985765208,,3.8467733986002566,,3.520711031138895,0.04073300739776182,43.29166667,32.54166667,24.68421053,,,,41.06944444,0.0,44.04166667,31.95454545,36.91666667,40.56521739,36.29166667,34.29166667,38.91666667,42.04347826,,,,,44.72916667,29.58333333,35.25,50.54166667,48.04166667,44.79166667,39.32328216599999,34.034804567777776
979,2014-08-30,0.6666826670506759,,10.245876034895954,,0.4791383176495391,,2.4651631362791484,0.024271634650700133,,,3.004395806614553,,4.207897622709594,0.012682757994037978,3.5865432895775053,,2.0242161906658467,,1.2300829075879711,,9.603802008017805,0.04052469680968108,2.1750636206109037,,1.1062161048471624,,4.1352583945745405,0.04362337242321227,7.021436445468013,0.06913203334069816,3.3659267237752233,,3.3188868319016334,0.03947581581141115,39.217391299999996,28.79166667,31.26086957,,,,37.73913043,5e-324,39.47826087,24.16666667,30.86956522,34.625,32.39130435,29.5,38.82608696,31.33333333,,,,,39.17391304,22.47619048,33.54347826,36.30434783,43.34782609,29.56521739,36.584782608999994,26.30693581888889
980,2014-08-31,0.5333461336405407,,7.746881880043283,,0.7187074764743087,,1.150409463596936,0.024271634650700133,,,1.6899726412206861,0.027732037901623617,4.894901316213201,0.02536551598807596,9.734903214567511,,2.13363328205319,,1.6401105434506285,,7.957435949500465,0.04052469680968108,8.700254482443611,,1.9358781834825345,,4.578321793993243,0.02181168621160614,4.680957630312009,0.03456601667034908,3.60635006118774,,3.4310113870334447,0.037212870955979936,33.22727273,16.77272727,28.77272727,,,,34.36363636,0.0,32.90909091,14.80952381,29.59090909,21.47826087,31.31818182,18.29166667,34.54545455,24.38095238,,,,,34.04545455,13.4,26.63636364,25.79166667,39.95238095,14.05555556,32.536147187000005,16.55337258111111
981,2014-09-01,0.6666826670506759,,4.748088894220076,,1.1978457941238478,,1.8077862999380423,0.07281490395210037,0.5019475565192949,,11.266484274804574,0.08319611370487084,6.011282318156563,0.02536551598807596,8.453994896861262,,3.173095650232949,,4.100276358626571,,10.975773723448915,0.08104939361936216,5.800169654962407,,5.807634550447602,0.12253096697632446,5.021385193411943,0.04362337242321227,3.978813985765208,0.06913203334069816,7.453123459787995,,4.7428686820756445,0.03847006254233061,24.16666667,36.04166667,15.25,48.125,,,22.75,0.0,24.52083333,27.70833333,15.41666667,49.95833333,18.25,44.04166667,21.91304348,56.08695652,,,,,24.5,39.79166667,17.54166667,58.08333333,29.08333333,38.875,21.339221015,39.871195652
982,2014-09-02,0.6666826670506759,,5.997585971646413,,0.7187074764743087,,2.6295073453644253,0.14562980790420074,1.0038951130385898,,10.327610585237526,,5.581905009716809,0.03804827398211393,5.379814934366259,,2.5165931019088905,0.008079784744097145,1.6401105434506285,,7.134252920241798,0.04052469680968108,5.800169654962407,0.2141535737110698,3.0420942883296966,0.04084365565877481,4.1352583945745405,0.04362337242321227,4.9150055118276095,0.03456601667034908,7.693546797200511,,4.114971173337499,0.053179204102633486,40.54166667,29.25,28.08333333,36.33333333,,,24.625,5e-324,39.54166667,26.08333333,,40.16666667,27.16666667,41.95833333,24.39130435,47.08695652,,,,,38.77083333,39.25,24.4375,47.17391304,37.5,50.41666667,31.67310789111111,35.77192028899999
983,2014-09-03,1.0666922672810817,,4.498189478734808,,0.4791383176495391,,3.451228390790808,0.07281490395210037,0.5019475565192949,,10.327610585237526,,4.980776777901152,0.012682757994037978,7.685449906237513,,2.4618845562152187,,1.6401105434506285,,9.878196351104023,0.04052469680968108,1.4500424137406018,,3.8717563669650685,0.04084365565877481,5.169072993218176,0.02181168621160614,3.0426224597028058,0.03456601667034908,8.655240146850575,,4.238308183982491,0.04613893121906972,15.45833333,,14.25,20.73913043,,,12.97916667,0.0,18.54166667,16.35416667,,23.9,12.45454545,24.81818182,15.625,25.29166667,,,,,19.41666667,23.5,11.25,32.60869565,22.16666667,26.5,15.793560606666667,21.523537915555558
984,2014-09-04,0.8000192004608111,,3.4985918167937404,,0.9582766352990782,,2.6295073453644253,0.024271634650700133,0.5019475565192949,,3.755494758268192,,4.7231503928373,0.02536551598807596,4.6112699437425055,,3.282512741620292,0.03231913897638858,2.8701934510386,,6.585464234069352,0.08104939361936216,3.625106034351505,,4.977972471812231,0.04084365565877481,4.873697393605709,,4.9150055118276095,0.03456601667034908,4.568043410837803,,3.5991982197311634,0.04752184196405546,47.31578947,50.5,44.52631579,52.05263158,,,40.66666667,0.0,46.14583333,46.89583333,41.63157895,49.70833333,35.3,53.91304348,45.375,44.82608696,,,,,41.64583333,46.25,41.9375,61.45833333,51.125,59.70833333,43.566951754,46.531259534
985,2014-09-05,0.8000192004608111,,6.997183633587482,,0.4791383176495391,,1.9721305090233188,0.024271634650700133,,,7.135440040709564,,4.465524007773447,0.03804827398211393,7.941631569778763,,1.860090553584832,0.008079784744097145,1.6401105434506285,,10.152590694190248,0.08104939361936216,1.4500424137406018,,4.977972471812231,0.04084365565877481,3.2491315957371394,0.04362337242321227,5.3831012748588085,0.06913203334069816,6.972276784962963,,3.7898099634552436,0.04035584992185662,36.40909091,39.91304348,30.91666667,60.375,,,46.77083333,0.0,42.5,30.73913043,35.08333333,,39.83333333,34.29166667,,42.0,,,,,53.08333333,33.625,35.45833333,55.45833333,44.54166667,37.04761905,40.510732322222225,37.049976995555554
986,2014-09-06,0.8000192004608111,,7.746881880043283,,0.7187074764743087,,2.1364747181085955,0.024271634650700133,0.5019475565192949,,8.44986320610343,0.027732037901623617,4.207897622709594,0.03804827398211393,7.941631569778763,0.03783490623910808,1.6959649165038175,,0.8200552717253142,,8.506224635672911,0.04052469680968108,3.625106034351505,,2.4889862359061152,,4.1352583945745405,0.06543505863481841,5.3831012748588085,0.03456601667034908,4.3276200734252885,,3.655260497297069,0.042493075618652766,22.16666667,30.0,19.375,33.2173913,,,17.095238100000003,5e-324,28.54166667,22.45833333,19.20833333,28.31818182,17.5,22.54166667,15.45833333,20.125,,,,,23.625,18.40909091,16.16666667,35.47619048,14.15,18.85,19.328690477000002,22.939585450999996
987,2014-09-07,0.5333461336405407,0.03938435850626645,10.995574281351757,,1.9165532705981565,,2.4651631362791484,0.024271634650700133,0.5019475565192949,,15.585303246812995,0.055464075803247234,5.410154086340908,0.02536551598807596,10.247266541650015,,2.2977589191342043,,0.8200552717253142,,9.055013321845355,0.04052469680968108,5.075148448092107,0.1070767868555349,4.14831039317686,0.08168731131754962,2.953755996124672,,6.787388563952413,0.03456601667034908,3.125503386362708,,4.698018860022921,0.04098444571503195,18.52173913,29.89473684,22.95652174,48.54166667,,,23.0,0.0,26.27083333,26.29166667,19.58333333,,19.70833333,33.91666667,21.41666667,45.58333333,,,,,21.58333333,29.2173913,28.04545455,51.76190476,30.85714286,33.125,23.194335826999996,33.148040693333336
988,2014-09-08,1.466701867511487,,4.9979883097053435,,0.2395691588247696,,3.286884181705532,0.024271634650700133,,,11.078709536891164,0.08319611370487084,7.471165166851728,0.012682757994037978,9.991084878108763,,2.9542614674582626,0.008079784744097145,2.0501381793132856,,12.347745438880036,0.08104939361936216,2.9000848274812037,,7.190404681506555,,6.055199792055577,,5.14905339334321,0.03456601667034908,6.010583435312897,,5.1465170805501685,0.052676327468093226,39.0,31.0,37.04347826,42.91666667,,,39.11111111,0.0,37.54347826,25.95833333,33.75,34.91666667,37.04347826,30.16666667,37.47826087,45.29166667,,,,,38.54166667,26.08695652,30.08333333,,41.5,39.13636364,37.109480676,30.608146685555557
989,2014-09-09,1.7333749343317573,,8.246680711013816,,,,2.793851554449702,0.024271634650700133,,,7.323214778622973,,5.753655933092711,0.03804827398211393,7.941631569778763,0.07566981247821616,3.118387104539277,,2.4601658151759427,,13.1709284681387,0.08104939361936216,4.350127241221807,,5.531080524235811,0.04084365565877481,4.282946194380775,0.04362337242321227,2.3404788151560045,,7.2127001223754785,,4.552256938351563,0.05770509381349592,20.75,20.79166667,15.08333333,,,,18.47222222,0.0,20.08333333,16.2173913,15.33333333,26.73913043,17.70833333,18.875,16.66666667,28.42857143,,,,,20.29166667,17.66666667,12.875,29.58333333,32.55555556,24.76470588,18.981944444,20.340718412222223
990,2014-09-10,0.8000192004608111,,5.997585971646413,,0.4791383176495391,,2.300818927193872,0.07281490395210037,1.5058426695578846,,11.266484274804574,0.08319611370487084,6.183033241532465,0.02536551598807596,9.478721551026263,0.07566981247821616,3.22780419592662,,1.2300829075879711,,7.957435949500465,0.08104939361936216,3.625106034351505,,4.4248644193886495,0.04084365565877481,3.3968193955433734,0.02181168621160614,7.957627971530415,0.06913203334069816,6.251006772725416,,4.630744126943833,0.05104197840583734,35.125,29.82608696,,,,,34.8125,5e-324,38.33333333,,19.45833333,31.86956522,27.125,23.91666667,26.58333333,35.70833333,,,,,38.5,17.91666667,25.125,39.08333333,36.625,27.5,31.29861111,25.7275815225
991,2014-09-11,1.3333653341013518,,8.496580126499081,,0.7187074764743087,,4.437293645302467,0.04854326930140025,,,7.323214778622973,0.027732037901623617,6.0971577798445145,0.012682757994037978,7.941631569778763,,3.5013469243949777,0.01615956948819429,2.4601658151759427,,9.603802008017805,0.04052469680968108,0.7250212068703009,,6.084188576659392,0.04084365565877481,1.1815023984498692,,6.787388563952413,0.03456601667034908,0.9616933496500641,,4.305582917061578,0.05192201251628282,18.13636364,30.20833333,24.72727273,27.14285714,,,22.25757576,0.0,22.0,31.58333333,17.09090909,,24.36363636,19.26086957,25.5,24.21052632,,,,,18.72916667,26.84210526,29.45454545,,29.14285714,26.05,23.140232684,23.16225311875
992,2014-09-12,0.2666730668202704,,9.496177788440152,,0.2395691588247696,,2.793851554449702,0.024271634650700133,,,3.755494758268192,,5.410154086340908,0.02536551598807596,4.867451607283757,,2.5165931019088905,0.008079784744097145,,,9.603802008017805,0.08104939361936216,4.350127241221807,,3.0420942883296966,,3.5445071953496066,,2.3404788151560045,,5.7701600979003835,,3.5431359421652573,0.048276156915865856,,27.60869565,17.625,33.91666667,,,21.47916667,5e-324,27.33333333,26.69565217,12.625,37.34782609,19.625,25.16666667,18.04166667,37.41666667,,,,,23.77083333,29.5,18.45833333,37.26666667,24.16666667,36.04166667,20.34722222222222,29.096050725999998
993,2014-09-13,0.4000096002304056,,7.996781295528549,,0.9582766352990782,,1.4790978817674891,0.024271634650700133,,,3.3799452824413723,,4.551399469461399,0.012682757994037978,5.635996597907507,,1.5865478251164744,0.02423935423229144,0.4100276358626571,,10.426985037276474,0.08104939361936216,2.9000848274812037,0.1070767868555349,1.6593241572707436,,2.3630047968997383,0.04362337242321227,6.553340682436812,0.03456601667034908,4.568043410837803,,3.1619124547170965,0.039727254128681284,25.08695652,35.91304348,23.75,,,,25.70833333,5e-324,,34.08333333,26.58333333,47.5,27.5,32.125,28.625,42.04166667,,,,,23.89583333,25.91304348,23.3125,50.20833333,34.66666667,28.52173913,26.56984702,32.92290660222223
994,2014-09-14,0.8000192004608111,,11.745272527807556,,0.7187074764743087,,5.0946704816435755,0.024271634650700133,0.5019475565192949,,8.82541268193025,0.027732037901623617,5.3242786246529565,0.012682757994037978,11.784356522897514,,1.860090553584832,0.01615956948819429,,,2.743943430862229,0.04052469680968108,2.9000848274812037,,1.1062161048471624,,3.3968193955433734,,6.787388563952413,0.03456601667034908,6.972276784962963,0.035507593724526214,4.215883272956129,0.03545280273508899,16.54545455,26.91304348,12.18181818,,,,13.46969697,0.0,,23.0,11.86363636,30.66666667,12.22727273,26.625,12.31818182,35.375,,,,,14.66666667,22.94117647,9.522727273,35.66666667,26.57142857,20.95238095,14.37409812477778,24.68221491555555
995,2014-09-15,0.5333461336405407,,5.997585971646413,,0.4791383176495391,,1.150409463596936,0.024271634650700133,0.5019475565192949,,12.768682178111849,,4.551399469461399,0.012682757994037978,8.197813233320014,0.11350471871732425,2.8448443760709194,0.008079784744097145,,,12.347745438880036,0.1215740904290432,5.800169654962407,,6.913850655294765,0.04084365565877481,4.282946194380775,0.06543505863481841,5.617149156374412,,2.40423337412516,,4.305582917061578,0.047270403646785315,21.70833333,19.08333333,,,,,19.04166667,5e-324,,19.08695652,16.79166667,26.125,17.0,29.45833333,15.70833333,32.76190476,,,,,19.52083333,22.14285714,15.14583333,40.35,24.79166667,26.0,18.71354166625,23.88982056444444
996,2014-09-16,0.5333461336405407,,11.495373112322287,,0.7187074764743087,,5.423358899814127,0.04854326930140025,,,3.3799452824413723,0.027732037901623617,5.238403162965005,0.06341378997018987,12.296719849980018,0.07566981247821616,1.860090553584832,0.01615956948819429,,,7.957435949500465,,5.800169654962407,0.1070767868555349,2.2124322096943247,0.04084365565877481,5.612136392636877,,4.4469097487964095,0.03456601667034908,1.6829633618876116,,3.991634162692505,0.048276156915865856,22.45833333,15.35,,,,,19.77777778,0.0,,13.0,17.66666667,16.25,18.83333333,27.52173913,19.08333333,18.8,,,,,20.9375,10.31578947,17.10416667,18.72727273,29.16666667,15.79166667,20.628472222499997,15.084051999999998
997,2014-09-17,1.3333653341013518,,6.247485387131679,,0.7187074764743087,,5.0946704816435755,0.04854326930140025,,,6.947665302796153,,6.0971577798445145,0.03804827398211393,7.941631569778763,0.03783490623910808,3.118387104539277,,,,8.231830292586688,0.04052469680968108,5.075148448092107,,7.743512733930137,0.08168731131754962,5.31676079302441,0.04362337242321227,7.723580090014813,0.03456601667034908,0.48084667482503207,,4.496194660785659,0.04475602047408398,13.06666667,16.05,,,,,14.61111111,0.0,,17.33333333,14.04166667,,15.58333333,15.70833333,16.33333333,,,,,,17.5625,,12.22916667,23.45,22.08333333,14.71428571,15.68888888875,14.54265872833333
998,2014-09-18,1.3333653341013518,,8.496580126499081,,0.4791383176495391,,5.9163915270699565,0.07281490395210037,,,10.890934798977757,0.055464075803247234,5.753655933092711,0.012682757994037978,9.991084878108763,,3.610764015782321,,0.8200552717253142,,8.506224635672911,0.04052469680968108,4.350127241221807,,5.254526498024021,,3.3968193955433734,0.06543505863481841,5.617149156374412,0.06913203334069816,,,4.675593948996559,0.05041338261266201,23.08333333,14.44444444,,,,,16.51388889,0.0,,14.2,6.833333333,20.0,16.33333333,22.86956522,20.08333333,22.65,,,,,19.9375,15.71428571,15.33333333,25.84210526,27.08333333,17.68181818,18.150173609124998,17.044690978888887
999,2014-09-19,1.2000288006912163,0.0787687170125329,6.997183633587482,,0.9582766352990782,,4.108605227131913,0.024271634650700133,0.5019475565192949,,8.44986320610343,0.027732037901623617,4.379648546085496,0.012682757994037978,10.247266541650015,,3.4466383787013064,0.01615956948819429,,,9.055013321845355,0.1620987872387243,2.1750636206109037,,5.254526498024021,0.04084365565877481,3.1014437959309067,0.06543505863481841,9.361915260624018,0.06913203334069816,6.731853447550447,,4.59710676040429,0.052424889150823085,20.80952381,28.63157895,,,,,22.09722222,0.0,,23.63636364,18.54166667,34.83333333,24.95833333,29.29166667,25.66666667,31.41666667,,,,,22.29166667,20.72727273,20.08333333,47.54166667,32.72727273,22.3,23.396960678750002,26.48650540666667
1000,2014-09-20,0.2666730668202704,,16.7432608375129,,0.4791383176495391,,1.8077862999380423,0.04854326930140025,,,9.200962157757068,0.055464075803247234,4.122022161021643,0.02536551598807596,5.635996597907507,,1.5865478251164744,,,,8.780618978759135,0.04052469680968108,0.7250212068703009,,3.5952023407532776,,2.658380396512205,,8.425723734561616,0.03456601667034908,1.6829633618876116,,3.778597507942062,0.05154485504037762,30.04166667,29.79166667,,,,,34.38194444,5e-324,,29.54545455,25.29166667,40.20833333,32.75,32.0,31.33333333,45.75,,,,,41.20833333,25.0,27.41666667,45.91666667,42.04166667,29.33333333,33.05815972250001,30.838383838888888
1001,2014-09-21,0.6666826670506759,,8.74647954198435,,0.7187074764743087,,5.259014690728852,0.07281490395210037,,,12.393132702285031,0.08319611370487084,4.7231503928373,0.05073103197615191,11.784356522897514,,1.9147990992785042,0.008079784744097145,,,6.859858577155572,0.1620987872387243,7.25021206870301,,2.4889862359061152,,3.3968193955433734,,6.553340682436812,0.03456601667034908,7.933970134613028,,4.541044482838384,0.042367356460017686,29.22727273,23.5,,,,,30.81060606,5e-324,,22.42857143,24.68181818,26.70833333,28.54545455,25.39130435,28.04545455,30.08333333,,,,,34.77272727,17.66666667,28.02272727,29.16666667,35.22727273,26.25,29.9166666675,22.35498619777778
1002,2014-09-22,1.3333653341013518,,6.4973848026169465,,0.9582766352990782,,7.395489408837445,0.07281490395210037,0.5019475565192949,,11.829808488544804,,3.77852031426984,0.012682757994037978,9.478721551026263,,5.142603295205124,0.008079784744097145,,,12.622139781966254,0.1215740904290432,4.350127241221807,,7.190404681506555,0.04084365565877481,6.055199792055577,0.04362337242321227,5.14905339334321,,8.41481680943806,0.035507593724526214,5.606227756590596,0.05091625924720228,12.79166667,24.95652174,,,,,14.01388889,0.0,,20.125,12.25,22.86363636,14.83333333,22.29166667,12.82608696,20.7,,,,,17.16666667,16.55,13.66666667,28.04545455,18.5,19.5,14.50603864875,19.448031035555555
1003,2014-09-23,1.0666922672810817,,4.9979883097053435,,0.4791383176495391,,5.423358899814127,0.04854326930140025,1.0038951130385898,,5.445467399488877,,2.6621393123264783,0.03804827398211393,8.453994896861262,,2.8448443760709194,0.008079784744097145,,,7.408647263328017,0.04052469680968108,9.425275689313912,,2.2124322096943247,,5.612136392636877,0.02181168621160614,9.361915260624018,0.03456601667034908,1.6829633618876116,,3.8458722410211497,0.06285957931753368,13.33333333,,,,,,12.75,5e-324,,20.22727273,10.54166667,20.45454545,14.41666667,16.25,13.41666667,19.29166667,,,,,16.0,12.75,12.91666667,21.59090909,18.83333333,13.33333333,14.0260416675,15.48721590875
1004,2014-09-24,1.3333653341013518,,4.9979883097053435,,0.4791383176495391,,3.9442610180466375,0.024271634650700133,1.5058426695578846,,6.3843410890559245,,3.77852031426984,0.012682757994037978,9.991084878108763,,2.4618845562152187,0.008079784744097145,,,8.506224635672911,0.04052469680968108,3.625106034351505,,2.7655402621179057,,5.021385193411943,0.02181168621160614,7.021436445468013,,,,3.711322774862975,0.0431216714118281,15.2173913,,,,,,15.43055556,0.0,19.41666667,18.7826087,11.45833333,24.34782609,16.16666667,18.04166667,16.125,24.21052632,,,,,19.91666667,14.30434783,15.5,24.34782609,19.5,18.875,16.5256978,17.8637252125
1005,2014-09-25,1.6000384009216222,,5.997585971646413,,0.7187074764743087,,5.423358899814127,0.07281490395210037,1.5058426695578846,,7.698764254449793,,4.980776777901152,0.02536551598807596,2.0494533083300035,,2.078924736359518,0.008079784744097145,,,6.585464234069352,0.04052469680968108,2.9000848274812037,,3.8717563669650685,,5.612136392636877,0.02181168621160614,5.3831012748588085,0.03456601667034908,0.24042333741251604,,3.632835586270706,0.041613041508207285,27.72727273,,23.20833333,,,,28.74305556,0.0,31.29166667,23.41666667,22.29166667,27.5,28.45833333,21.54166667,25.5,28.0,,,,,30.04166667,18.30434783,24.9375,34.91304348,32.54166667,25.16666667,27.474116163,22.355298915000002
1006,2014-09-26,0.5333461336405407,,9.246278372954883,,1.1978457941238478,,3.451228390790808,0.04854326930140025,1.5058426695578846,,8.262088468190019,,4.894901316213201,0.012682757994037978,7.685449906237513,,3.8843067442506793,,0.4100276358626571,,7.957435949500465,0.1215740904290432,3.625106034351505,,12.444931179530576,0.08168731131754962,3.69219499515584,0.02181168621160614,6.319292800921213,0.03456601667034908,3.125503386362708,,4.675593948996559,0.04073300739776182,8.666666667000001,24.22727273,19.58333333,,,,23.98611111,0.0,26.375,22.0,18.45833333,24.26086957,24.79166667,18.95833333,24.04166667,19.5,,,,,27.625,16.95833333,22.33333333,26.81818182,31.45833333,17.47826087,22.731944443699994,18.911250183333333
1007,2014-09-27,0.9333557338709464,,7.996781295528549,,0.2395691588247696,,4.437293645302467,0.024271634650700133,,,9.576511633583886,,1.9751356188228708,0.02536551598807596,5.379814934366259,,2.7354272846835763,,0.4100276358626571,,8.506224635672911,0.04052469680968108,4.350127241221807,,2.2124322096943247,,4.430633994187008,,7.723580090014813,0.03456601667034908,1.9233866993001283,,3.688897863836613,0.052424889150823085,22.70833333,23.47826087,23.5,,,,23.41666667,0.0,27.16666667,20.20833333,19.5,23.34782609,23.16666667,18.45833333,19.91666667,28.18181818,,,,,26.59090909,15.45454545,22.64583333,26.31818182,28.125,23.4,23.673674242999997,19.87192211888889
1008,2014-09-28,0.8000192004608111,,9.246278372954883,,0.9582766352990782,,5.259014690728852,0.04854326930140025,,,12.205357964371624,,4.809025854525251,,7.941631569778763,,2.2977589191342043,0.008079784744097145,1.2300829075879711,,7.134252920241798,0.08104939361936216,2.9000848274812037,0.1070767868555349,6.084188576659392,,3.5445071953496066,,6.319292800921213,0.03456601667034908,6.010583435312897,,4.529832027325202,0.041361603190937166,14.45454545,18.6,17.72727273,,,,17.09090909,5e-324,18.04545455,13.45454545,13.18181818,14.52173913,18.68181818,11.54166667,16.86363636,14.88235294,,,,,18.31818182,11.05555556,14.90909091,17.11111111,20.65,11.0,16.992272727,12.462996762222222
1009,2014-09-29,0.8000192004608111,,5.497787140675879,,0.9582766352990782,,2.4651631362791484,0.024271634650700133,0.5019475565192949,,9.952061109410707,,5.581905009716809,0.012682757994037978,,,2.790135830377248,0.02423935423229144,2.8701934510386,,13.445322811224926,0.04052469680968108,5.075148448092107,,5.254526498024021,0.04084365565877481,6.055199792055577,0.02181168621160614,8.659771616077219,0.03456601667034908,3.8467733986002566,,4.406495016680209,0.05079054008856721,13.45833333,15.56521739,15.16666667,,,,15.98611111,5e-324,19.08333333,15.16666667,12.08695652,14.55,17.0,12.41666667,15.33333333,19.0,,,,,18.83333333,15.3,5.222222222,20.6875,20.91666667,15.91304348,15.308695651199997,14.288788245555557
1010,2014-09-30,0.9333557338709464,,6.997183633587482,,0.7187074764743087,,6.2450799452405095,0.024271634650700133,0.5019475565192949,,10.515385323150936,,4.207897622709594,0.012682757994037978,6.91690491561376,,3.118387104539277,0.008079784744097145,0.4100276358626571,,6.0366755478969045,0.08104939361936216,5.075148448092107,,6.913850655294765,0.04084365565877481,5.907511992249344,,6.319292800921213,0.03456601667034908,10.338203508738188,,4.832568326181095,0.04940762934358146,12.3,21.5,19.79166667,,,,18.69444444,0.0,18.91666667,19.63636364,15.16666667,22.13043478,18.60869565,17.39130435,21.66666667,24.68181818,,,,,19.2173913,,21.625,22.91666667,22.0,,18.798719807000005,18.32236966
1011,2014-10-01,0.9333557338709464,,7.746881880043283,,0.4791383176495391,,7.231145199752167,0.024271634650700133,0.5019475565192949,,10.890934798977757,,5.925406856468612,0.03804827398211393,6.404541588531259,,2.352467464827876,,2.0501381793132856,,10.701379380362694,0.04052469680968108,4.350127241221807,,5.807634550447602,,6.941326590892979,,7.021436445468013,0.03456601667034908,5.7701600979003835,,5.0680298919579005,0.05418495737171403,14.45833333,38.09090909,10.875,58.16666667,,,16.0,0.0,18.02083333,25.29166667,8.857142857000001,53.52631579,14.45833333,48.0,18.58333333,52.41666667,,,,,16.125,40.5,12.16666667,61.45833333,25.60869565,39.58333333,15.5153338497,41.703389155
1012,2014-10-02,1.3333653341013518,,4.748088894220076,,0.4791383176495391,,5.587703108899404,0.12135817325350062,1.0038951130385898,,11.454259012717984,,4.809025854525251,,5.892178261448757,,2.680718738989905,,2.4601658151759427,,6.0366755478969045,0.04052469680968108,6.5251908618327095,,7.190404681506555,,4.1352583945745405,,5.3831012748588085,0.06913203334069816,7.2127001223754785,,4.484982205272479,0.056825059703050435,31.5,49.5,22.25,55.04166667,,,26.25,0.0,37.72916667,41.41666667,,50.47826087,27.125,51.70833333,27.875,67.20833333,,,,,38.125,47.69565217,24.39583333,61.875,40.45833333,60.08333333,30.634259258888886,48.500724637000005
1013,2014-10-03,0.2666730668202704,,5.24788772519061,,0.7187074764743087,,3.6155725998760846,0.07281490395210037,,,11.642033750631391,0.027732037901623617,3.6926448525818887,,5.892178261448757,,3.8843067442506793,0.008079784744097145,0.8200552717253142,,8.231830292586688,0.04052469680968108,4.350127241221807,,3.8717563669650685,,3.69219499515584,,7.957627971530415,0.03456601667034908,9.616933496500641,,4.462557294246115,0.050287663454026944,11.125,,10.41666667,24.95238095,,,11.08333333,0.0,12.79166667,18.85416667,,22.66666667,11.875,23.25,15.41666667,24.7826087,,,,,15.95833333,23.09090909,9.4375,29.86956522,21.6,15.25,13.300462963333334,20.30181081111111
1014,2014-10-04,0.6666826670506759,,8.74647954198435,,0.4791383176495391,,3.6155725998760846,0.024271634650700133,,,9.576511633583886,,3.3491430058300846,,2.561816635412504,,2.078924736359518,0.008079784744097145,1.6401105434506285,,9.32940766493158,0.04052469680968108,5.075148448092107,,4.4248644193886495,0.04084365565877481,2.953755996124672,,3.978813985765208,,3.8467733986002566,,3.5431359421652573,0.0500362251367568,35.20833333,58.54166667,29.08333333,55.45833333,,,39.83333333,0.0,37.35416667,56.14583333,33.20833333,55.91666667,36.66666667,49.95833333,40.58333333,60.36363636,,,,,42.54166667,52.875,36.0,75.21739129999999,45.66666667,73.25,37.614583333,53.772686099
1015,2014-10-05,0.13333653341013518,,10.245876034895954,,0.2395691588247696,,2.4651631362791484,0.024271634650700133,0.5019475565192949,,9.576511633583886,,2.9197656973903308,0.03804827398211393,4.355088280201256,,2.078924736359518,0.008079784744097145,0.4100276358626571,,10.701379380362694,0.04052469680968108,2.9000848274812037,,4.4248644193886495,0.08168731131754962,2.953755996124672,,4.212861867280808,,0.7212700122375479,,3.363736653954358,0.039727254128681284,42.25,44.79166667,42.91666667,60.79166667,,,49.79166667,0.0,55.4375,42.0,41.875,,46.45833333,36.20833333,53.58333333,45.08333333,,,,,45.75,37.47826087,43.0,57.95833333,48.16666667,39.63636364,46.922916666999996,40.43866198222222
1016,2014-10-06,0.6666826670506759,,8.996378957469616,,1.1978457941238478,,4.272949436217191,0.04854326930140025,0.5019475565192949,,10.139835847324118,,4.7231503928373,,13.57762816768627,,3.0089700131519344,0.008079784744097145,1.2300829075879711,,10.152590694190248,0.04052469680968108,2.9000848274812037,,7.466958707718346,,5.021385193411943,0.02181168621160614,6.787388563952413,0.06913203334069816,,,4.754081137588827,0.0377157475905202,35.20833333,37.11111111,25.79166667,45.125,,,32.79166667,0.0,35.9375,30.16666667,,28.61111111,28.125,27.45833333,28.95833333,35.217391299999996,,,,,36.4375,28.45454545,23.56521739,40.05882353,27.59090909,21.86363636,30.489569608888885,29.406661886000002
1017,2014-10-07,0.8000192004608111,,5.997585971646413,,0.4791383176495391,,5.75204731798468,0.0970865386028005,,,11.078709536891164,0.055464075803247234,5.581905009716809,0.012682757994037978,7.941631569778763,,2.2430503734405334,0.008079784744097145,1.6401105434506285,,9.603802008017805,0.04052469680968108,5.800169654962407,,4.977972471812231,,5.31676079302441,,6.0852449194056115,0.03456601667034908,7.693546797200511,,4.731656226562464,0.05330492326126855,19.04545455,35.77777778,16.22727273,48.20833333,,,21.1875,5e-324,18.9375,24.8125,17.625,,17.95833333,30.04166667,22.52173913,46.33333333,,,,,19.70833333,23.5,17.875,47.16666667,26.58333333,23.25,19.766946639999997,31.010030864444445
1018,2014-10-08,1.466701867511487,,4.498189478734808,,0.4791383176495391,,4.272949436217191,0.024271634650700133,,,12.393132702285031,,3.520893929205987,0.012682757994037978,8.453994896861262,0.15133962495643233,4.048432381331693,0.008079784744097145,1.6401105434506285,,6.859858577155572,,2.1750636206109037,,6.360742602871183,0.04084365565877481,6.202887591861813,0.02181168621160614,7.723580090014813,,5.529736760487868,,4.754081137588827,0.053053484943998426,31.5,27.75,28.81818182,33.94117647,,,31.58333333,0.0,34.6875,22.875,25.41666667,33.75,27.68181818,23.83333333,28.63636364,26.26086957,,,,,31.33333333,22.55,22.08333333,,35.33333333,24.94444444,29.707386362999994,23.98942486777778
1019,2014-10-09,1.0666922672810817,,6.247485387131679,,1.1978457941238478,,5.9163915270699565,0.07281490395210037,0.5019475565192949,,7.323214778622973,,4.465524007773447,0.012682757994037978,3.8427249531187564,,2.790135830377248,0.008079784744097145,1.6401105434506285,,7.957435949500465,0.04052469680968108,4.350127241221807,,4.70141844560044,,5.169072993218176,,5.851197037890012,0.03456601667034908,7.2127001223754785,,4.238308183982491,0.05330492326126855,20.13043478,29.52173913,18.66666667,,,,18.58333333,0.0,20.30434783,28.375,17.04166667,38.29166667,19.08333333,29.54166667,19.5,35.25,,,,,19.41666667,22.2173913,14.25,41.875,,,18.55293880888889,28.13405797125
1020,2014-10-10,0.9333557338709464,,5.997585971646413,,0.4791383176495391,,4.272949436217191,0.024271634650700133,,,8.82541268193025,,4.809025854525251,0.02536551598807596,11.015811532273764,,3.6654725614759927,0.01615956948819429,3.280221086901257,,7.957435949500465,,4.350127241221807,,4.4248644193886495,0.04084365565877481,3.9875705947683073,0.06543505863481841,8.659771616077219,0.03456601667034908,9.376510159088124,,4.866205692720638,0.04752184196405546,26.45833333,42.60869565,9.857142857000001,27.85714286,,,26.64583333,0.0,30.5625,,16.20833333,41.20833333,23.41666667,30.70833333,20.70833333,44.70833333,,,,,29.54166667,25.79166667,11.8,47.36842105,33.375,33.0,22.8573809517,32.583436246666665
1021,2014-10-11,2.0000480011520283,,8.496580126499081,,0.2395691588247696,,3.1225399726202547,0.04854326930140025,,,7.510989516536382,,2.9197656973903308,,6.91690491561376,,0.4376683655493722,,2.4601658151759427,,6.585464234069352,,2.9000848274812037,,5.807634550447602,,3.5445071953496066,0.02181168621160614,7.489532208499213,0.06913203334069816,2.8850800489501918,,3.3749491094675395,0.054562114847619234,14.29166667,44.625,15.41666667,49.0,,,19.625,5e-324,20.91666667,34.04347826,11.79166667,,20.52173913,36.34782609,24.13043478,52.26086957,,,,,22.27083333,41.45833333,,,22.57142857,35.25,19.059566943333337,36.62318840625
1022,2014-10-12,0.9333557338709464,,9.995976619410687,,0.7187074764743087,,3.6155725998760846,0.024271634650700133,0.5019475565192949,,9.952061109410707,,5.6677804714047575,,4.6112699437425055,,3.610764015782321,0.01615956948819429,1.6401105434506285,,7.134252920241798,0.08104939361936216,7.25021206870301,,4.14831039317686,,7.5320777901179135,,5.851197037890012,,4.087196736012772,,4.754081137588827,0.037841466749155284,,54.95833333,17.33333333,50.25,,,23.45833333,5e-324,24.83333333,57.75,12.79166667,62.41666667,21.04166667,40.70833333,21.875,52.375,,,,,25.47916667,44.79166667,21.14583333,73.95,26.66666667,56.58333333,21.625,49.378333333
1023,2014-10-13,0.8000192004608111,,8.996378957469616,,1.6769841117733868,,2.1364747181085955,0.04854326930140025,0.5019475565192949,,13.7075558676789,,5.238403162965005,0.03804827398211393,5.379814934366259,,5.197311840898795,0.008079784744097145,,,12.896534125052474,0.04052469680968108,2.9000848274812037,,7.743512733930137,,6.793638791086748,0.02181168621160614,7.489532208499213,0.06913203334069816,9.136086821675606,,5.695927400696046,0.05330492326126855,32.04166667,47.25,23.91666667,53.95833333,,,35.39583333,0.0,33.91666667,,23.08333333,47.79166667,33.33333333,33.91666667,31.04166667,46.95833333,,,,,40.0625,26.45833333,29.97916667,59.34782609,35.41666667,34.875,31.818750001,38.95068438
1024,2014-10-14,0.9333557338709464,,5.997585971646413,,,,4.272949436217191,0.024271634650700133,,,4.882143185748649,,6.011282318156563,0.012682757994037978,7.685449906237513,,2.4618845562152187,,0.4100276358626571,,10.426985037276474,0.08104939361936216,3.625106034351505,,6.360742602871183,,4.578321793993243,,9.59596314213962,0.03456601667034908,7.693546797200511,,4.473769749759296,0.06386533258661421,19.16666667,27.0,17.20833333,30.45454545,,,20.60416667,5e-324,24.95833333,23.81818182,11.20833333,28.34782609,19.04166667,22.04166667,16.45833333,32.0,,,,,22.1875,17.33333333,18.39583333,33.1,25.38095238,28.55,19.461011904,24.264555336
1025,2014-10-15,0.8000192004608111,,8.246680711013816,,0.7187074764743087,,5.259014690728852,0.024271634650700133,1.5058426695578846,,9.952061109410707,,6.268908703220418,0.02536551598807596,11.271993195815014,,3.22780419592662,,2.4601658151759427,,8.231830292586688,0.08104939361936216,2.9000848274812037,,3.318648314541487,,6.202887591861813,0.02181168621160614,5.3831012748588085,,7.453123459787995,,5.0904548029842625,0.05016194429539187,23.54166667,42.04166667,17.375,51.91666667,,,26.75,5e-324,26.875,30.25,14.29166667,36.39130435,23.5,32.08333333,22.54166667,46.45454545,,,,,28.54166667,28.33333333,18.6875,52.13043478,31.79166667,38.66666667,23.389583335000005,35.826795125
1026,2014-10-16,1.0666922672810817,,8.246680711013816,,1.1978457941238478,,4.765982063473022,0.07281490395210037,,,9.388736895670478,0.08319611370487084,5.925406856468612,0.012682757994037978,6.148359924990009,,3.22780419592662,0.02423935423229144,2.4601658151759427,,9.878196351104023,0.08104939361936216,,,4.70141844560044,,4.578321793993243,,9.127867379108418,0.06913203334069816,10.578626846150703,,5.045604980931537,0.057076498020320575,20.41666667,44.39130435,18.75,44.45833333,,,24.5,0.0,24.29166667,40.95454545,13.04166667,50.04166667,22.08333333,42.0,21.47826087,56.82608696,,,,,27.47916667,39.0,19.1875,63.29166667,27.33333333,40.375,21.856159421,42.133860342999995
1027,2014-10-17,0.8000192004608111,,8.74647954198435,,0.4791383176495391,,4.437293645302467,0.07281490395210037,1.0038951130385898,,10.703160061064343,,4.551399469461399,,8.197813233320014,,2.9542614674582626,0.008079784744097145,1.6401105434506285,,9.878196351104023,,3.625106034351505,0.1070767868555349,3.5952023407532776,,4.430633994187008,,5.14905339334321,,7.933970134613028,,4.6083192159174695,0.0565736213857803,20.04347826,41.095238099999996,15.41666667,49.70833333,,,25.54166667,5e-324,23.66666667,41.04545455,11.91666667,47.45833333,20.58333333,38.45833333,25.41666667,51.39130435,,,,,26.5,41.0,18.10416667,56.20833333,32.66666667,39.45833333,21.985597828000003,40.582366365000006
1028,2014-10-18,0.5333461336405407,,11.495373112322287,,0.2395691588247696,,2.793851554449702,0.024271634650700133,0.5019475565192949,,11.266484274804574,,5.753655933092711,0.02536551598807596,9.734903214567511,0.03783490623910808,2.680718738989905,,1.6401105434506285,,8.506224635672911,0.04052469680968108,4.350127241221807,,3.318648314541487,,3.69219499515584,0.02181168621160614,3.744766104249607,,3.125503386362708,,4.3728576501406655,0.05167057419901268,5.583333333,31.94444444,6.0,30.08333333,,,5.125,0.0,9.479166667000001,22.375,2.208333333,34.29166667,6.0,25.33333333,3.958333333,33.52173913,,,,,7.375,25.0,6.166666667,37.31818182,9.333333332999999,22.30434783,6.1229166666,26.217204655
1029,2014-10-19,0.6666826670506759,,9.246278372954883,,0.4791383176495391,,2.793851554449702,0.024271634650700133,0.5019475565192949,,10.703160061064343,,4.809025854525251,,6.91690491561376,,3.391929833007635,0.008079784744097145,0.8200552717253142,,8.231830292586688,0.04052469680968108,3.625106034351505,,3.5952023407532776,,3.3968193955433734,,5.617149156374412,0.06913203334069816,2.8850800489501918,,4.182245906416584,0.04903047186767626,11.31818182,,9.818181818,,,,9.340909091,0.0,16.70454545,,4.181818182,11.83333333,9.727272727,10.17391304,8.0,14.42105263,,,,,12.0,9.65,8.977272727,19.75,11.81818182,10.21052632,10.1886363635,10.862689331428571
1030,2014-10-20,0.9333557338709464,,8.246680711013816,,1.6769841117733868,,4.437293645302467,0.024271634650700133,,,10.890934798977757,,7.900542475291482,,12.040538186438766,,2.680718738989905,0.008079784744097145,4.510303994489229,,12.073351095793807,,4.350127241221807,,5.254526498024021,,6.645950991280513,0.08724674484642454,8.191675853046016,0.06913203334069816,7.933970134613028,,5.751989678261952,0.04689324617088012,9.625,,7.666666667,20.39130435,,,7.875,0.0,15.77083333,,3.416666667,18.52380952,8.5,12.54166667,5.208333333,20.904761899999997,,,,,10.91666667,13.80952381,7.041666667,21.16666667,10.66666667,10.05555556,8.6687500004,14.67416106
1031,2014-10-21,0.2666730668202704,,9.496177788440152,,,,4.930326272558297,0.04854326930140025,1.5058426695578846,,11.642033750631391,,6.268908703220418,0.02536551598807596,9.222539887485011,,2.680718738989905,0.008079784744097145,1.2300829075879711,,14.817294526656035,0.04052469680968108,6.5251908618327095,,4.4248644193886495,,5.464448592830643,0.04362337242321227,7.255484326983613,0.10369805001104723,0.9616933496500641,,5.011967614391994,0.06449392837978955,10.27272727,,8.416666667000001,25.5,,,9.958333332999999,0.0,15.25,26.53846154,4.291666667,22.69565217,11.875,15.08333333,9.875,23.10526316,,,,,12.25,22.86363636,11.125,27.27272727,14.29166667,17.15789474,10.7606060607,20.02410761888889
1032,2014-10-22,0.9333557338709464,,10.745674865866489,,0.4791383176495391,,3.286884181705532,0.07281490395210037,,,9.01318741984366,,7.385289705163776,0.02536551598807596,9.222539887485011,,2.790135830377248,0.008079784744097145,,,7.408647263328017,0.08104939361936216,8.700254482443611,,3.318648314541487,,4.430633994187008,,7.723580090014813,0.10369805001104723,0.24042333741251604,,4.574681849377926,0.05619646390987512,17.29166667,18.08695652,14.83333333,26.33333333,,,18.4375,5e-324,21.52083333,16.47058824,10.20833333,18.7,19.095238100000003,13.81818182,14.33333333,34.5,,,,,20.64583333,15.68181818,14.70833333,23.95652174,19.33333333,13.66666667,17.040773808,18.12140665
1033,2014-10-23,1.2000288006912163,,9.496177788440152,,1.1978457941238478,,5.423358899814127,0.024271634650700133,,,10.890934798977757,,5.410154086340908,,11.015811532273764,,2.8995529217645912,,,,9.055013321845355,0.04052469680968108,5.075148448092107,,6.637296629082974,,4.430633994187008,,5.851197037890012,,0.48084667482503207,,4.7428686820756445,0.05129341672310748,15.83333333,26.04347826,15.625,27.25,,,19.9375,5e-324,20.66666667,26.1,10.41666667,19.36363636,19.91666667,15.04166667,18.5,,,,,,19.97916667,20.91666667,18.27083333,23.61904762,23.41666667,16.39130435,18.256250001,19.413977770000002
1034,2014-10-24,0.8000192004608111,,6.247485387131679,,1.437414952948617,,5.0946704816435755,0.04854326930140025,0.5019475565192949,,8.63763794401684,0.027732037901623617,5.925406856468612,0.012682757994037978,9.734903214567511,,2.6260101932962336,0.02423935423229144,,,7.134252920241798,0.04052469680968108,3.625106034351505,,6.084188576659392,0.08168731131754962,6.055199792055577,0.04362337242321227,10.29810678668642,0.03456601667034908,9.376510159088124,0.14203037489810486,5.011967614391994,0.053179204102633486,16.75,24.60869565,16.0,33.20833333,,,21.83333333,0.0,24.16666667,23.57142857,12.79166667,21.04761905,22.08333333,16.04166667,20.625,,,,,,22.72916667,22.16666667,20.79166667,27.22222222,25.54166667,17.875,20.331250001000004,20.637959128888888
1035,2014-10-25,1.3333653341013518,,13.244669020719162,,0.7187074764743087,,0.16434420908527658,,,,9.764286371497297,,3.606769390893938,,6.6607232520725095,,3.282512741620292,0.01615956948819429,,,5.4878868617244585,,3.625106034351505,,6.084188576659392,,4.282946194380775,,4.212861867280808,0.06913203334069816,2.8850800489501918,0.07101518744905243,3.9579967961529614,0.05619646390987512,26.20833333,20.45833333,24.04166667,24.16666667,,,29.41666667,5e-324,31.72916667,21.86363636,18.45833333,26.54545455,26.16666667,18.5,24.83333333,,,,,,30.4375,20.04166667,24.70833333,25.2173913,28.29166667,18.08695652,26.429166666999997,19.43112282222222
1036,2014-10-26,1.2000288006912163,,13.744467851689693,,0.7187074764743087,,5.0946704816435755,,,,9.200962157757068,,6.354784164908367,0.03804827398211393,17.420353120805025,,2.571301647602562,,0.8200552717253142,,9.055013321845355,,5.075148448092107,,6.360742602871183,0.04084365565877481,5.169072993218176,,8.659771616077219,0.03456601667034908,1.6829633618876116,,5.3819786463269725,0.04437886299817877,32.81818182,41.0,29.81818182,37.33333333,,,35.79545455,0.0,34.97727273,38.95833333,22.81818182,43.0,31.13636364,29.45833333,33.45454545,38.95652174,,,,,35.83333333,32.375,29.18181818,43.70833333,44.61904762,36.40909091,33.045238096000006,34.119894597
1037,2014-10-27,1.8667114677418928,,8.246680711013816,,0.7187074764743087,,5.259014690728852,0.024271634650700133,1.0038951130385898,,16.89972641220686,,6.183033241532465,0.03804827398211393,10.503448205191264,,4.540809292574737,0.008079784744097145,3.690248722763914,,10.152590694190248,0.04052469680968108,5.075148448092107,,6.084188576659392,0.04084365565877481,8.122828989342848,0.02181168621160614,7.957627971530415,0.06913203334069816,11.780743533213284,,6.536861564184639,0.060345196144832323,38.54166667,54.70833333,29.91666667,61.54166667,,,42.41666667,0.0,43.14583333,53.13636364,24.83333333,49.08333333,35.16666667,47.0,39.79166667,63.95833333,,,,,44.125,49.66666667,33.66666667,66.54166667,49.25,45.5,38.085416668,49.113636364
1038,2014-10-28,1.0666922672810817,,9.496177788440152,,2.3956915882476957,,5.259014690728852,0.04854326930140025,,,12.95645691602526,,6.784161473348122,0.02536551598807596,8.197813233320014,,3.337221287313964,0.008079784744097145,1.6401105434506285,0.06055607940030736,9.603802008017805,,4.350127241221807,,6.084188576659392,,6.793638791086748,,6.553340682436812,,5.529736760487868,,5.527740567998331,0.07329426948424426,33.375,44.04166667,27.58333333,49.0,,,34.35416667,0.0,41.91666667,39.05263158,21.375,52.58333333,30.04166667,45.16666667,28.91666667,69.20833333,,,,,40.29166667,43.54166667,25.5625,74.0,43.66666667,46.39130435,32.708333335,46.298560259999995
1039,2014-10-29,1.466701867511487,,5.497787140675879,,0.4791383176495391,,5.587703108899404,0.04854326930140025,1.5058426695578846,,15.960852722639814,,7.728791551915581,0.012682757994037978,10.759629868732517,,3.720181107169663,0.008079784744097145,2.0501381793132856,,7.408647263328017,0.08104939361936216,5.800169654962407,,7.466958707718346,0.04084365565877481,5.021385193411943,0.02181168621160614,10.29810678668642,0.03456601667034908,8.895663484263087,,6.043513521604662,0.06197954520708821,29.29166667,48.66666667,24.41666667,52.95833333,,,31.39583333,0.0,32.72916667,,18.29166667,61.08333333,27.70833333,43.58333333,27.25,56.13043478,,,,,33.85416667,38.75,24.6875,73.78260870000001,39.0,40.66666667,28.862500000999994,46.180152978888884
1040,2014-10-30,2.0000480011520283,,9.995976619410687,,0.7187074764743087,,2.6295073453644253,,,,12.580907440198441,,6.955912396724023,0.012682757994037978,5.892178261448757,,2.7354272846835763,0.008079784744097145,5.7403869020772005,,8.506224635672911,0.04052469680968108,2.1750636206109037,,6.360742602871183,,3.3968193955433734,,7.723580090014813,0.03456601667034908,9.616933496500641,,5.180154447089712,0.0677626265043013,21.04166667,47.20833333,16.08333333,51.95833333,,,22.39583333,5e-324,24.89583333,31.47058824,11.79166667,52.34782609,21.04166667,48.95833333,20.20833333,68.375,,,,,24.66666667,50.29166667,19.95833333,74.5,25.83333333,52.5,20.791666666,47.761008099
1041,2014-10-31,0.6666826670506759,,8.246680711013816,,0.4791383176495391,,,,,,12.205357964371624,,7.986417936979432,0.012682757994037978,7.685449906237513,,2.680718738989905,0.02423935423229144,1.6401105434506285,,3.0183377739484523,,2.1750636206109037,,3.5952023407532776,0.08168731131754962,3.8398827949620737,0.04362337242321227,7.723580090014813,,,,4.114971173337499,0.05808225128940112,15.375,35.79166667,16.08333333,40.43478261,,,19.77083333,5e-324,21.375,34.58333333,12.75,31.85714286,19.08333333,27.16666667,17.54166667,41.95454545,,,,,20.625,28.5,18.9375,42.2,22.75,28.0,18.429166665999997,31.048813758999994
1042,2014-11-01,1.2000288006912163,,11.495373112322287,,0.7187074764743087,,,,1.0038951130385898,,9.01318741984366,,3.2632675441421344,,8.966358223943761,,1.9695076449721751,,2.8701934510386,,1.6463660585173376,0.04052469680968108,7.25021206870301,,6.084188576659392,0.04084365565877481,4.726009593799477,0.02181168621160614,7.957627971530415,0.03456601667034908,0.9616933496500641,,3.7225352303761565,0.04613893121906972,20.625,31.125,15.04166667,44.20833333,,,19.10416667,0.0,23.875,30.04166667,15.83333333,50.58333333,17.54166667,41.5,18.5,46.0,,,,,21.08333333,35.41666667,16.45833333,60.58333333,23.04166667,48.25,19.110416667000003,38.770833333
1043,2014-11-02,0.8000192004608111,,13.994367267174963,,0.2395691588247696,,1.4790978817674891,0.04854326930140025,,,12.580907440198441,,6.784161473348122,,9.222539887485011,,3.5013469243949777,0.008079784744097145,2.4601658151759427,,8.231830292586688,,5.075148448092107,,4.4248644193886495,,5.612136392636877,,1.404287289093603,,,,4.720443771049284,0.041738760666842366,33.73913043,40.36363636,,54.84615385,,,22.79166667,0.0,36.4375,36.58333333,,42.91666667,27.08333333,46.91666667,31.625,53.70833333,,,,,28.91666667,49.52173913,25.625,58.66666667,33.70833333,52.5,29.99082880375,43.602319601
1044,2014-11-03,0.6666826670506759,,11.995171943292826,,2.156122429422926,,4.765982063473022,0.024271634650700133,,,12.95645691602526,,10.648557249305913,,12.552901513521268,,6.346191300465898,0.008079784744097145,1.2300829075879711,,6.859858577155572,,6.5251908618327095,,6.637296629082974,0.04084365565877481,9.747394787211418,0.02181168621160614,12.404537720326823,0.06913203334069816,10.81905018356322,,7.557195015884124,0.05292776578536335,19.7826087,,15.875,28.65217391,,,15.45833333,0.0,23.27083333,26.66666667,,30.45,16.08333333,29.875,19.13043478,38.45454545,,,,,22.29166667,35.19047619,14.375,42.16666667,25.5,53.54166667,19.085245571111113,31.66635506222222
1045,2014-11-04,0.6666826670506759,,9.995976619410687,,1.6769841117733868,,6.2450799452405095,0.07281490395210037,0.5019475565192949,,8.63763794401684,,7.385289705163776,,10.503448205191264,,4.26726656410638,0.01615956948819429,1.2300829075879711,,6.0366755478969045,0.04052469680968108,4.350127241221807,,4.70141844560044,0.04084365565877481,6.055199792055577,,11.00025043123322,0.10369805001104723,1.4425400244750959,,5.426828468379698,0.08473471292003537,46.33333333,54.66666667,32.95454545,58.33333333,,,42.41666667,0.0,47.25,48.54166667,33.95833333,56.95833333,39.0,53.52173913,39.125,60.41666667,,,,,50.22916667,54.08333333,35.4375,82.73913043,45.45833333,72.41666667,41.216287878,54.167753622999996
1046,2014-11-05,0.6666826670506759,,10.995574281351757,,1.1978457941238478,,4.272949436217191,0.07281490395210037,0.5019475565192949,,7.698764254449793,0.027732037901623617,7.64291609022763,,12.040538186438766,,4.7596434753494234,0.02423935423229144,4.920331630351885,0.06055607940030736,11.524562409621366,,2.1750636206109037,,4.977972471812231,,6.498263191474277,0.02181168621160614,11.00025043123322,,8.41481680943806,,6.122000710196932,0.0608480727793726,45.29166667,30.5,45.875,38.33333333,,,46.0625,0.0,52.1875,23.34782609,43.20833333,,42.875,29.09090909,44.83333333,38.125,,,,,47.16666667,28.84210526,42.41666667,45.875,40.66666667,30.15,45.058333334,29.362685974444446
1047,2014-11-06,0.9333557338709464,,8.496580126499081,,1.437414952948617,,4.272949436217191,0.04854326930140025,1.5058426695578846,,14.270880081419127,0.055464075803247234,6.870036935036072,,8.966358223943761,0.1891745311955404,4.486100746881067,0.008079784744097145,3.280221086901257,,17.286843614432044,0.04052469680968108,6.5251908618327095,,8.020066760141928,0.08168731131754962,7.089014390699212,0.02181168621160614,9.83001102365522,0.06913203334069816,12.742436882863348,0.035507593724526214,6.7386857634218975,0.06864266061474678,37.04347826,33.0,29.69565217,45.79166667,,,32.625,0.0,36.6875,26.6875,27.91304348,36.27272727,31.16666667,26.125,31.66666667,32.26086957,,,,,39.875,30.04347826,30.31818182,43.18181818,35.70833333,25.56521739,33.269952239999995,29.892827734
1048,2014-11-07,0.8000192004608111,,9.246278372954883,,,,5.587703108899404,0.024271634650700133,,,8.82541268193025,0.08319611370487084,6.698286011660169,,5.379814934366259,,2.4071760105215474,0.008079784744097145,2.0501381793132856,,12.347745438880036,,4.350127241221807,,6.360742602871183,0.04084365565877481,9.304331387792717,,10.06405890517082,0.06913203334069816,8.174393472025544,,5.44925337940606,0.07555721433967548,30.5,40.0,26.75,51.79166667,,,29.27083333,5e-324,35.10416667,35.29166667,26.79166667,,26.08333333,32.54166667,30.61904762,45.82608696,,,,,32.41666667,30.5,28.29166667,52.66666667,37.91666667,30.20833333,30.374404763,35.425120774444444
1049,2014-11-08,1.6000384009216222,,12.994769605233893,,0.2395691588247696,,1.4790978817674891,0.024271634650700133,0.5019475565192949,,8.262088468190019,,6.440659626596317,,8.966358223943761,,2.8995529217645912,0.01615956948819429,2.8701934510386,0.06055607940030736,8.231830292586688,,2.9000848274812037,,4.4248644193886495,0.08168731131754962,3.5445071953496066,,5.617149156374412,0.06913203334069816,4.087196736012772,0.035507593724526214,4.529832027325202,0.061099511096642724,23.625,22.0,15.40909091,,,,22.58333333,5e-324,28.89583333,17.22916667,17.73913043,24.95652174,18.58333333,23.75,17.29166667,28.91666667,,,,,24.0625,20.33333333,16.70833333,,31.91304348,31.0,21.681126481,21.02321105125
1050,2014-11-09,1.0666922672810817,,13.744467851689693,,0.4791383176495391,,0.8217210454263828,,1.5058426695578846,,6.3843410890559245,,7.900542475291482,,16.139444803098772,,2.8448443760709194,0.008079784744097145,2.4601658151759427,,8.506224635672911,,4.350127241221807,,4.977972471812231,0.08168731131754962,7.236702190505446,0.02181168621160614,6.0852449194056115,0.06913203334069816,4.3276200734252885,,5.2474291801687984,0.05079054008856721,29.95454545,22.28571429,20.33333333,,,,24.08333333,0.0,,25.75,20.04166667,36.52173913,21.04166667,26.0,23.125,44.82608696,,,,,25.5625,17.18181818,18.33333333,37.91666667,35.25,,24.191708753333337,26.310253153749997
1051,2014-11-10,1.6000384009216222,,7.247083049072748,,1.6769841117733868,,3.779916808961361,0.024271634650700133,2.509737782596474,,10.139835847324118,,6.955912396724023,,11.015811532273764,,3.391929833007635,0.008079784744097145,2.8701934510386,0.06055607940030736,11.798956752707586,0.04052469680968108,6.5251908618327095,,9.955944943624461,,7.3843899903116785,0.02181168621160614,8.893819497592819,,11.540320195800767,,6.133213165710112,0.05883656624121152,34.04166667,51.45833333,28.08333333,47.79166667,,,38.0625,0.0,35.14583333,,23.125,57.08333333,31.75,34.25,29.75,59.54166667,,,,,39.52083333,27.75,28.95833333,61.04166667,41.375,35.95454545,32.98124999899999,41.65235690222222
1052,2014-11-11,1.3333653341013518,,11.745272527807556,,0.9582766352990782,,4.272949436217191,,2.00779022607718,,10.139835847324118,,6.526535088284269,,10.503448205191264,,2.9542614674582626,0.040398923720485716,1.2300829075879711,,21.67715310381161,0.1215740904290432,2.9000848274812037,,6.637296629082974,,6.202887591861813,0.02181168621160614,10.06405890517082,,9.136086821675606,,6.1556380767364764,0.06876837977338184,16.33333333,,14.70833333,40.25,,,21.21527778,0.0,14.89583333,26.69565217,13.70833333,,24.17391304,36.69565217,18.54545455,42.95238095,,,,,22.27083333,29.5,20.41666667,,26.91666667,31.38095238,19.318464536,29.639233952857143
1053,2014-11-12,1.8667114677418928,0.019692179253133223,7.746881880043283,,0.7187074764743087,,3.9442610180466375,,0.5019475565192949,,10.515385323150936,,8.50167070710714,,6.404541588531259,0.03783490623910808,3.774889652863336,0.008079784744097145,1.6401105434506285,,12.622139781966254,0.24314818085808645,5.075148448092107,,8.296620786353719,0.12253096697632446,5.759824192443111,0.02181168621160614,6.319292800921213,0.03456601667034908,8.655240146850575,,5.729564767235591,0.06901981809065197,,55.09090909,11.125,65.95833333,,,17.45833333,0.0,20.45833333,61.70833333,9.666666667000001,76.375,16.66666667,56.90909091,16.79166667,64.125,,,,,19.02083333,56.375,14.79166667,87.90476190000001,21.70833333,62.08333333,16.409722221888885,58.65297618899999
1054,2014-11-13,1.3333653341013518,,9.246278372954883,,0.7187074764743087,,1.8077862999380423,,,,10.703160061064343,,7.385289705163776,,11.784356522897514,,3.5560554700886486,0.008079784744097145,1.6401105434506285,,21.951547446897834,0.1215740904290432,2.9000848274812037,,6.913850655294765,0.08168731131754962,6.055199792055577,,7.255484326983613,,6.010583435312897,,5.886539144420128,0.06424249006251942,15.0,,15.04166667,51.58333333,,,19.57638889,0.0,17.72916667,47.82608696,11.08333333,,20.34782609,34.81818182,21.08333333,60.875,,,,,18.85416667,38.63157895,21.04166667,,24.45833333,35.0,18.421588164999996,38.39059729428571
1055,2014-11-14,1.6000384009216222,,3.9983906477642734,,0.9582766352990782,,4.108605227131913,,,,13.895330605592306,0.055464075803247234,3.864395775957792,,6.6607232520725095,0.07566981247821616,3.173095650232949,0.01615956948819429,3.280221086901257,,8.506224635672911,0.04052469680968108,5.075148448092107,,6.084188576659392,,6.055199792055577,,6.553340682436812,0.03456601667034908,8.41481680943806,,4.843780781694276,0.06600255828341035,23.16666667,52.41666667,22.58333333,65.125,,,27.79166667,0.0,23.77083333,62.875,16.41666667,,24.0,34.95833333,24.54166667,46.91666667,,,,,27.39583333,37.217391299999996,20.375,,30.75,40.75,24.079166667000003,42.53238224625
1056,2014-11-15,0.8000192004608111,,12.994769605233893,,0.2395691588247696,,,,,,11.642033750631391,0.027732037901623617,6.354784164908367,,11.528174859356264,,3.0636785588456057,0.008079784744097145,2.4601658151759427,,3.292732117034676,,6.5251908618327095,,6.913850655294765,,4.430633994187008,,8.893819497592819,0.03456601667034908,2.40423337412516,,4.776506048615189,0.0543106765303491,19.41666667,62.33333333,22.29166667,60.20833333,,,27.23611111,5e-324,23.9375,40.875,17.91666667,,27.04166667,43.25,29.625,53.5,,,,,26.20833333,43.25,25.66666667,71.5,35.79166667,34.29166667,25.513194446,45.467592592222225
1057,2014-11-16,0.5333461336405407,,14.494166098145495,,0.9582766352990782,,1.8077862999380423,,,,13.519781129765489,0.027732037901623617,7.55704062853968,,11.784356522897514,,2.2430503734405334,0.01615956948819429,0.8200552717253142,,2.4695490877760062,,7.975233275573308,,4.4248644193886495,,5.612136392636877,,7.957627971530415,,0.7212700122375479,,4.899843059260181,0.053556361578538686,26.45454545,34.08695652,28.59090909,38.04166667,,,29.59090909,5e-324,27.79545455,30.04166667,21.5,,30.33333333,32.91304348,30.95238095,38.82608696,,,,,27.08333333,24.08333333,25.68181818,55.217391299999996,34.27272727,29.05,28.225541123999996,31.36223832555556
1058,2014-11-17,1.2000288006912163,,12.245071358778093,,1.1978457941238478,,2.1364747181085955,,,,10.515385323150936,,6.955912396724023,,12.296719849980018,,3.720181107169663,0.01615956948819429,2.0501381793132856,,12.347745438880036,0.04052469680968108,3.625106034351505,,7.743512733930137,0.12253096697632446,5.021385193411943,,7.723580090014813,0.10369805001104723,2.40423337412516,,5.482890745945604,0.054939272323524434,19.875,20.29166667,22.91666667,33.782608700000004,,,23.59722222,0.0,25.16666667,19.58333333,14.83333333,,22.83333333,26.29166667,23.45833333,35.29166667,,,,,25.20833333,24.45,18.125,35.375,29.33333333,29.57142857,22.534722221,24.959707845555556
1059,2014-11-18,1.2000288006912163,,19.99195323882137,,0.7187074764743087,,2.4651631362791484,,1.5058426695578846,,11.642033750631391,,8.50167070710714,,16.395626466640028,,5.197311840898795,0.008079784744097145,,,10.426985037276474,0.04052469680968108,5.800169654962407,,4.70141844560044,,10.928897185661286,0.08724674484642454,9.361915260624018,0.06913203334069816,9.857356833913157,,7.265671172541412,0.06147666857254794,7.842105263,,5.263157895,51.375,,,14.34722222,5e-324,16.52083333,30.88888889,9.083333332999999,,16.16666667,29.20833333,15.95833333,44.63636364,,,,,17.20833333,32.38095238,14.25,47.69565217,21.83333333,,13.847331870100001,33.74074148714286
1060,2014-11-19,0.9333557338709464,,3.9983906477642734,,,,3.6155725998760846,,,,11.454259012717984,0.027732037901623617,7.299414243475827,,13.065264840603767,,3.720181107169663,0.01615956948819429,,,7.957435949500465,0.04052469680968108,4.350127241221807,,8.849728838777299,0.04084365565877481,5.31676079302441,0.06543505863481841,7.255484326983613,0.03456601667034908,5.529736760487868,,5.236216724655618,0.08146601479552364,19.70833333,46.0,23.79166667,55.625,,,24.88194444,0.0,21.5,44.20833333,16.20833333,,25.54166667,47.91666667,24.625,63.79166667,,,,,25.41666667,40.56521739,22.70833333,79.16666667,29.66666667,43.30434783,23.404861110999995,46.73087761777777
1061,2014-11-20,1.7333749343317573,,8.496580126499081,,0.2395691588247696,,2.6295073453644253,,1.5058426695578846,,11.454259012717984,,5.152527701277054,,6.91690491561376,,2.8995529217645912,0.02423935423229144,,,5.213492518638237,,5.800169654962407,,9.679390917412672,0.04084365565877481,7.3843899903116785,0.10905843105803067,8.191675853046016,0.1728300833517454,0.9616933496500641,,4.698018860022921,0.05871084708257645,10.5,42.16666667,8.916666667000001,47.66666667,,,13.5,0.0,12.83333333,41.625,7.75,,4.444444444,30.33333333,14.83333333,48.45833333,,,,,15.0,30.75,13.75,56.45833333,24.95833333,40.66666667,12.648611110100001,37.56944444444444
1062,2014-11-21,1.2000288006912163,,10.745674865866489,,0.9582766352990782,,5.587703108899404,,1.5058426695578846,,12.393132702285031,,7.8146670136035326,,9.734903214567511,,4.5955178382684085,0.01615956948819429,,,6.585464234069352,,2.9000848274812037,,7.466958707718346,0.04084365565877481,3.5445071953496066,,11.468346194264422,0.03456601667034908,,,5.606227756590596,0.052676327468093226,7.583333333,42.54166667,9.958333332999999,59.20833333,,,10.36111111,0.0,12.64583333,35.54166667,6.75,,,39.20833333,14.58333333,60.54166667,,,,,10.70833333,47.0,10.95833333,69.30434783,23.125,42.41666667,11.852623455111111,43.97363124111111
1063,2014-11-22,0.6666826670506759,,10.995574281351757,,0.9582766352990782,,1.6434420908527656,,0.5019475565192949,,9.01318741984366,,5.066652239589104,,7.685449906237513,,3.9937238356380216,0.008079784744097145,0.4100276358626571,,0.8231830292586688,,4.350127241221807,,3.0420942883296966,,6.498263191474277,,6.319292800921213,,0.24042333741251604,,4.114971173337499,0.06285957931753368,13.95833333,29.90909091,14.625,42.375,,,18.50694444,0.0,15.75,30.41666667,11.29166667,,,33.29166667,19.56521739,54.52173913,,,,,18.66666667,32.7826087,15.35416667,57.875,26.79166667,32.47368421,17.167740204444446,34.84949514333333
1064,2014-11-23,0.9333557338709464,,12.744870189748626,,1.1978457941238478,,1.3147536726822129,,0.5019475565192949,,10.515385323150936,,7.900542475291482,,5.892178261448757,,3.0089700131519344,0.01615956948819429,,,3.5671264601208983,,3.625106034351505,,2.4889862359061152,,6.202887591861813,,6.787388563952413,0.03456601667034908,0.48084667482503207,,4.462557294246115,0.04613893121906972,24.72727273,23.65217391,25.77272727,29.41666667,,,28.13636364,5e-324,31.0,16.44444444,20.77272727,,,19.21428571,28.72727273,36.217391299999996,,,,,26.27083333,33.83333333,21.15909091,41.25,31.22727273,28.0,26.421506734444446,25.336477262222225
1065,2014-11-24,0.9333557338709464,,6.247485387131679,,0.2395691588247696,,1.3147536726822129,,0.5019475565192949,,10.703160061064343,0.055464075803247234,8.58754616879509,,18.957443102052526,,4.431392201187394,,,,9.878196351104023,0.04052469680968108,7.975233275573308,,5.254526498024021,,5.31676079302441,0.02181168621160614,10.766202549717619,0.03456601667034908,6.972276784962963,0.07101518744905243,5.953813877499214,0.0500362251367568,17.29166667,33.0,15.83333333,62.33333333,,,18.59027778,5e-324,24.20833333,31.33333333,10.09090909,,,,14.61904762,40.92857143,,,,,23.85416667,31.9,14.3125,49.86363636,23.66666667,30.81818182,18.051877906666668,35.022132033750005
1066,2014-11-25,2.0000480011520283,,13.994367267174963,,1.1978457941238478,,3.779916808961361,,0.5019475565192949,,10.703160061064343,0.055464075803247234,7.64291609022763,,12.296719849980018,,3.4466383787013064,0.02423935423229144,,,7.957435949500465,0.04052469680968108,5.075148448092107,,10.509052996048043,0.04084365565877481,4.430633994187008,0.13087011726963682,9.127867379108418,0.03456601667034908,7.933970134613028,0.035507593724526214,5.976238788525577,0.06675687323522078,14.58333333,42.17391304,15.08333333,63.25,,,20.93055556,0.0,18.41666667,30.65,12.33333333,,19.79166667,38.33333333,21.625,,,,,,22.70833333,41.94736842,18.35416667,69.27272727,28.54545455,33.66666667,19.237184343999996,39.91175109125
1067,2014-11-26,1.466701867511487,,10.245876034895954,,1.1978457941238478,,3.779916808961361,,,,10.327610585237526,,8.845172553858943,,6.91690491561376,,5.306728932286139,0.01615956948819429,2.4601658151759427,,4.66470383246579,,2.1750636206109037,,9.12628286498909,0.12253096697632446,5.021385193411943,0.02181168621160614,9.361915260624018,0.03456601667034908,7.2127001223754785,0.035507593724526214,5.886539144420128,0.0670083115524909,20.25,36.60869565,16.41666667,43.25,,,21.31944444,5e-324,31.625,,14.20833333,,19.0,32.70833333,19.29166667,46.095238099999996,,,,,24.4375,,18.10416667,54.79166667,21.35,36.57142857,20.600277778,35.71790890285714
1068,2014-11-27,1.2000288006912163,,7.496982464558015,,0.4791383176495391,,3.6155725998760846,,,,12.393132702285031,0.08319611370487084,7.041787858411974,,7.685449906237513,,3.774889652863336,0.02423935423229144,3.280221086901257,,7.683041606414242,0.1215740904290432,5.800169654962407,,7.466958707718346,0.04084365565877481,5.907511992249344,,8.191675853046016,0.06913203334069816,6.491430110137931,0.035507593724526214,5.415616012866516,0.06600255828341035,20.95833333,37.91666667,14.41666667,45.91666667,,,18.38888889,0.0,28.29166667,28.4,,,17.625,36.58333333,14.58333333,59.20833333,,,,,23.66666667,,14.5625,62.375,21.33333333,41.83333333,19.314043209999998,39.02916666625
1069,2014-11-28,0.8000192004608111,,15.493763760086566,,0.9582766352990782,,2.4651631362791484,,1.0038951130385898,,12.017583226458216,0.055464075803247234,8.158168860355335,,8.197813233320014,,2.7354272846835763,0.02423935423229144,4.100276358626571,0.18166823820092207,6.859858577155572,,1.4500424137406018,0.1070767868555349,8.020066760141928,,7.6797655899241475,0.02181168621160614,8.191675853046016,0.06913203334069816,6.491430110137931,0.035507593724526214,5.71835231172241,0.060722353620737524,19.16666667,71.70833333,18.75,64.16666667,,,21.73611111,0.0,20.08333333,68.33333333,12.375,,19.33333333,50.375,11.68421053,72.54166667,,,,,25.85416667,,17.10416667,79.33333333,27.125,62.83333333,19.321198831,58.661458332500004
1070,2014-11-29,0.9333557338709464,,10.995574281351757,,0.9582766352990782,,2.300818927193872,,,,12.95645691602526,,6.354784164908367,,7.429268242696263,,2.8995529217645912,0.01615956948819429,1.6401105434506285,,6.311069890983127,0.08104939361936216,5.075148448092107,,3.5952023407532776,,5.31676079302441,0.06543505863481841,10.53215466820202,,1.4425400244750959,,4.798930959641551,0.06411677090388435,27.79166667,81.78260870000001,25.95833333,81.375,,,32.13888889,0.0,34.39583333,81.125,19.7,,27.20833333,59.33333333,27.79166667,78.75,,,,,35.625,74.04166667,25.91666667,86.5,36.33333333,64.625,29.285972221999998,67.50362318888888
1071,2014-11-30,1.466701867511487,,15.243864344601295,,2.874829905897234,,2.9581957635349783,,1.0038951130385898,,9.200962157757068,,7.55704062853968,,15.370899812475026,0.07566981247821616,2.790135830377248,,0.4100276358626571,,3.5671264601208983,,4.350127241221807,,4.977972471812231,,6.498263191474277,0.08724674484642454,5.851197037890012,0.03456601667034908,0.48084667482503207,,5.1689419915765304,0.05380779989580882,34.5,57.04166667,31.13636364,59.20833333,,,38.06060606,0.0,44.04545455,57.33333333,24.72727273,,33.72727273,56.45833333,36.54545455,80.20833333,,,,,40.3125,61.95833333,32.61363636,86.95833333,49.0,60.8125,36.466856062,57.77546296111112
1072,2014-12-01,2.133384534562163,,9.746077203925418,,0.9582766352990782,,4.601637854387744,,,,13.895330605592306,,9.102798938922797,,16.651808130181273,0.03783490623910808,3.22780419592662,0.008079784744097145,2.0501381793132856,,9.878196351104023,,4.350127241221807,,6.637296629082974,,7.236702190505446,0.02181168621160614,8.659771616077219,,6.491430110137931,0.035507593724526214,6.4471619200791865,0.05795653213076605,19.70833333,26.13636364,19.58333333,34.54166667,,,22.85416667,0.0,27.54166667,21.91666667,20.125,35.83333333,20.75,36.66666667,22.76190476,38.57142857,,,,,23.0,37.04166667,18.39583333,40.125,27.625,33.54166667,22.234523809,30.437445888999996
1073,2014-12-02,0.8000192004608111,,9.746077203925418,,2.635260747072465,,6.4094241543257855,,,,13.895330605592306,0.027732037901623617,7.900542475291482,,9.734903214567511,,4.26726656410638,0.008079784744097145,1.6401105434506285,,8.231830292586688,0.04052469680968108,7.975233275573308,,10.232498969836252,0.16337462263509925,4.578321793993243,0.04362337242321227,8.191675853046016,0.03456601667034908,8.41481680943806,,6.278975087381468,0.07228851621516373,33.36842105,46.95833333,,,,,24.875,0.0,40.83333333,36.0,,50.54166667,26.625,50.70833333,31.79166667,61.79166667,,,,,38.72916667,41.47619048,25.54166667,64.20833333,37.375,45.875,32.39240679875,44.17328042333334
1074,2014-12-03,0.9333557338709464,,8.246680711013816,,1.1978457941238478,,5.259014690728852,,0.5019475565192949,,13.895330605592306,,7.385289705163776,,11.528174859356264,,6.674442574627928,0.008079784744097145,0.4100276358626571,,10.152590694190248,0.04052469680968108,5.075148448092107,,5.531080524235811,,5.759824192443111,0.02181168621160614,7.255484326983613,0.03456601667034908,7.693546797200511,0.035507593724526214,6.413524553539642,0.07040272883563771,44.15789474,36.0,30.70833333,65.66666667,,,27.875,5e-324,45.5625,57.6875,,57.125,29.95833333,47.79166667,30.875,62.25,,,,,35.77083333,57.90909091,30.9375,73.29166667,32.91304348,63.45454545,34.306493134444445,52.117613637
1075,2014-12-04,1.3333653341013518,,12.494970774263358,,1.9165532705981565,,4.437293645302467,,1.5058426695578846,,13.895330605592306,0.11092815160649447,6.354784164908367,,14.602354821851273,,3.774889652863336,0.008079784744097145,1.6401105434506285,,8.780618978759135,,5.075148448092107,,7.190404681506555,,7.6797655899241475,0.04362337242321227,2.3404788151560045,,4.3276200734252885,0.07101518744905243,5.841689322367403,0.07191135873925852,49.91666667,52.58333333,,,,,47.0625,0.0,55.8125,46.89583333,35.79166667,54.41666667,40.79166667,58.70833333,46.83333333,75.75,,,,,56.79166667,57.375,37.6875,75.95833333,53.79166667,72.45833333,47.16435185333333,54.90509259111112
1076,2014-12-05,0.5333461336405407,,8.74647954198435,,1.1978457941238478,,4.437293645302467,,1.0038951130385898,,6.572115826969335,,7.55704062853968,,12.809083177062519,,2.9542614674582626,0.008079784744097145,0.4100276358626571,,8.231830292586688,0.04052469680968108,3.625106034351505,,7.190404681506555,0.08168731131754962,5.464448592830643,0.02181168621160614,8.659771616077219,0.03456601667034908,1.20211668706258,,4.944692881312906,0.06549968164887009,44.91666667,36.58333333,40.95833333,45.68181818,,,46.125,0.0,50.22916667,41.66666667,29.6,21.0,,21.0,41.77272727,36.6,,,,,50.95833333,31.65,40.39130435,50.66666667,45.70833333,,43.40665166111111,31.649831650000003
1077,2014-12-06,0.9333557338709464,,15.74366317557183,,0.4791383176495391,,,,1.0038951130385898,,4.882143185748649,,5.066652239589104,,9.222539887485011,,4.321975109800052,0.008079784744097145,2.8701934510386,,5.4878868617244585,0.04052469680968108,6.5251908618327095,0.2141535737110698,6.637296629082974,0.08168731131754962,4.430633994187008,,8.893819497592819,0.03456601667034908,0.24042333741251604,,4.518619571812022,0.05544214895806469,54.22727273,48.39130435,48.86363636,56.08695652,,,51.33333333,0.0,53.35416667,36.02083333,45.875,50.125,44.79166667,36.39130435,44.72727273,37.43478261,,,,,55.47916667,32.40909091,43.08333333,50.28571429,48.86956522,34.15,49.060441371,38.129498636
1078,2014-12-07,1.7333749343317573,,17.74285849945397,,0.7187074764743087,,,,,,4.694368447835239,,6.784161473348122,,8.710176560402513,,1.641256370810146,,3.280221086901257,,4.390309489379567,0.08104939361936216,6.5251908618327095,,3.5952023407532776,,7.236702190505446,0.02181168621160614,10.766202549717619,0.03456601667034908,0.9616933496500641,,4.484982205272479,0.05066482092993214,34.54166667,29.52173913,32.91666667,30.83333333,,,34.29166667,0.0,38.625,25.89583333,29.875,,29.45833333,23.79166667,30.75,25.45833333,,,,,37.875,19.43478261,31.02083333,35.625,38.54166667,24.91666667,33.789583334,23.941928341111108
1079,2014-12-08,1.0666922672810817,,11.745272527807556,,1.9165532705981565,,4.437293645302467,,,,14.646429557245948,,7.471165166851728,,11.784356522897514,,4.704934929655751,0.008079784744097145,4.100276358626571,,20.57957573146672,0.08104939361936216,6.5251908618327095,,9.12628286498909,,12.996526382948554,0.02181168621160614,6.787388563952413,,9.136086821675606,,7.501132738318219,0.050287663454026944,22.13333333,15.35714286,10.70833333,30.55,,,15.09722222,5e-324,22.41666667,15.5625,12.61904762,24.95238095,14.79166667,19.70833333,13.625,25.91666667,,,,,15.95833333,15.68181818,10.20833333,,16.55,25.71428571,15.410793649999999,19.27145863333333
1080,2014-12-09,1.466701867511487,,14.494166098145495,,1.437414952948617,,4.108605227131913,,1.0038951130385898,,12.768682178111849,,9.016923477234846,,9.222539887485011,0.15133962495643233,5.36143747797981,0.02423935423229144,2.4601658151759427,,10.426985037276474,0.1215740904290432,5.075148448092107,0.1070767868555349,8.020066760141928,,5.612136392636877,0.02181168621160614,7.723580090014813,0.03456601667034908,10.09778017132567,0.035507593724526214,6.74989821893508,0.08410611712686006,28.08333333,25.83333333,21.04166667,,,,25.65972222,5e-324,,23.69565217,23.09090909,32.42857143,24.58333333,29.41666667,23.125,32.65217391,,,,,26.97916667,16.13043478,19.33333333,36.27272727,32.625,20.39130435,24.946829404444443,24.09120710111111
1081,2014-12-10,2.5333941347925686,,13.244669020719162,,0.7187074764743087,,2.9581957635349783,,0.5019475565192949,,11.829808488544804,,7.728791551915581,,16.395626466640028,,3.610764015782321,0.008079784744097145,1.2300829075879711,,11.250168066535142,0.04052469680968108,5.075148448092107,,7.743512733930137,,3.3968193955433734,0.06543505863481841,9.59596314213962,0.03456601667034908,5.289313423075352,,6.077150888144207,0.07568293349831055,22.63636364,27.3,21.95454545,40.08333333,,,28.36363636,0.0,24.63636364,,15.77272727,45.375,23.68181818,32.91666667,24.36363636,43.625,,,,,26.89583333,22.095238100000003,21.0,53.41666667,28.95454545,28.23809524,23.825946968,32.56111111222222
1082,2014-12-11,1.466701867511487,,10.995574281351757,,0.7187074764743087,,4.437293645302467,,,,10.890934798977757,,6.183033241532465,,8.197813233320014,0.03783490623910808,5.197311840898795,0.008079784744097145,4.920331630351885,,10.152590694190248,,4.350127241221807,,9.955944943624461,,5.759824192443111,0.02181168621160614,7.255484326983613,0.03456601667034908,5.7701600979003835,0.07101518744905243,5.908964055446489,0.0681397839802065,11.5,,12.58333333,39.5,,,12.84722222,0.0,11.60416667,23.25,6.142857143,,14.33333333,26.82608696,14.29166667,37.21052632,,,,,12.9375,28.57894737,14.33333333,,18.82608696,26.16666667,12.939949965300002,25.933175331428572
1083,2014-12-12,2.666730668202704,,8.246680711013816,,1.437414952948617,,3.6155725998760846,,0.5019475565192949,,13.332006391852081,,6.0971577798445145,,12.040538186438766,,3.0089700131519344,,1.6401105434506285,,8.780618978759135,,1.4500424137406018,,5.531080524235811,0.08168731131754962,6.498263191474277,0.04362337242321227,9.127867379108418,,4.3276200734252885,,5.43804092389288,0.0662539966006805,,74.41666667,13.75,60.04761905,,,10.84027778,5e-324,15.29166667,70.41666667,7.625,78.91666667,15.125,55.45833333,16.13043478,69.56521739,,,,,12.9375,61.16666667,16.27083333,83.16666667,21.41666667,63.08333333,14.37637547,61.623783645
1084,2014-12-13,1.7333749343317573,,12.744870189748626,,0.7187074764743087,,,,,,14.083105343505714,,7.986417936979432,,6.148359924990009,,2.7354272846835763,,3.280221086901257,,2.195154744689784,,5.075148448092107,,6.360742602871183,0.08168731131754962,5.31676079302441,,9.83001102365522,0.03456601667034908,2.644656711537676,,4.97833024785245,0.060973791938007664,,61.91666667,15.91666667,60.83333333,,,24.91666667,0.0,18.66666667,64.66666667,14.16666667,63.20833333,23.16666667,46.375,26.0,62.25,,,,,23.4375,46.58333333,23.79166667,65.95833333,29.83333333,50.08333333,22.21064815,52.18749999900001
1085,2014-12-14,1.3333653341013518,,17.243059668483433,,2.156122429422926,,3.286884181705532,,0.5019475565192949,,13.7075558676789,,7.900542475291482,,9.478721551026263,,6.6197340289342534,,1.6401105434506285,,3.292732117034676,,6.5251908618327095,,6.637296629082974,,5.021385193411943,,20.59621357337284,0.03456601667034908,1.20211668706258,,6.8171729520141655,0.05581930643396992,,37.29166667,20.18181818,51.33333333,,,22.98484848,0.0,27.09090909,37.54166667,13.77272727,59.04166667,22.13636364,45.75,24.40909091,64.58333333,,,,,23.04166667,38.70833333,20.27272727,64.375,30.5,38.69565217,22.710016834444442,43.732065217
1086,2014-12-15,0.6666826670506759,,13.744467851689693,,0.4791383176495391,,4.437293645302467,,2.00779022607718,,12.95645691602526,0.027732037901623617,10.648557249305913,,10.759629868732517,,1.5865478251164744,0.008079784744097145,3.280221086901257,,9.878196351104023,0.08104939361936216,6.5251908618327095,,11.338715074683414,0.04084365565877481,10.042770386823886,0.02181168621160614,4.680957630312009,,4.3276200734252885,,6.245337720841925,0.07643724845012094,,49.45833333,22.45833333,48.16666667,,,25.22222222,0.0,27.08333333,51.08333333,16.70833333,58.5,23.83333333,42.125,26.95833333,56.41666667,,,,,27.45833333,44.20833333,22.64583333,65.83333333,28.83333333,45.66666667,24.57793209555555,46.145833333
1087,2014-12-16,1.7333749343317573,,9.995976619410687,,0.4791383176495391,,2.4651631362791484,,1.0038951130385898,,14.834204295159356,0.1386601895081181,9.6180517090505,,13.065264840603767,,4.1031409270253665,,1.6401105434506285,,5.4878868617244585,0.1215740904290432,7.25021206870301,,10.232498969836252,,7.3843899903116785,,12.638585601842426,0.03456601667034908,3.8467733986002566,,6.5032241976450935,0.07002557135973253,,51.29166667,21.1,62.20833333,,,22.36111111,0.0,21.25,52.70833333,11.05263158,60.04166667,20.08333333,44.45833333,21.70833333,63.58333333,,,,,25.04166667,43.29166667,19.29166667,71.0,23.625,51.375,20.61263807666667,49.995833333
1088,2014-12-17,2.2667210679722984,,10.745674865866489,,0.7187074764743087,,2.9581957635349783,,1.0038951130385898,,11.454259012717984,0.027732037901623617,10.39093086424206,,12.040538186438766,0.03783490623910808,3.774889652863336,,1.6401105434506285,,5.4878868617244585,,2.9000848274812037,,13.55114728437774,,6.350575391668045,,8.659771616077219,0.03456601667034908,2.1638100367126443,,6.133213165710112,0.07291711200833907,,58.5,,68.625,,,24.11805556,5e-324,23.75,49.91666667,19.91666667,64.125,22.08333333,50.45833333,23.58333333,73.33333333,,,,,24.22916667,52.79166667,22.14583333,75.58333333,25.625,57.375,23.18142361125,55.070833332999996
1089,2014-12-18,0.4000096002304056,,12.245071358778093,,1.6769841117733868,,4.601637854387744,,1.5058426695578846,0.07413153024044976,11.078709536891164,,8.50167070710714,,8.710176560402513,,3.720181107169663,0.008079784744097145,2.8701934510386,,7.408647263328017,0.1215740904290432,7.975233275573308,,9.679390917412672,,5.169072993218176,,6.553340682436812,,,,5.527740567998331,0.06876837977338184,26.375,59.29166667,,77.91666667,,,26.5,5e-324,35.625,51.73913043,22.04166667,75.08695652,24.16666667,60.5,31.08333333,88.41666667,,,,,30.625,60.91304348,25.35416667,90.29166667,33.77272727,50.88235294,28.393728956666667,61.503815005
1090,2014-12-19,2.133384534562163,,9.246278372954883,,1.1978457941238478,,3.1225399726202547,,2.00779022607718,,15.585303246812995,,7.471165166851728,,4.098906616660007,0.15133962495643233,2.2430503734405334,,2.4601658151759427,,5.762281204810683,0.08104939361936216,6.5251908618327095,,6.637296629082974,0.08168731131754962,9.156643587986485,,10.06405890517082,0.03456601667034908,4.087196736012772,,5.4941032014587865,0.06197954520708821,28.33333333,43.29166667,22.83333333,63.125,,,25.58333333,0.0,27.6875,41.81818182,21.16666667,64.31578947,25.04545455,45.904761900000004,25.91666667,69.54166667,,,,,29.625,50.86956522,21.125,65.95833333,31.375,52.25,25.869128788,49.707496508
1091,2014-12-20,1.2000288006912163,,13.494568436204426,,0.4791383176495391,,3.1225399726202547,,0.5019475565192949,,11.642033750631391,,8.673421630483041,,11.271993195815014,,2.680718738989905,0.03231913897638858,2.4601658151759427,,8.506224635672911,0.04052469680968108,10.875318103054514,,7.466958707718346,,5.464448592830643,,13.340729246389225,0.03456601667034908,4.8084667482503205,,5.987451244038758,0.061602387731183,29.41666667,45.04166667,21.54166667,61.04166667,,,24.26388889,5e-324,27.25,37.69565217,20.0,66.60869565,,,26.54166667,66.25,,,,,27.66666667,49.70833333,21.0,78.25,31.45833333,49.0,25.45987654444444,50.39955716555556
1092,2014-12-21,2.0000480011520283,,18.49255674590977,,0.9582766352990782,,0.4930326272558297,,,,13.7075558676789,,6.0971577798445145,,18.70126143851128,0.03783490623910808,2.7354272846835763,0.01615956948819429,0.4100276358626571,,3.841520803207121,,6.5251908618327095,,5.531080524235811,,6.645950991280513,,8.659771616077219,0.03456601667034908,3.3659267237752233,,5.639865123130139,0.06713403071112596,22.27272727,33.73913043,20.40909091,40.782608700000004,,,22.46969697,0.0,24.84090909,29.875,18.90909091,38.60869565,,,23.04545455,41.69565217,,,,,23.52083333,39.1,18.77272727,48.0,27.04545455,36.29166667,22.365109427777774,34.23252818
1093,2014-12-22,1.3333653341013518,,13.994367267174963,,1.6769841117733868,,4.930326272558297,,,,17.08750115012027,,11.163810019433617,,30.22943629786755,0.03783490623910808,3.4466383787013064,0.01615956948819429,0.4100276358626571,,5.213492518638237,0.1215740904290432,7.25021206870301,,8.573174812565508,0.04084365565877481,7.975141189536615,0.02181168621160614,11.00025043123322,0.03456601667034908,5.048890085662835,0.10652278117357863,7.714169393068662,0.06323673679343887,9.916666667000001,37.92307692,9.458333332999999,42.65217391,,,11.30555556,0.0,13.8125,32.45454545,9.25,51.23809524,,,14.25,49.08695652,,,,,14.54166667,50.29166667,9.083333332999999,56.29166667,19.33333333,54.54545455,12.327932099222222,41.60929288111111
1094,2014-12-23,1.6000384009216222,,11.495373112322287,,1.9165532705981565,,2.9581957635349783,,0.5019475565192949,,14.270880081419127,,8.58754616879509,,17.164171457263773,0.03783490623910808,2.8448443760709194,,0.8200552717253142,,6.0366755478969045,,5.800169654962407,,6.360742602871183,0.28590558961142365,9.89508258701765,0.08724674484642454,8.659771616077219,,7.933970134613028,0.035507593724526214,6.413524553539642,0.08649478114092632,7.1,,11.625,22.875,,,10.34722222,0.0,15.08333333,13.82352941,8.166666667000001,34.73913043,,,12.45833333,32.84210526,,,,,12.29166667,27.29166667,6.916666667,31.70833333,21.79166667,27.27777778,11.753395061555555,23.81969286
1095,2014-12-24,1.0666922672810817,,8.246680711013816,,0.2395691588247696,,4.437293645302467,,,,9.388736895670478,,5.066652239589104,,11.784356522897514,,2.4071760105215474,0.008079784744097145,0.4100276358626571,,3.0183377739484523,,6.5251908618327095,,4.977972471812231,,3.69219499515584,0.02181168621160614,5.851197037890012,,4.568043410837803,0.035507593724526214,4.215883272956129,0.07191135873925852,4.625,16.0,3.541666667,15.91666667,,,6.652777778,0.0,10.95833333,10.58333333,6.541666667,17.15789474,,25.41666667,9.916666667000001,13.86363636,,,,,5.729166667,14.75,4.395833333,17.78947368,12.0,14.0,7.151234567666667,14.547767145
1096,2014-12-25,2.133384534562163,,11.245473696837022,,1.9165532705981565,,0.4930326272558297,,,,11.454259012717984,,8.58754616879509,,12.809083177062519,,4.540809292574737,0.008079784744097145,,,0.8231830292586688,,6.5251908618327095,,7.190404681506555,,6.645950991280513,,7.957627971530415,,1.4425400244750959,,5.482890745945604,0.047270403646785315,15.875,14.05882353,13.91666667,,,,16.54166667,5e-324,18.29166667,11.5,15.56521739,12.07142857,16.95833333,11.54166667,16.95833333,15.0,,,,,17.20833333,,13.75,16.52380952,21.14285714,,16.620807453000005,11.527961184285713
1097,2014-12-26,1.8667114677418928,,11.745272527807556,,0.9582766352990782,,3.1225399726202547,,,,17.6508253638605,,9.703927170738453,,10.247266541650015,0.07566981247821616,5.087894749511452,,,,5.762281204810683,,1.4500424137406018,,10.232498969836252,,7.3843899903116785,0.04362337242321227,9.361915260624018,0.03456601667034908,6.251006772725416,,6.727473307908716,0.06147666857254794,10.625,21.84210526,8.125,32.61904762,,,10.66666667,5e-324,11.52083333,15.8,8.291666667000001,22.05,12.125,17.82608696,14.29166667,23.91304348,,,,,13.79166667,22.375,9.604166667000001,24.79166667,19.875,36.0,11.8916666674,21.721694999
1098,2014-12-27,0.9333557338709464,,12.744870189748626,,3.1143990647220043,,1.6434420908527656,,,,15.209753770986175,,10.133304479178207,,5.892178261448757,,3.118387104539277,,,,3.292732117034676,,7.25021206870301,,5.531080524235811,0.12253096697632446,8.713580188567782,0.02181168621160614,5.851197037890012,,2.1638100367126443,0.035507593724526214,5.550165479024692,0.0754314951810404,17.58333333,21.5,14.5,42.875,,,16.16666667,0.0,17.29166667,18.0,14.45833333,36.65217391,16.04166667,32.08333333,15.875,46.45454545,,,,,18.5,32.15789474,15.125,45.54166667,18.79166667,26.6,16.433333334,30.186461410000003
1099,2014-12-28,2.8000672016128387,,20.24185265430664,,1.437414952948617,,1.8077862999380423,,,,15.960852722639814,,8.759297092170993,,14.08999149476877,,4.1031409270253665,0.01615956948819429,,,3.841520803207121,,5.800169654962407,,5.254526498024021,0.08168731131754962,3.8398827949620737,,5.851197037890012,0.03456601667034908,1.6829633618876116,,5.998663699551939,0.06223098352435834,35.63636364,37.47619048,28.13636364,36.79166667,,,29.65151515,5e-324,35.5,25.35,26.18181818,40.0,29.22727273,35.875,29.13636364,46.625,,,,,31.1875,33.66666667,26.90909091,50.45833333,27.81818182,36.68181818,29.938446971,34.292467533
1100,2014-12-29,3.6000864020736496,,7.496982464558015,,1.1978457941238478,,2.6295073453644253,,0.5019475565192949,,16.711951674293452,,11.33556094280952,,11.528174859356264,0.03783490623910808,4.65022638396208,0.008079784744097145,5.330359266214543,,10.701379380362694,0.08104939361936216,9.425275689313912,,12.721485205742367,,8.270516789149081,,16.851447469123233,0.1728300833517454,6.972276784962963,,7.826293948200472,0.06725974986976102,28.75,43.04347826,20.83333333,66.29166667,,,22.26388889,0.0,32.91666667,36.29166667,18.83333333,54.875,20.41666667,38.41666667,22.0,56.91666667,,,,,25.625,54.69565217,19.77083333,64.52173913,29.16666667,35.57142857,24.057638889,45.06239648100001
1101,2014-12-30,2.5333941347925686,,10.745674865866489,,1.6769841117733868,,4.272949436217191,,,,10.703160061064343,,11.249685481121569,,17.676534784346273,,3.337221287313964,0.008079784744097145,1.6401105434506285,,6.585464234069352,,5.800169654962407,,7.743512733930137,,6.055199792055577,0.02181168621160614,9.83001102365522,0.10369805001104723,9.857356833913157,,6.7386857634218975,0.08775197272727701,45.20833333,63.04166667,22.79166667,76.625,,,35.58333333,0.0,41.0,55.20833333,23.33333333,72.16666667,28.875,59.08695652,35.83333333,90.375,,,,,39.47916667,58.0,27.72916667,85.58333333,32.20833333,47.375,33.204166666000006,60.746195652000004
1102,2014-12-31,1.6000384009216222,,6.997183633587482,,1.6769841117733868,,2.300818927193872,,0.5019475565192949,,5.633242137402287,,6.526535088284269,,12.040538186438766,,3.774889652863336,0.008079784744097145,2.0501381793132856,,5.4878868617244585,,6.5251908618327095,,2.7655402621179057,,5.612136392636877,0.04362337242321227,8.659771616077219,,,,4.518619571812022,0.07555721433967548,41.08333333,134.95833330000002,23.95833333,103.08333329999999,,,30.16666667,0.0,35.66666667,97.27272727,21.91666667,123.75,25.17391304,105.43478259999999,28.45833333,113.83333329999999,,,,,33.83333333,114.54545449999999,24.4375,130.9583333,40.08333333,109.79166670000001,30.477807970000004,103.362796427
1103,2015-01-01,2.0000480011520283,,13.494568436204426,,1.1978457941238478,0.03538144196826035,,,0.5019475565192949,,4.694368447835239,,6.784161473348122,,6.148359924990009,,1.641256370810146,0.008079784744097145,0.8200552717253142,,2.743943430862229,,8.700254482443611,,6.360742602871183,,6.055199792055577,0.04362337242321227,9.361915260624018,0.03456601667034908,,,4.047696440258411,0.05066482092993214,,94.75,21.5,97.625,,,21.77777778,6.4e-323,37.16666667,110.5,19.33333333,104.65217390000001,21.70833333,93.83333333,20.375,107.8636364,23.25,109.91666670000001,,,26.71180556,102.55,19.33333333,96.18181818,21.41666667,143.9090909,23.257291666999997,96.52561085545453
1104,2015-01-02,2.133384534562163,0.019692179253133223,9.246278372954883,,0.4791383176495391,,2.9581957635349783,,,,10.139835847324118,0.055464075803247234,9.703927170738453,,16.651808130181273,,3.337221287313964,0.008079784744097145,1.2300829075879711,,6.0366755478969045,,5.075148448092107,,9.955944943624461,,5.31676079302441,0.02181168621160614,9.127867379108418,0.03456601667034908,0.48084667482503207,,5.729564767235591,0.04538461626725932,22.18181818,,18.77272727,32.625,,,22.56060606,5e-324,22.81818182,18.95,17.31818182,,22.77272727,27.20833333,24.13636364,38.782608700000004,16.59090909,22.58333333,,,27.95833333,18.91666667,19.13636364,38.125,28.77272727,34.47826087,22.09263085363636,25.741022544444448
1105,2015-01-03,2.0000480011520283,,11.745272527807556,,0.4791383176495391,,1.9721305090233188,,,,14.270880081419127,,7.1276633200999235,,8.966358223943761,,2.9542614674582626,0.008079784744097145,2.8701934510386,,2.743943430862229,,6.5251908618327095,,7.743512733930137,,4.282946194380775,,10.29810678668642,0.06913203334069816,1.20211668706258,,5.112879714010624,0.06424249006251942,51.77272727,45.82608696,39.09090909,46.83333333,,,48.57575758,0.0,49.20454545,50.58333333,31.18181818,55.16666667,42.47619048,43.52173913,48.0,58.0,41.22727273,40.625,,,47.67013889,42.0625,40.29545455,53.375,44.13636364,48.41666667,43.96647071454545,44.037302371818186
1106,2015-01-04,1.6000384009216222,,15.493763760086566,,0.9582766352990782,,2.6295073453644253,,,,14.083105343505714,,4.980776777901152,,12.296719849980018,,2.571301647602562,,3.280221086901257,,4.390309489379567,,5.075148448092107,,8.020066760141928,,5.759824192443111,,8.425723734561616,0.03456601667034908,,,5.124092169523807,0.05732793633759072,53.70833333,47.79166667,41.875,64.0952381,,,41.48611111,0.0,53.3125,43.22916667,34.29166667,54.0,37.5,43.73913043,35.58333333,63.25,,,,,48.0625,41.14583333,40.58333333,56.20833333,44.41666667,38.79166667,43.081944444,45.22510352
1107,2015-01-05,1.6000384009216222,,7.247083049072748,,2.156122429422926,,1.3147536726822129,,,,11.266484274804574,0.055464075803247234,6.011282318156563,,3.5865432895775053,,3.720181107169663,,3.690248722763914,,6.0366755478969045,,5.800169654962407,,6.360742602871183,,6.793638791086748,0.04362337242321227,7.489532208499213,0.03456601667034908,,,4.59710676040429,0.057453655496225775,43.29166667,34.625,28.58333333,44.58333333,,,38.125,0.0,43.66666667,31.66666667,27.33333333,43.52173913,35.375,31.91666667,38.08333333,46.0,30.56521739,30.75,,,46.21527778,37.4375,32.1875,43.75,45.5,35.66666667,37.175120772727276,34.537961133636365
1108,2015-01-06,0.2666730668202704,,7.746881880043283,,0.2395691588247696,,1.9721305090233188,,,,13.519781129765489,0.027732037901623617,6.6124105499722186,,15.883263139557526,0.11350471871732425,2.680718738989905,0.008079784744097145,2.8701934510386,,7.683041606414242,,7.25021206870301,,10.785607022259834,,7.089014390699212,,9.127867379108418,,3.3659267237752233,,5.505315656971966,0.05154485504037762,30.29166667,31.57142857,22.16666667,40.375,,,27.83333333,0.0,35.79166667,23.64583333,23.20833333,36.25,25.875,22.75,25.95833333,31.58333333,26.0,24.58333333,,,35.88888889,21.58333333,26.54166667,37.375,34.60869565,20.27272727,28.560386473636367,26.362726287272725
1109,2015-01-07,1.3333653341013518,,7.996781295528549,,1.1978457941238478,,4.437293645302467,,0.5019475565192949,,10.327610585237526,0.11092815160649447,7.385289705163776,,4.355088280201256,,3.8843067442506793,0.008079784744097145,4.510303994489229,,6.311069890983127,0.04052469680968108,3.625106034351505,,10.232498969836252,,7.6797655899241475,,8.659771616077219,0.03456601667034908,4.8084667482503205,,5.482890745945604,0.06172810688981808,23.95833333,31.25,17.875,32.08333333,,,25.30555556,0.0,26.0625,23.5,22.58333333,34.79166667,25.08333333,18.04166667,25.2173913,25.5,22.375,29.95652174,,,31.97916667,22.20833333,20.3125,28.7826087,25.875,12.91666667,24.238828501818183,23.54825428272727
1110,2015-01-08,0.8000192004608111,,7.996781295528549,,1.437414952948617,,4.930326272558297,,0.5019475565192949,,10.703160061064343,,6.6124105499722186,,14.34617315831002,,1.860090553584832,0.03231913897638858,1.6401105434506285,,10.426985037276474,0.08104939361936216,10.150296896184214,,8.296620786353719,,6.498263191474277,,8.893819497592819,,3.8467733986002566,,5.415616012866516,0.06147666857254794,40.5,32.625,27.125,40.08333333,36.375,37.04347826,39.58333333,0.0,44.25,30.39583333,29.66666667,39.83333333,31.16666667,36.375,35.25,44.36363636,35.25,30.75,,,44.95833333,32.04166667,29.89583333,48.95833333,36.5,39.47826087,35.876736110833335,34.328989623333335
1111,2015-01-09,2.2667210679722984,,8.246680711013816,,2.156122429422926,,2.793851554449702,,,,8.44986320610343,,6.955912396724023,,6.91690491561376,,2.8448443760709194,,2.0501381793132856,,5.4878868617244585,,3.625106034351505,,8.573174812565508,,4.282946194380775,0.02181168621160614,5.14905339334321,,6.010583435312897,,4.686806404509738,0.060722353620737524,33.76190476,38.83333333,26.0,53.60869565,28.66666667,35.25,32.57142857,0.0,32.71428571,24.25,30.38095238,45.25,29.33333333,33.54545455,28.0,37.125,30.38095238,36.08695652,,,32.0625,27.25,22.21052632,53.5,,,29.643868192727272,34.97267636818182
1112,2015-01-10,1.6000384009216222,,7.746881880043283,,0.7187074764743087,,1.150409463596936,,,,10.139835847324118,,4.465524007773447,,3.0741799624950046,,3.5013469243949777,0.02423935423229144,1.2300829075879711,,4.390309489379567,,4.350127241221807,,5.254526498024021,,5.021385193411943,,6.553340682436812,0.03456601667034908,4.087196736012772,,4.014059073718867,0.05255060830945815,21.66666667,34.75,18.14285714,43.19047619,20.33333333,31.54166667,23.45238095,0.0,30.9047619,25.125,20.52380952,,23.904761899999997,23.83333333,22.95238095,32.22727273,19.04761905,32.83333333,,,27.33333333,29.33333333,22.72727273,39.65,,,22.81719795181818,29.248441558000003
1113,2015-01-11,1.6000384009216222,,10.245876034895954,,1.6769841117733868,,3.286884181705532,,0.5019475565192949,,9.952061109410707,,7.55704062853968,,4.867451607283757,,1.5865478251164744,,3.280221086901257,0.06055607940030736,1.9207604016035604,,3.625106034351505,,8.296620786353719,0.08168731131754962,4.430633994187008,,8.659771616077219,0.03456601667034908,4.568043410837803,,4.552256938351563,0.045007458791354114,31.70833333,27.20833333,21.5,33.91666667,24.29166667,28.7826087,26.72222222,0.0,35.66666667,21.52173913,22.66666667,25.79166667,21.625,23.375,23.66666667,29.65217391,22.91666667,28.75,,,32.95833333,30.125,18.66666667,37.04166667,,,25.67171717272728,26.014986825454546
1114,2015-01-12,2.2667210679722984,,9.496177788440152,,1.437414952948617,,3.1225399726202547,,0.5019475565192949,,8.82541268193025,0.027732037901623617,6.183033241532465,,10.759629868732517,,3.22780419592662,,0.8200552717253142,,8.780618978759135,0.04052469680968108,3.625106034351505,,8.296620786353719,0.08168731131754962,6.055199792055577,,11.234298312748821,0.10369805001104723,4.8084667482503205,,5.370766190813792,0.05104197840583734,41.25,68.8125,27.20833333,,29.45833333,71.0,31.63194444,5e-324,44.91666667,58.875,,63.875,45.08333333,56.92307692,33.66666667,87.41666667,28.0,69.25,,,40.89583333,,24.29166667,93.63636364,,,34.640277777,63.30984524777778
1115,2015-01-13,1.2000288006912163,,8.496580126499081,,0.9582766352990782,,2.4651631362791484,,1.0038951130385898,,9.952061109410707,,6.6124105499722186,,7.941631569778763,,3.0636785588456057,0.040398923720485716,2.4601658151759427,,6.0366755478969045,0.04052469680968108,5.075148448092107,,5.807634550447602,,6.350575391668045,0.02181168621160614,7.489532208499213,0.03456601667034908,7.453123459787995,0.035507593724526214,4.967117792339268,0.060219476986197264,36.95238095,63.20833333,28.04166667,84.91666667,,,36.69444444,0.0,49.875,67.09090909,24.79166667,77.41666667,31.75,62.0,35.29166667,80.33333333,32.16666667,66.83333333,,,49.95833333,55.73913043,30.39583333,90.5,38.79166667,48.69565217,35.88266594545455,63.33945682
1116,2015-01-14,1.466701867511487,,10.49577545038122,,0.4791383176495391,,3.779916808961361,,1.0038951130385898,,10.703160061064343,0.027732037901623617,7.1276633200999235,,9.222539887485011,,3.282512741620292,,0.8200552717253142,0.06055607940030736,7.134252920241798,,7.25021206870301,,5.254526498024021,,6.498263191474277,,7.957627971530415,0.1728300833517454,6.251006772725416,,5.348341279787429,0.055693587275334834,37.75,72.04166667,26.79166667,78.66666667,,,30.38194444,0.0,37.1875,66.79166667,24.75,72.91666667,30.08333333,56.375,27.18181818,70.29166667,23.80952381,66.1,,,39.67708333,56.64583333,30.91666667,71.79166667,35.83333333,64.23809524,31.305715432727276,61.441720780909094
1117,2015-01-15,0.9333557338709464,,5.997585971646413,,1.437414952948617,,2.6295073453644253,,0.5019475565192949,,11.642033750631391,0.11092815160649447,7.041787858411974,,8.710176560402513,,4.2125580184127065,,0.4100276358626571,,9.878196351104023,0.04052469680968108,2.9000848274812037,,6.637296629082974,,5.169072993218176,,6.787388563952413,,6.010583435312897,0.10652278117357863,5.191366902602892,0.05996803866892712,43.65217391,62.82608696,30.16666667,73.16666667,,,34.98611111,5e-324,46.97916667,69.36363636,26.5,66.54166667,33.08333333,48.04166667,34.75,62.625,33.41666667,60.75,,,43.27430556,50.4375,29.95652174,77.0,33.58333333,45.95454545,35.48620718090909,56.064251707272724
1118,2015-01-16,2.2667210679722984,,5.497787140675879,,0.7187074764743087,,3.779916808961361,,,,9.576511633583886,,7.041787858411974,,10.503448205191264,,2.6260101932962336,,3.280221086901257,,9.32940766493158,,4.350127241221807,,4.70141844560044,,6.498263191474277,0.04362337242321227,8.893819497592819,,6.731853447550447,0.035507593724526214,5.180154447089712,0.058207970448036175,39.08333333,50.375,28.83333333,66.5,,,33.65277778,5e-324,34.54166667,47.13636364,26.5,72.20833333,21.71428571,52.45833333,30.13043478,71.76190476,34.782608700000004,54.80952381,,,38.55555556,47.0,29.72916667,73.91666667,35.375,52.70833333,32.08165113909091,53.53404171545455
1119,2015-01-17,0.5333461336405407,,4.748088894220076,,1.437414952948617,,1.3147536726822129,,,,13.14423165393867,,4.980776777901152,,8.966358223943761,,3.391929833007635,0.008079784744097145,1.2300829075879711,,4.390309489379567,,4.350127241221807,,6.913850655294765,,6.498263191474277,,7.957627971530415,0.06913203334069816,3.60635006118774,,4.541044482838384,0.05808225128940112,52.5,60.15384615,28.66666667,72.375,,,39.34027778,0.0,49.0,57.83333333,26.58333333,78.125,32.20833333,62.125,34.125,80.875,33.20833333,63.45833333,,,49.48958333,59.72916667,30.1875,82.79166667,40.45833333,71.04166667,37.79703282727274,62.59163752909092
1120,2015-01-18,2.133384534562163,,6.4973848026169465,,1.1978457941238478,,,,,,11.266484274804574,,8.931048015546894,,10.759629868732517,,3.282512741620292,0.04847870846458287,,,2.4695490877760062,,4.350127241221807,,3.0420942883296966,,4.430633994187008,,8.191675853046016,0.03456601667034908,2.40423337412516,,4.641956582457015,0.05091625924720228,46.95238095,55.45454545,31.27272727,50.625,,,37.45454545,0.0,49.36363636,55.75,29.36363636,54.25,34.5,44.33333333,32.36363636,55.41666667,38.81818182,44.375,,,44.02083333,48.625,32.06818182,59.79166667,40.72727273,57.0,37.900457495454546,47.78374655636364
1121,2015-01-19,2.5333941347925686,,7.247083049072748,,1.9165532705981565,,4.272949436217191,,,,14.458654819332535,0.027732037901623617,8.759297092170993,,8.710176560402513,,4.814352021043095,,,,4.9390981755520125,,10.150296896184214,,5.531080524235811,,6.645950991280513,0.04362337242321227,9.127867379108418,0.03456601667034908,12.742436882863348,,6.413524553539642,0.052047731674917885,27.875,62.375,18.66666667,71.95238095,,,25.70833333,0.0,32.83333333,70.86956522,20.5,61.125,25.58333333,47.20833333,24.95833333,65.54166667,20.16666667,63.66666667,,,33.4375,56.02083333,23.33333333,66.91666667,31.29166667,57.20833333,25.85037878727273,56.62585874272727
1122,2015-01-20,1.8667114677418928,,7.996781295528549,,1.437414952948617,,2.300818927193872,,,,11.642033750631391,,8.415795245419188,,13.83380983122752,,3.610764015782321,0.008079784744097145,,,6.311069890983127,,7.25021206870301,,5.254526498024021,,5.464448592830643,0.02181168621160614,10.06405890517082,,6.491430110137931,,5.662290034156502,0.07191135873925852,47.75,67.83333333,30.41666667,83.625,,,38.63888889,0.0,46.60416667,64.0,26.54166667,88.95833333,35.83333333,66.45833333,37.66666667,91.70833333,33.91666667,69.75,,,48.38541667,64.41666667,35.8125,90.08333333,44.375,68.41666667,38.721906567272725,68.65909090818182
1123,2015-01-21,1.2000288006912163,,9.746077203925418,,1.1978457941238478,,3.6155725998760846,,,,7.135440040709564,,9.789802632426404,,16.907989793722525,,2.2977589191342043,0.008079784744097145,,,7.957435949500465,,3.625106034351505,,4.4248644193886495,0.08168731131754962,5.907511992249344,,9.361915260624018,0.03456601667034908,10.81905018356322,,5.71835231172241,0.06348817511070902,40.66666667,51.625,27.25,64.04166667,,,34.68055556,0.0,36.89583333,54.782608700000004,24.20833333,65.875,30.54166667,54.04166667,35.20833333,91.80952381,26.91666667,52.08333333,,,43.875,50.02083333,25.83333333,71.33333333,38.06666667,57.5,33.10391414181819,55.73754234909091
1124,2015-01-22,1.0666922672810817,,7.247083049072748,,0.2395691588247696,,4.437293645302467,,0.5019475565192949,,11.642033750631391,0.027732037901623617,8.931048015546894,,10.503448205191264,,2.6260101932962336,0.02423935423229144,,,8.780618978759135,0.20262348404840536,8.700254482443611,,5.531080524235811,0.08168731131754962,6.202887591861813,,8.659771616077219,,9.857356833913157,,5.662290034156502,0.06411677090388435,24.66666667,34.5,21.08333333,56.5,,,23.43055556,0.0,28.29166667,27.41176471,16.54166667,44.54545455,22.29166667,36.79166667,27.91304348,53.0,17.79166667,35.66666667,,,30.88541667,30.72916667,19.52083333,52.23809524,,,23.241651572000002,37.138281451
1125,2015-01-23,0.5333461336405407,,8.496580126499081,,2.3956915882476957,,1.9721305090233188,,,,15.021979033072764,,6.011282318156563,,5.379814934366259,,2.188341827746861,,,,10.426985037276474,0.1215740904290432,2.9000848274812037,,5.254526498024021,0.16337462263509925,7.236702190505446,,6.319292800921213,,7.2127001223754785,,4.911055514773364,0.06348817511070902,23.25,36.17391304,18.45833333,54.69565217,,,20.22222222,5e-324,22.75,30.65217391,16.125,44.82608696,21.25,35.58333333,22.75,57.39130435,18.25,30.66666667,,,25.89236111,34.1875,17.3125,59.04166667,25.70833333,39.54166667,21.08806818090909,38.43272397909091
1126,2015-01-24,1.466701867511487,,6.4973848026169465,,1.6769841117733868,,3.451228390790808,,0.5019475565192949,,9.01318741984366,,8.072293398667384,,15.370899812475026,,2.8995529217645912,0.03231913897638858,,,0.8231830292586688,,2.9000848274812037,,5.254526498024021,,4.282946194380775,,7.957627971530415,0.03456601667034908,2.644656711537676,,4.720443771049284,0.0550649914821595,21.70833333,32.61904762,18.04166667,50.79166667,,,21.41666667,5e-324,20.29166667,26.36363636,16.25,54.66666667,19.375,44.875,20.91666667,61.217391299999996,20.33333333,36.41666667,,,24.3125,35.45833333,16.52083333,78.66666667,23.04166667,42.39130435,20.200757576363635,42.13330724
1127,2015-01-25,1.7333749343317573,,6.247485387131679,,1.6769841117733868,,0.3286884181705532,,1.5058426695578846,,15.209753770986175,,7.8146670136035326,,12.552901513521268,,2.790135830377248,0.008079784744097145,,,2.4695490877760062,0.04052469680968108,10.150296896184214,,6.360742602871183,,5.169072993218176,,9.127867379108418,,6.010583435312897,,5.236216724655618,0.05292776578536335,30.0,50.16666667,26.59090909,64.45833333,,,28.28787879,0.0,33.0,41.17391304,23.59090909,54.41666667,26.63636364,43.04166667,26.59090909,56.95833333,25.27272727,46.16666667,,,28.1875,45.16666667,27.31818182,65.65217391,31.68181818,50.58333333,27.923381542727274,47.07131093545454
1128,2015-01-26,3.733422935483785,,8.996378957469616,,0.7187074764743087,,4.601637854387744,,,,12.768682178111849,,7.900542475291482,,4.098906616660007,,5.142603295205124,,0.4100276358626571,,7.957435949500465,0.04052469680968108,7.25021206870301,,8.020066760141928,,7.6797655899241475,0.02181168621160614,7.021436445468013,0.03456601667034908,9.616933496500641,,6.234125265328744,0.05871084708257645,31.5,44.625,24.04166667,51.08333333,,,27.38888889,0.0,34.08333333,45.14285714,21.625,45.15,26.25,36.125,25.625,56.95833333,27.20833333,41.625,,,31.54166667,37.95833333,25.41666667,58.20833333,33.625,43.95833333,28.027777778181818,41.89404761727273
1129,2015-01-27,1.3333653341013518,,9.246278372954883,,1.437414952948617,,4.765982063473022,,,,13.332006391852081,,7.64291609022763,,16.651808130181273,,3.4466383787013064,0.01615956948819429,0.4100276358626571,,9.603802008017805,,7.25021206870301,,4.4248644193886495,,7.3843899903116785,0.02181168621160614,7.957627971530415,0.03456601667034908,3.3659267237752233,,5.942601421986033,0.06989985220109744,22.66666667,44.217391299999996,16.04166667,68.08333333,,,21.05555556,0.0,26.375,39.29166667,16.29166667,56.72727273,22.125,45.20833333,21.79166667,60.625,16.375,49.08333333,,,23.96527778,45.72916667,20.64583333,69.41666667,25.5,49.66666667,21.16666666818182,48.00443915454545
1130,2015-01-28,1.466701867511487,,11.745272527807556,,1.1978457941238478,,1.9721305090233188,,,,20.655221170475052,0.027732037901623617,8.415795245419188,,7.685449906237513,,3.22780419592662,0.008079784744097145,0.8200552717253142,,11.524562409621366,0.08104939361936216,5.075148448092107,0.2141535737110698,7.466958707718346,,6.941326590892979,0.02181168621160614,8.425723734561616,0.03456601667034908,9.376510159088124,,6.413524553539642,0.0666311540765857,23.0,40.64705882,15.70833333,46.5,,,17.63888889,0.0,24.79166667,32.83333333,13.625,48.375,17.25,37.66666667,15.41666667,56.11111111,16.75,35.20833333,,,23.98958333,32.6875,14.83333333,60.33333333,19.95833333,43.58333333,18.45107323181818,39.44960635636364
1131,2015-01-29,1.2000288006912163,,8.996378957469616,,0.7187074764743087,,3.286884181705532,,,,12.580907440198441,,7.55704062853968,,8.197813233320014,,2.4618845562152187,,1.2300829075879711,,6.585464234069352,,7.25021206870301,,5.531080524235811,,7.827453389730381,0.04362337242321227,4.9150055118276095,0.06913203334069816,3.8467733986002566,,5.011967614391994,0.07191135873925852,20.41666667,35.92857143,13.25,42.125,,,16.98611111,0.0,20.41666667,24.66666667,14.04166667,42.3,15.91666667,40.25,15.58333333,51.72222222,15.875,29.20833333,,,21.38888889,27.08333333,14.41666667,53.875,18.58333333,38.0,16.988636364545457,35.0144660890909
1132,2015-01-30,0.6666826670506759,,7.746881880043283,,0.9582766352990782,,3.451228390790808,,,,4.506593709921829,0.055464075803247234,7.64291609022763,,12.809083177062519,,2.188341827746861,,,,4.9390981755520125,,3.625106034351505,,5.254526498024021,,6.941326590892979,0.02181168621160614,7.489532208499213,0.10369805001104723,4.8084667482503205,,4.541044482838384,0.05619646390987512,27.375,54.86956522,20.54166667,56.95833333,,,24.40277778,0.0,28.5,57.83333333,17.875,,22.79166667,43.875,23.29166667,59.27272727,22.29166667,43.45833333,,,32.16666667,50.625,20.1875,65.58333333,28.625,52.875,24.368055557272726,48.535062581
1133,2015-01-31,0.5333461336405407,,9.246278372954883,,0.9582766352990782,,0.8217210454263828,,,,7.323214778622973,,8.329919783731238,,7.429268242696263,0.03783490623910808,2.4071760105215474,0.01615956948819429,0.4100276358626571,,4.115915146293344,0.1620987872387243,6.5251908618327095,,7.190404681506555,,4.873697393605709,0.06543505863481841,6.319292800921213,0.06913203334069816,1.20211668706258,,4.204670817442948,0.05091625924720228,28.25,48.08695652,25.04166667,52.0,,,26.05555556,5e-324,28.91666667,39.875,20.29166667,,26.41666667,46.25,28.125,61.65217391,21.29166667,44.66666667,,,31.36458333,40.22916667,23.0625,58.45833333,32.41666667,50.82608696,26.475694446363637,44.204438405999994
1134,2015-02-01,1.8667114677418928,,6.997183633587482,,0.7187074764743087,,3.9442610180466375,,,,13.332006391852081,,6.870036935036072,,5.892178261448757,,1.5865478251164744,0.008079784744097145,0.4100276358626571,,3.841520803207121,0.04052469680968108,7.975233275573308,,3.5952023407532776,,4.726009593799477,,7.723580090014813,0.10369805001104723,0.7212700122375479,,4.249520639495673,0.04714468448815026,,22.11111111,12.66666667,34.5,,,17.34722222,0.0,24.5625,,12.83333333,29.47826087,15.41666667,25.41666667,14.23809524,32.44444444,12.0,26.0,,,23.88194444,20.58333333,13.64583333,40.69565217,24.33333333,,17.092559523,25.692163176666664
1135,2015-02-02,0.4000096002304056,,5.24788772519061,,0.9582766352990782,,3.6155725998760846,,,,11.266484274804574,,6.440659626596317,,18.188898111428774,,2.5165931019088905,0.008079784744097145,0.4100276358626571,,5.213492518638237,,3.625106034351505,,4.977972471812231,,5.907511992249344,0.02181168621160614,2.106430933640404,,0.7212700122375479,,4.4513448387329335,0.04764756112269053,23.16666667,,18.25,35.20833333,,,20.69444444,0.0,21.625,28.52380952,14.79166667,,19.16666667,28.875,19.79166667,41.36363636,16.45833333,29.79166667,,,26.1875,26.54166667,16.875,49.0,22.83333333,31.18181818,19.985479798181817,30.053992303333334
1136,2015-02-03,1.0666922672810817,,8.496580126499081,,1.6769841117733868,,4.272949436217191,,,,14.458654819332535,,7.728791551915581,,7.941631569778763,,3.391929833007635,,0.4100276358626571,,5.762281204810683,,2.9000848274812037,,8.573174812565508,,4.578321793993243,0.02181168621160614,8.893819497592819,,5.048890085662835,,5.404403557353334,0.049910505978121744,44.5,48.04761905,33.45833333,57.29166667,,,41.22222222,0.0,44.45833333,48.3,29.95833333,62.58333333,39.375,48.0,40.41666667,70.16666667,34.95833333,44.95833333,,,46.48958333,39.16666667,35.10416667,69.91666667,38.58333333,51.39130435,38.956755049090916,49.074750612727264
1137,2015-02-04,1.2000288006912163,,8.996378957469616,,1.6769841117733868,,5.259014690728852,,,,12.768682178111849,0.027732037901623617,6.183033241532465,,10.247266541650015,,2.7354272846835763,0.008079784744097145,2.0501381793132856,,5.762281204810683,0.1215740904290432,6.5251908618327095,,6.084188576659392,0.08168731131754962,4.873697393605709,,7.489532208499213,,6.010583435312897,,5.1689419915765304,0.060596634462102464,39.66666667,48.75,31.54166667,57.625,,,35.31944444,0.0,47.33333333,42.8125,25.79166667,54.5,31.20833333,39.875,33.79166667,50.04166667,36.0,50.66666667,,,47.17708333,36.54166667,31.79166667,56.66666667,47.625,36.31818182,37.022411616363634,43.07248622727272
1138,2015-02-05,2.400057601382433,,5.497787140675879,,1.6769841117733868,0.03538144196826035,3.779916808961361,,,,10.139835847324118,0.08319611370487084,6.6124105499722186,,7.941631569778763,,2.2977589191342043,0.008079784744097145,0.4100276358626571,,4.115915146293344,,2.9000848274812037,,6.084188576659392,0.08168731131754962,6.941326590892979,0.02181168621160614,2.8085745781872054,,3.60635006118774,,4.3728576501406655,0.05795653213076605,27.04166667,39.375,27.66666667,43.45833333,,,28.80555556,0.0,28.08333333,39.20833333,24.58333333,47.41666667,35.45833333,35.04166667,36.70833333,45.782608700000004,26.65217391,39.625,,,28.79166667,32.0,30.83333333,50.66666667,37.125,29.125,30.15903601181818,36.51811594272727
1139,2015-02-06,1.3333653341013518,,5.24788772519061,,0.4791383176495391,,3.9442610180466375,,,,7.510989516536382,,7.041787858411974,,8.453994896861262,,3.118387104539277,0.02423935423229144,2.4601658151759427,0.12111215880061472,5.213492518638237,0.04052469680968108,3.625106034351505,,4.977972471812231,0.12253096697632446,5.612136392636877,0.02181168621160614,6.0852449194056115,,4.568043410837803,,4.484982205272479,0.04903047186767626,36.79166667,42.61904762,24.36363636,40.5,,,36.66666667,0.0,35.6875,31.64583333,,48.83333333,33.04166667,34.0,34.125,44.41666667,27.58333333,33.58333333,,,45.22222222,34.16666667,32.1875,44.375,38.79166667,27.41666667,34.44608585899999,34.686958874545454
1140,2015-02-07,1.0666922672810817,,4.498189478734808,,0.4791383176495391,,3.1225399726202547,,,,11.642033750631391,,3.864395775957792,,7.1730865791550125,,1.9695076449721751,,,,2.4695490877760062,,6.5251908618327095,,3.8717563669650685,,5.612136392636877,,6.0852449194056115,0.03456601667034908,1.20211668706258,,3.576773308704801,0.050287663454026944,10.29166667,33.16666667,7.791666667,41.83333333,,,12.625,5e-324,14.72916667,28.02083333,11.20833333,42.95833333,13.0,29.125,13.91666667,37.83333333,9.666666667000001,35.20833333,,,20.80555556,25.125,11.08333333,47.04166667,24.17391304,20.22727273,13.571997145818182,30.958161156363634
1141,2015-02-08,1.8667114677418928,,4.9979883097053435,,0.7187074764743087,,,,,,9.200962157757068,,9.789802632426404,,10.503448205191264,,2.4618845562152187,0.008079784744097145,,,7.134252920241798,,2.1750636206109037,0.1070767868555349,4.70141844560044,,5.021385193411943,,7.255484326983613,,2.40423337412516,,4.563469393864746,0.040104411604586485,43.19047619,30.625,33.95238095,36.16666667,37.125,33.20833333,40.16666667,0.0,48.64285714,28.125,36.14285714,37.95833333,36.80952381,31.04166667,38.47619048,37.83333333,39.95238095,30.875,,,47.095238099999996,26.83333333,35.64285714,47.58333333,41.04761905,34.25,39.85367063499999,31.208333332500004
1142,2015-02-09,3.4667498686635145,,7.746881880043283,,0.4791383176495391,,3.6155725998760846,,,,12.580907440198441,,8.329919783731238,,7.685449906237513,0.2270094374346485,2.9542614674582626,,2.4601658151759427,,7.134252920241798,0.08104939361936216,5.075148448092107,,8.296620786353719,,5.907511992249344,0.02181168621160614,7.957627971530415,0.06913203334069816,5.048890085662835,,5.527740567998331,0.05116769756447241,49.29166667,46.91666667,40.04347826,49.54545455,47.75,34.29166667,50.72222222,0.0,51.70833333,24.45833333,46.95833333,42.5,43.66666667,28.39130435,44.16666667,39.875,43.75,39.75,,,46.85416667,26.20833333,39.36363636,41.11111111,,,45.8431972890909,33.91344272818182
1143,2015-02-10,1.7333749343317573,0.019692179253133223,7.247083049072748,,0.9582766352990782,,2.793851554449702,,,,6.3843410890559245,0.027732037901623617,7.8146670136035326,,9.222539887485011,,3.0089700131519344,,0.8200552717253142,,5.4878868617244585,,2.9000848274812037,,4.977972471812231,,3.9875705947683073,0.02181168621160614,7.957627971530415,,4.087196736012772,,4.496194660785659,0.06197954520708821,33.08333333,32.95652174,26.54166667,37.20833333,34.0,28.625,36.26388889,0.0,40.29166667,28.79166667,33.782608700000004,,34.125,25.58333333,30.04166667,30.43478261,29.70833333,28.08333333,,,42.83333333,29.45833333,26.58333333,42.9,,,33.386802810909096,28.404130434000002
1144,2015-02-11,1.8667114677418928,,4.9979883097053435,,1.1978457941238478,,0.9860652545116594,,,,10.703160061064343,0.1663922274097417,7.213538781787876,,8.710176560402513,,1.4771307337291313,,1.2300829075879711,,5.4878868617244585,,8.700254482443611,,8.296620786353719,,5.464448592830643,,6.787388563952413,0.03456601667034908,2.8850800489501918,,4.3728576501406655,0.05041338261266201,11.04166667,14.82608696,10.75,35.5,10.91666667,26.47826087,10.95833333,0.0,13.54166667,16.17391304,11.58333333,32.75,11.0,30.875,11.625,36.20833333,9.708333332999999,21.95833333,,,16.10416667,18.57142857,9.375,50.43478261,,,11.509469697545454,25.797830791818182
1145,2015-02-12,1.6000384009216222,,5.497787140675879,,1.1978457941238478,,4.272949436217191,,,,12.017583226458216,0.1386601895081181,5.496029548028859,,5.892178261448757,,1.9695076449721751,,,,3.841520803207121,0.04052469680968108,3.625106034351505,,4.977972471812231,,7.089014390699212,0.04362337242321227,4.4469097487964095,,2.1638100367126443,,4.092546262311136,0.04903047186767626,45.54166667,28.0,13.47368421,,34.70833333,76.83333333,37.83333333,0.0,47.375,68.79166667,,75.33333333,31.91666667,65.75,35.08695652,86.63636364,32.5,73.04166667,,,48.02083333,,28.25,102.25,,,35.470647406,64.07070707111112
1146,2015-02-13,1.466701867511487,,6.997183633587482,,0.9582766352990782,,3.1225399726202547,,,,9.952061109410707,0.027732037901623617,5.8395313947806615,,7.1730865791550125,,2.13363328205319,,,,4.66470383246579,,1.4500424137406018,,3.5952023407532776,,4.282946194380775,,4.9150055118276095,,3.3659267237752233,,3.879509607560693,0.04588749290179958,21.79166667,62.375,8.555555556,53.70833333,,,18.67361111,0.0,21.27083333,51.54166667,12.45833333,69.08695652,17.29166667,48.25,18.125,63.91666667,15.04166667,51.66666667,,,24.20833333,44.3125,16.5,74.91666667,29.20833333,50.58823529,18.465909090545452,51.851153801818185
1147,2015-02-14,0.4000096002304056,,2.74889357033794,,1.6769841117733868,,2.793851554449702,,,,11.454259012717984,0.027732037901623617,4.980776777901152,,7.685449906237513,,1.4224221880354595,,,,3.0183377739484523,,4.350127241221807,,2.2124322096943247,,1.476877998062336,,5.3831012748588085,0.10369805001104723,1.6829633618876116,,3.117062632664372,0.0434988288877333,13.95833333,74.83333333,,66.20833333,,,12.06944444,0.0,14.52083333,60.70833333,7.916666667,77.5,11.04166667,54.17391304,12.73913043,82.20833333,10.875,53.25,,,13.56944444,61.0625,8.854166667000001,69.5,17.54166667,64.33333333,12.3086352644,60.34346178999999
1148,2015-02-15,1.466701867511487,,10.995574281351757,,0.4791383176495391,,0.6573768363411063,,,,9.200962157757068,0.027732037901623617,5.410154086340908,,9.734903214567511,,2.352467464827876,0.01615956948819429,,,1.6463660585173376,,4.350127241221807,,4.70141844560044,,3.2491315957371394,,5.3831012748588085,0.03456601667034908,0.48084667482503207,,3.7001103193497937,0.03494992610054872,23.59090909,64.04761905,,62.0,,,23.22727273,0.0,26.61363636,39.77083333,18.63636364,69.08333333,22.72727273,51.45833333,24.86363636,76.08695652,23.54545455,55.75,,,25.35416667,53.04166667,20.97727273,56.54166667,24.04545455,52.43478261,23.358143941,52.746835591818176
1149,2015-02-16,1.0666922672810817,,6.997183633587482,,0.2395691588247696,,3.779916808961361,,,,10.890934798977757,,6.955912396724023,,5.892178261448757,0.1891745311955404,4.048432381331693,0.008079784744097145,,,1.6463660585173376,0.08104939361936216,6.5251908618327095,,3.0420942883296966,,6.202887591861813,0.04362337242321227,10.53215466820202,0.03456601667034908,4.568043410837803,,4.798930959641551,0.04148732234957223,22.58333333,28.16666667,,33.45833333,,,23.45833333,5e-324,21.4375,23.20833333,16.08333333,42.60869565,21.90909091,34.70833333,23.25,47.25,17.875,23.08333333,,,27.55208333,24.97916667,19.45833333,53.75,27.0,34.4,22.060700755999996,31.419351119090905
1150,2015-02-17,1.466701867511487,,8.496580126499081,,1.1978457941238478,,6.2450799452405095,,,,9.01318741984366,0.027732037901623617,9.016923477234846,,8.197813233320014,,3.5013469243949777,0.008079784744097145,,,2.195154744689784,0.04052469680968108,4.350127241221807,,3.8717563669650685,,8.418204588955316,0.02181168621160614,8.659771616077219,0.06913203334069816,2.8850800489501918,,5.281066546708343,0.05380779989580882,20.33333333,31.73913043,16.58333333,27.35,,,18.40972222,5e-324,20.85416667,21.08333333,14.75,34.91304348,21.25,29.16666667,22.54166667,42.0,15.375,25.375,,,26.32291667,27.5,18.91666667,29.0,21.875,32.45454545,19.746527778181818,27.325610850909086
1151,2015-02-18,1.2000288006912163,,2.74889357033794,,0.7187074764743087,,3.451228390790808,,,,3.567720020354782,,7.728791551915581,,8.453994896861262,,3.4466383787013064,,,,6.859858577155572,0.04052469680968108,5.075148448092107,,10.785607022259834,,4.282946194380775,,7.489532208499213,0.06913203334069816,2.40423337412516,,4.384070105653847,0.05921372371711672,35.45833333,48.33333333,28.95833333,67.58333333,,,31.39583333,0.0,30.4375,41.4375,24.45833333,60.91666667,29.56521739,44.47826087,31.45833333,63.45833333,28.58333333,45.41666667,,,37.34375,44.75,30.54166667,46.41666667,30.04347826,42.27272727,30.749464754545457,45.91486255818182
1152,2015-02-19,1.6000384009216222,,5.7476865561611445,,,,4.108605227131913,,,,6.572115826969335,0.11092815160649447,7.1276633200999235,,10.503448205191264,,2.2977589191342043,,,,3.0183377739484523,0.1215740904290432,0.7250212068703009,,3.5952023407532776,,4.430633994187008,0.04362337242321227,7.723580090014813,0.03456601667034908,3.8467733986002566,,4.092546262311136,0.04915619102631134,39.29166667,57.69565217,29.29166667,60.25,,,37.51388889,0.0,39.33333333,48.60416667,26.625,61.09090909,37.16666667,50.5,32.86956522,68.39130435,32.29166667,44.375,,,43.34027778,50.14583333,33.27083333,52.08333333,46.125,55.375,36.10177865727273,49.86465444909091
1153,2015-02-20,0.9333557338709464,,3.4985918167937404,,0.4791383176495391,,3.451228390790808,,,,6.572115826969335,,8.845172553858943,,9.222539887485011,0.03783490623910808,2.7354272846835763,0.03231913897638858,,,3.292732117034676,0.1215740904290432,4.350127241221807,,4.977972471812231,0.04084365565877481,5.759824192443111,0.02181168621160614,8.425723734561616,0.06913203334069816,3.60635006118774,,4.417707472193389,0.04588749290179958,40.33333333,50.71428571,29.33333333,68.66666667,,,35.01388889,0.0,35.5,41.1875,23.08333333,66.95833333,34.41666667,48.83333333,26.21052632,66.54166667,27.54166667,48.31578947,,,43.18055556,46.66666667,31.29166667,50.782608700000004,49.79166667,54.22727273,34.15423976727272,49.35401120727273
1154,2015-02-21,0.8000192004608111,,4.498189478734808,,0.4791383176495391,,,,,,5.445467399488877,,7.55704062853968,,9.991084878108763,0.03783490623910808,2.13363328205319,0.008079784744097145,,,0.5487886861724459,,2.9000848274812037,,4.977972471812231,,3.9875705947683073,,8.893819497592819,0.03456601667034908,0.48084667482503207,,3.4982861201125326,0.04953334850221654,48.625,49.43478261,32.20833333,56.75,,,44.375,0.0,49.5625,41.5625,29.29166667,60.33333333,40.08333333,46.875,42.95833333,65.91666667,35.33333333,44.45833333,,,47.43055556,49.66666667,35.125,47.04166667,41.47826087,49.5,40.588301492727275,46.503540843636365
1155,2015-02-22,0.4000096002304056,,3.9983906477642734,,2.156122429422926,,1.3147536726822129,,,,5.257692661575468,,6.698286011660169,,13.065264840603767,,2.0242161906658467,0.01615956948819429,0.4100276358626571,,5.213492518638237,,7.975233275573308,,4.70141844560044,,4.430633994187008,,2.574526696671605,0.10369805001104723,2.644656711537676,,3.7001103193497937,0.03922437749414102,46.18181818,42.59090909,32.68181818,48.625,,,41.06818182,0.0,43.13636364,41.20833333,28.22727273,52.13636364,38.72727273,43.83333333,42.81818182,60.29166667,35.90909091,39.95833333,,,41.89583333,45.47619048,32.70454545,45.20833333,47.18181818,47.14285714,39.139290633636364,42.40648366727273
1156,2015-02-23,1.466701867511487,,9.496177788440152,,0.7187074764743087,,2.793851554449702,,,,6.947665302796153,,9.53217624736255,,5.892178261448757,,2.8995529217645912,0.008079784744097145,0.8200552717253142,,5.4878868617244585,,2.1750636206109037,,3.5952023407532776,,7.236702190505446,0.02181168621160614,8.659771616077219,0.10369805001104723,2.40423337412516,,4.78771850412837,0.04148732234957223,31.45833333,50.70833333,18.875,54.625,,,27.90277778,0.0,29.625,45.4375,18.375,58.36363636,26.91666667,39.91666667,25.41176471,45.625,22.33333333,39.75,,,39.25694444,40.5625,20.625,41.84210526,37.5,64.10526316,27.11634729636364,43.72145498
1157,2015-02-24,0.8000192004608111,,7.247083049072748,,1.437414952948617,,2.6295073453644253,,,,6.008791613229108,,8.931048015546894,,11.271993195815014,,3.8843067442506793,0.008079784744097145,,,4.390309489379567,,5.800169654962407,,3.8717563669650685,0.08168731131754962,5.464448592830643,0.02181168621160614,3.744766104249607,,3.8467733986002566,,4.653169037970195,0.05368208073717376,37.29166667,61.45833333,24.04166667,67.375,,,33.40277778,5e-324,39.3125,53.16666667,23.83333333,80.04166667,32.66666667,58.79166667,,,27.625,53.54166667,,,40.78472222,58.41666667,29.89583333,55.20833333,36.95833333,71.33333333,32.58125,55.933333334
1158,2015-02-25,0.6666826670506759,,8.74647954198435,,1.1978457941238478,,4.437293645302467,,,,9.01318741984366,0.055464075803247234,6.698286011660169,,4.6112699437425055,,4.1031409270253665,0.01615956948819429,,,5.4878868617244585,0.04052469680968108,5.800169654962407,,2.2124322096943247,,5.169072993218176,,9.59596314213962,0.03456601667034908,1.9233866993001283,,4.6083192159174695,0.05217345083355295,33.08333333,57.90909091,28.41666667,55.83333333,,,32.86111111,5e-324,42.29166667,44.66666667,23.125,67.60869565,30.625,47.5,35.20833333,63.04761905,27.58333333,44.66666667,,,43.27083333,43.27083333,26.89583333,45.4,44.20833333,64.04166667,33.41540403909091,48.54041566181818
1159,2015-02-26,0.4000096002304056,,6.247485387131679,,0.9582766352990782,,3.6155725998760846,,,,11.078709536891164,0.027732037901623617,7.471165166851728,,9.991084878108763,,3.610764015782321,0.01615956948819429,,,4.66470383246579,,4.350127241221807,,3.0420942883296966,,5.612136392636877,0.04362337242321227,4.680957630312009,,2.644656711537676,,4.574681849377926,0.05167057419901268,30.5,24.0,31.45833333,46.625,,,31.56944444,0.0,40.375,37.125,26.58333333,59.28571429,33.16666667,40.58333333,36.41666667,57.125,31.125,34.45833333,,,39.18055556,36.91666667,28.72916667,41.77777778,40.45833333,46.47826087,33.59659090909091,38.579553297272724
1160,2015-02-27,0.9333557338709464,,5.7476865561611445,,1.1978457941238478,,3.1225399726202547,,,,6.572115826969335,,5.8395313947806615,,6.148359924990009,0.03783490623910808,3.22780419592662,0.008079784744097145,,,1.0975773723448918,,6.5251908618327095,,3.0420942883296966,,5.464448592830643,,6.553340682436812,0.10369805001104723,3.8467733986002566,,3.868297152047512,0.05129341672310748,27.20833333,44.68421053,22.41666667,51.25,,,25.02777778,0.0,26.58333333,33.85416667,18.66666667,57.30434783,21.31578947,39.5,27.66666667,50.75,19.73913043,35.69565217,,,32.33333333,42.20833333,20.91666667,41.15,33.20833333,34.82608696,25.007517970909092,39.2020724990909
1161,2015-02-28,1.2000288006912163,,4.2482900632495415,,0.7187074764743087,,,,,,6.196566351142516,,3.77852031426984,,9.734903214567511,,1.7506734621974889,0.01615956948819429,,,3.841520803207121,0.04052469680968108,6.5251908618327095,0.1070767868555349,3.8717563669650685,,5.169072993218176,,5.3831012748588085,0.10369805001104723,2.8850800489501918,,3.1731249102302783,0.04337310972909824,32.375,35.7,24.29166667,49.25,,,28.63194444,0.0,34.33333333,31.72916667,19.54166667,47.0,27.29166667,34.75,27.54166667,54.82608696,23.91666667,32.79166667,,,36.32291667,33.27083333,24.33333333,45.58333333,32.83333333,40.91304348,28.310290404545455,36.89219367636363
1162,2015-03-01,1.6000384009216222,,2.249094739367405,,1.437414952948617,,,,,,5.445467399488877,,6.698286011660169,,9.734903214567511,,1.5318392794228028,0.008079784744097145,,,3.841520803207121,,8.700254482443611,,6.360742602871183,,6.202887591861813,,6.0852449194056115,0.03456601667034908,1.20211668706258,,3.610410675244344,0.03557852189372406,,16.05,12.375,32.75,,,14.79166667,0.0,16.9375,18.0,12.33333333,24.0,17.20833333,17.04166667,18.625,25.68181818,10.86956522,19.875,,,20.86458333,18.75,12.83333333,29.08695652,21.04166667,,15.787998188,20.123544137000003
1163,2015-03-02,1.6000384009216222,,8.996378957469616,,1.1978457941238478,,3.6155725998760846,,,,12.95645691602526,,7.986417936979432,,10.503448205191264,,2.7354272846835763,0.008079784744097145,,,3.0183377739484523,,10.875318103054514,,6.360742602871183,,6.202887591861813,0.02181168621160614,6.0852449194056115,0.06913203334069816,6.972276784962963,,5.314703913247887,0.040481569080491685,11.16666667,,7.571428571,24.125,,,13.29166667,0.0,13.70833333,,8.625,,12.25,26.04166667,16.58333333,35.0,9.166666667000001,21.33333333,,,19.01736111,23.60416667,9.604166667000001,33.68181818,23.2173913,,13.109274028636365,23.397997835714285
1164,2015-03-03,0.8000192004608111,,7.247083049072748,,0.7187074764743087,,4.272949436217191,,,,11.829808488544804,0.027732037901623617,7.299414243475827,,9.734903214567511,,4.9237691124304375,0.01615956948819429,,,6.859858577155572,,5.800169654962407,,8.296620786353719,,4.726009593799477,,7.255484326983613,0.03456601667034908,3.125503386362708,,5.370766190813792,0.05959088119302192,40.68421053,74.04347826,37.83333333,74.125,,,42.98611111,0.0,55.52083333,70.47727273,31.45833333,71.625,41.33333333,54.58333333,45.20833333,73.5,,,,,47.36111111,60.25,40.22916667,76.59090909,42.91666667,53.91666667,42.553143274,60.91116600800001
1165,2015-03-04,0.4000096002304056,,4.748088894220076,,,,3.779916808961361,,,,10.703160061064343,,8.329919783731238,,6.91690491561376,,3.5560554700886486,0.01615956948819429,,,3.5671264601208983,0.04052469680968108,4.350127241221807,,4.4248644193886495,0.08168731131754962,6.498263191474277,0.02181168621160614,8.893819497592819,,2.8850800489501918,,4.709231315536101,0.060219476986197264,51.95833333,30.0,42.66666667,38.41666667,,,44.95833333,0.0,56.20833333,25.95833333,37.41666667,43.42857143,43.20833333,28.25,42.79166667,36.125,46.16666667,29.33333333,,,52.90625,23.125,41.52083333,41.45833333,47.375,24.25,46.107007575454546,29.12229437181818
1166,2015-03-05,0.8000192004608111,,5.497787140675879,,0.4791383176495391,,5.423358899814127,,,,10.327610585237526,0.055464075803247234,8.415795245419188,,11.784356522897514,,3.6654725614759927,0.008079784744097145,,,2.4695490877760062,,7.975233275573308,,5.807634550447602,0.04084365565877481,3.69219499515584,,10.06405890517082,,3.8467733986002566,,5.0904548029842625,0.052802046626728286,53.27272727,27.0,41.68181818,39.0,,,51.63636364,0.0,49.65909091,33.10416667,37.54545455,40.08333333,53.86363636,36.41666667,58.31818182,46.5,43.68181818,34.375,,,40.68421053,29.08333333,49.06818182,50.16666667,54.71428571,26.73913043,48.55688808818183,32.95166337272727
1167,2015-03-06,1.2000288006912163,,3.4985918167937404,,1.437414952948617,,4.437293645302467,,,,6.008791613229108,,6.955912396724023,,6.148359924990009,,1.641256370810146,0.008079784744097145,,,3.5671264601208983,,5.075148448092107,,5.254526498024021,0.04084365565877481,4.430633994187008,,6.787388563952413,0.03456601667034908,1.6829633618876116,,3.677685408323432,0.057076498020320575,37.26086957,47.42857143,26.91304348,57.47826087,,,35.75694444,0.0,37.33333333,45.20833333,,54.54166667,33.41666667,39.79166667,39.875,45.25,30.125,46.45833333,,,46.0,38.5,34.125,52.73913043,46.71428571,31.95238095,36.75201432,41.75894033454545
1168,2015-03-07,0.4000096002304056,,4.9979883097053435,,0.4791383176495391,,1.9721305090233188,,,,6.7598905648827445,,4.809025854525251,,10.247266541650015,,2.0242161906658467,0.008079784744097145,,,3.292732117034676,,1.4500424137406018,,0.8296620786353718,,3.8398827949620737,,4.9150055118276095,0.06913203334069816,0.7212700122375479,,3.061000355098466,0.041235884032302085,14.5,39.52380952,15.45833333,54.16666667,,,20.54166667,0.0,18.04166667,33.25,17.95833333,51.36363636,17.91304348,34.43478261,19.17391304,54.95652174,17.7826087,42.08695652,,,27.83333333,32.58333333,18.0,60.33333333,17.85714286,30.57894737,18.641821946363635,39.388907950000004
1169,2015-03-08,0.5333461336405407,,3.4985918167937404,,0.7187074764743087,,3.286884181705532,,,,6.947665302796153,,5.496029548028859,,9.478721551026263,,1.641256370810146,0.008079784744097145,,,1.3719717154311146,,5.075148448092107,,3.318648314541487,,1.9199413974810369,,7.723580090014813,,0.24042333741251604,,3.139487543690734,0.03432133030737339,34.73913043,37.217391299999996,27.04166667,43.375,35.75,44.5,33.29166667,5e-324,38.1875,34.08333333,31.91666667,48.70833333,34.0,38.20833333,34.75,44.45454545,30.45833333,40.375,,,44.72916667,37.33333333,32.66666667,53.0952381,36.217391299999996,44.86956522,34.47901570083332,38.851672782499996
1170,2015-03-09,1.0666922672810817,,4.9979883097053435,,1.1978457941238478,,2.4651631362791484,,,,9.388736895670478,0.08319611370487084,9.360425323986648,,7.1730865791550125,,2.790135830377248,,,,7.957435949500465,0.08104939361936216,7.975233275573308,,4.14831039317686,,6.645950991280513,0.02181168621160614,6.553340682436812,,,,4.641956582457015,0.03520136441781885,28.70833333,54.95833333,21.29166667,46.65,27.375,49.08333333,30.40277778,5e-324,32.0,25.54166667,26.58333333,53.45833333,25.83333333,32.08333333,30.16666667,48.83333333,25.33333333,39.875,,,40.77083333,31.5,21.0,60.0,,,28.13320707,40.180303029090915
1171,2015-03-10,0.9333557338709464,,4.498189478734808,,0.7187074764743087,,2.4651631362791484,,,,5.8210168753156974,,4.637274931149348,,9.222539887485011,,1.5865478251164744,0.01615956948819429,,,19.20760401603561,0.1215740904290432,5.800169654962407,,4.4248644193886495,,4.430633994187008,,6.319292800921213,0.03456601667034908,2.8850800489501918,,3.991634162692505,0.052047731674917885,51.125,40.81818182,39.58333333,52.875,41.66666667,39.30434783,44.39583333,0.0,57.66666667,31.95833333,36.95833333,,37.70833333,35.04166667,38.58333333,44.16666667,37.0,42.25,,,64.375,40.05263158,32.91666667,54.95833333,,,43.81628787818182,38.142516123
1172,2015-03-11,0.4000096002304056,,3.2486924013084733,,0.9582766352990782,,2.4651631362791484,,,,4.694368447835239,0.08319611370487084,6.183033241532465,,7.1730865791550125,,3.22780419592662,0.008079784744097145,,,9.878196351104023,,7.975233275573308,,2.7655402621179057,,3.1014437959309067,0.04362337242321227,5.14905339334321,0.03456601667034908,1.9233866993001283,,3.6664729528102495,0.04475602047408398,19.5,18.58333333,18.625,36.20833333,20.33333333,26.375,19.68055556,0.0,18.625,20.25,16.0952381,29.29166667,18.75,24.25,17.16666667,28.875,18.25,26.04166667,,,22.72916667,21.58333333,15.79166667,43.0,,,18.686057,24.950757575454546
1173,2015-03-12,1.6000384009216222,,3.4985918167937404,,0.9582766352990782,,1.8077862999380423,,,,6.008791613229108,,5.8395313947806615,,7.1730865791550125,,2.352467464827876,0.02423935423229144,,,10.975773723448915,0.04052469680968108,0.7250212068703009,,2.4889862359061152,0.04084365565877481,2.658380396512205,,10.766202549717619,0.06913203334069816,3.60635006118774,,3.8234473299947873,0.04111016487366703,14.79166667,46.16666667,12.25,,12.125,52.625,14.34722222,0.0,16.79166667,39.08333333,,49.86956522,12.20833333,43.54166667,15.625,46.16666667,10.625,45.95833333,,,18.70833333,,9.75,58.41666667,,,13.722222222000003,42.425322062222214
1174,2015-03-13,1.3333653341013518,,6.4973848026169465,,,,3.779916808961361,,,,5.445467399488877,,5.066652239589104,,6.91690491561376,,2.13363328205319,,,,6.0366755478969045,,1.4500424137406018,,3.318648314541487,0.04084365565877481,5.907511992249344,,3.276670341218406,,5.529736760487868,,3.655260497297069,0.042870233094557966,22.83333333,15.43478261,14.83333333,27.08333333,,,23.43055556,0.0,22.25,17.85416667,15.33333333,20.75,21.91666667,16.17391304,26.04166667,23.29166667,14.875,16.04166667,,,28.63541667,11.95833333,17.79166667,16.52173913,31.20833333,10.66666667,21.740845959999998,15.979660738181819
1175,2015-03-14,0.4000096002304056,,1.4993964929116033,,0.9582766352990782,,2.6295073453644253,,,,5.257692661575468,,3.9502712376457416,,5.123633270825008,,2.0242161906658467,,,,1.6463660585173376,0.08104939361936216,2.9000848274812037,,1.1062161048471624,,3.2491315957371394,,6.319292800921213,0.03456601667034908,,,2.5003775794394056,0.04098444571503195,19.91666667,14.45833333,11.70833333,23.20833333,,,17.90277778,0.0,15.1875,18.8125,11.58333333,23.16666667,17.875,18.7826087,21.29166667,27.30434783,10.70833333,18.69565217,,,23.90972222,13.47916667,15.625,24.29166667,26.79166667,12.91304348,17.500000000000004,17.73748353181818
1176,2015-03-15,0.9333557338709464,,2.249094739367405,,0.4791383176495391,,2.1364747181085955,,,,7.510989516536382,,4.551399469461399,,7.685449906237513,,0.9847538224860876,,,,4.115915146293344,,4.350127241221807,,1.9358781834825345,,2.953755996124672,,4.9150055118276095,0.03456601667034908,0.24042333741251604,,2.713414234189849,0.028035372375620017,12.27272727,23.17391304,8.5,27.125,,,10.46969697,0.0,13.04545455,18.16666667,7.6363636360000005,28.68181818,10.54545455,21.33333333,10.22727273,24.91666667,9.5,21.41666667,,,11.64583333,20.25,9.659090909,30.75,11.36363636,24.47826087,10.442320936818183,21.844756857272728
1177,2015-03-16,0.5333461336405407,,3.4985918167937404,,0.2395691588247696,,1.9721305090233188,,,,9.764286371497297,,3.2632675441421344,,4.355088280201256,,3.22780419592662,0.008079784744097145,,,13.994111497397368,,4.350127241221807,,2.7655402621179057,,4.282946194380775,,8.893819497592819,0.06913203334069816,4.568043410837803,,3.9243594296134177,0.0304240363896863,23.41666667,18.82608696,20.45833333,22.79166667,,,22.15277778,0.0,21.85416667,16.47916667,16.79166667,29.69565217,22.41666667,20.75,22.08333333,26.30434783,17.875,20.2173913,,,25.94444444,14.60416667,20.125,27.54166667,22.58333333,22.41666667,21.42739899,19.966073782727275
1178,2015-03-17,1.0666922672810817,,5.997585971646413,,0.9582766352990782,,2.793851554449702,,,,9.01318741984366,,5.8395313947806615,,11.528174859356264,,2.680718738989905,0.008079784744097145,,,10.152590694190248,0.04052469680968108,3.625106034351505,,7.466958707718346,,3.3968193955433734,0.02181168621160614,3.744766104249607,,5.529736760487868,,4.417707472193389,0.04400170552227357,28.70833333,28.16666667,21.375,56.79166667,,,25.68055556,0.0,27.16666667,34.41666667,20.25,35.34782609,26.58333333,24.29166667,26.29166667,30.54166667,24.56521739,41.6,,,28.25347222,22.875,24.0,41.04166667,27.95833333,21.125,25.530234409090905,30.563438737272726
1179,2015-03-18,1.0666922672810817,,5.997585971646413,,0.4791383176495391,,2.300818927193872,,,,9.01318741984366,,6.870036935036072,,6.6607232520725095,0.03783490623910808,2.6260101932962336,,,,11.524562409621366,,4.350127241221807,,2.7655402621179057,,4.578321793993243,,5.3831012748588085,0.06913203334069816,2.8850800489501918,,4.193458361929767,0.04953334850221654,28.75,25.33333333,21.75,35.375,,,24.33333333,0.0,22.41666667,21.20833333,18.095238100000003,38.75,25.95833333,25.41666667,26.875,32.875,21.95833333,25.25,,,28.38541667,23.54166667,25.0625,35.375,28.2173913,27.40909091,24.709292066363638,26.412190082727275
1180,2015-03-19,0.5333461336405407,,4.498189478734808,,0.4791383176495391,,3.779916808961361,,,,8.63763794401684,,5.8395313947806615,,7.685449906237513,,2.4618845562152187,,,,8.231830292586688,,6.5251908618327095,0.2141535737110698,5.531080524235811,,4.873697393605709,0.02181168621160614,4.9150055118276095,0.03456601667034908,3.125503386362708,,4.0589088957715935,0.04701896532951519,28.25,41.625,24.95833333,40.58333333,,,28.01388889,0.0,26.25,38.75,21.66666667,50.54166667,26.625,35.782608700000004,26.875,42.91666667,25.875,35.25,,,28.34375,34.95833333,27.35416667,41.33333333,29.33333333,38.91666667,26.685921717272723,36.423418972727276
1181,2015-03-20,0.4000096002304056,,5.24788772519061,,,,2.793851554449702,,,,9.01318741984366,,4.980776777901152,,3.3303616260362547,,2.188341827746861,,,,9.055013321845355,,2.1750636206109037,,4.70141844560044,,4.282946194380775,0.02181168621160614,4.9150055118276095,0.03456601667034908,5.7701600979003835,,3.6664729528102495,0.04551033542589439,26.08333333,54.41666667,23.75,54.95833333,,,25.73611111,5e-324,29.20833333,55.9375,20.625,60.0,27.75,44.125,26.16666667,64.45833333,21.625,56.625,,,29.54166667,42.66666667,25.375,54.70833333,31.83333333,41.29166667,26.15404040363637,48.10795454545455
1182,2015-03-21,0.4000096002304056,,2.74889357033794,,0.4791383176495391,,2.6295073453644253,,,,9.576511633583886,,6.0971577798445145,,4.867451607283757,,2.2430503734405334,0.008079784744097145,,,6.0366755478969045,0.08104939361936216,2.1750636206109037,0.1070767868555349,4.14831039317686,,2.658380396512205,,4.9150055118276095,,2.1638100367126443,,3.3861615649807204,0.04111016487366703,27.125,31.25,21.04166667,41.16666667,,,21.11111111,0.0,24.29166667,30.16666667,17.5,57.86956522,20.66666667,35.04166667,19.47826087,41.73913043,20.66666667,37.79166667,,,24.09375,29.52083333,20.125,45.125,22.83333333,28.82608696,21.721192908181816,34.408843874545454
1183,2015-03-22,0.2666730668202704,,2.74889357033794,,1.6769841117733868,,3.286884181705532,,,,10.327610585237526,,4.7231503928373,,15.883263139557526,,2.4618845562152187,,,,12.347745438880036,0.08104939361936216,4.350127241221807,,0.2765540262117906,,5.169072993218176,,4.4469097487964095,,0.48084667482503207,,4.092546262311136,0.037967185907790336,31.59090909,25.54166667,31.77272727,33.625,,,29.53030303,0.0,31.36363636,23.4375,25.77272727,38.70833333,31.95454545,27.20833333,31.86363636,34.16666667,28.59090909,28.45833333,,,27.47916667,23.45833333,33.18181818,35.47826087,35.54545455,25.875,30.785984847272733,26.90522068454545
1184,2015-03-23,0.8000192004608111,,2.4989941548526717,,0.7187074764743087,,2.9581957635349783,,,,7.698764254449793,0.055464075803247234,5.152527701277054,,3.5865432895775053,,2.8995529217645912,,,,9.32940766493158,0.08104939361936216,2.9000848274812037,,6.084188576659392,,6.498263191474277,0.02181168621160614,7.021436445468013,0.06913203334069816,6.972276784962963,,4.126183628850679,0.04588749290179958,23.58333333,32.875,23.75,42.0,,,22.33333333,0.0,24.97916667,31.6875,19.82608696,45.20833333,24.0,32.54545455,24.75,39.125,22.16666667,33.25,,,24.97569444,26.02083333,22.60416667,42.66666667,31.45454545,29.55,24.03845395636364,32.266253443636366
1185,2015-03-24,1.0666922672810817,,1.7492959083968702,,0.4791383176495391,,1.6434420908527656,,,,7.323214778622973,,5.066652239589104,,8.710176560402513,,3.6654725614759927,0.008079784744097145,,,8.506224635672911,0.04052469680968108,2.1750636206109037,,3.318648314541487,,4.726009593799477,,3.276670341218406,,0.9616933496500641,,3.610410675244344,0.04626465037770478,20.125,22.79166667,17.95833333,37.45833333,,,17.04166667,0.0,20.16666667,23.5,17.58333333,33.83333333,18.3,24.0,19.47826087,30.91304348,17.33333333,26.91666667,,,22.51041667,17.0625,19.47916667,32.70833333,22.70588235,22.0,19.33473271727273,24.65307971
1186,2015-03-25,0.5333461336405407,,2.249094739367405,,,,,,,,9.952061109410707,,4.894901316213201,,4.6112699437425055,0.15133962495643233,3.118387104539277,,,,11.798956752707586,0.1215740904290432,5.800169654962407,,7.190404681506555,0.08168731131754962,3.9875705947683073,0.02181168621160614,3.978813985765208,,2.40423337412516,,3.688897863836613,0.040481569080491685,18.04166667,21.60869565,16.125,35.04166667,,,15.09722222,0.0,21.20833333,24.14583333,13.95833333,34.79166667,16.5,24.13636364,16.375,31.9,14.54166667,27.75,,,23.32986111,19.04166667,16.33333333,33.0,20.41666667,15.33333333,17.447916666363636,24.249929632727273
1187,2015-03-26,0.9333557338709464,,4.2482900632495415,,0.7187074764743087,,2.9581957635349783,,,,12.017583226458216,0.027732037901623617,6.183033241532465,,8.966358223943761,,2.4071760105215474,0.008079784744097145,,,10.701379380362694,0.1215740904290432,2.9000848274812037,,4.977972471812231,,6.350575391668045,0.04362337242321227,4.680957630312009,0.06913203334069816,4.087196736012772,,4.496194660785659,0.041361603190937166,18.25,19.91666667,13.45833333,47.91666667,,,14.73611111,0.0,18.64583333,22.72916667,12.125,26.0,16.75,23.625,17.66666667,33.45833333,11.91666667,23.875,,,22.63194444,18.0625,15.29166667,29.79166667,22.5,16.33333333,16.724747474545453,23.791666667272725
1188,2015-03-27,1.2000288006912163,,3.748491232279008,,0.2395691588247696,,3.9442610180466375,,,,9.200962157757068,,4.551399469461399,,5.379814934366259,,2.6260101932962336,0.008079784744097145,,,9.055013321845355,0.08104939361936216,2.1750636206109037,,4.70141844560044,,2.806068196318438,,5.617149156374412,,,,3.5431359421652573,0.05041338261266201,21.41666667,,18.91666667,36.95652174,,,18.5,0.0,24.1875,32.97916667,11.3,39.08333333,19.66666667,35.6,22.70833333,39.43478261,16.75,33.04166667,,,23.41666667,30.52083333,21.35416667,43.65217391,23.75,30.04166667,20.17878788,32.131014492999995
1189,2015-03-28,0.6666826670506759,,0.7496982464558015,,0.4791383176495391,,2.4651631362791484,,,,10.327610585237526,,4.7231503928373,,9.991084878108763,,1.8053820078911604,0.01615956948819429,,,13.1709284681387,0.04052469680968108,1.4500424137406018,,1.6593241572707436,,1.0338145986436351,,4.212861867280808,,,,3.229187187796184,0.039727254128681284,20.41666667,,16.45833333,29.95833333,,,18.38194444,5e-324,22.04166667,17.58333333,15.375,25.16666667,19.0,23.66666667,20.5,27.31818182,14.5,23.91666667,,,23.17708333,14.39583333,17.75,28.625,24.95833333,12.66666667,19.323547979090907,20.329734849
1190,2015-03-29,1.3333653341013518,,3.2486924013084733,,0.4791383176495391,,2.793851554449702,,,,9.01318741984366,,4.036146699333694,,7.429268242696263,,2.2977589191342043,,,,1.9207604016035604,,5.800169654962407,,1.3827701310589529,,3.3968193955433734,,5.14905339334321,0.06913203334069816,,,3.061000355098466,0.0362071176868994,30.63636364,,26.54545455,22.625,,,31.40151515,0.0,35.25,17.25,25.04545455,20.60869565,29.31818182,17.25,30.72727273,21.20833333,26.68181818,20.375,,,32.55555556,15.47916667,28.20454545,26.91666667,37.72727273,17.16666667,30.372130396363637,17.887952899000005
1191,2015-03-30,0.6666826670506759,,3.748491232279008,,0.2395691588247696,,2.6295073453644253,,,,11.266484274804574,,6.526535088284269,,6.148359924990009,,2.13363328205319,0.01615956948819429,,,6.311069890983127,0.04052469680968108,2.9000848274812037,,1.9358781834825345,,4.1352583945745405,,5.14905339334321,0.03456601667034908,7.2127001223754785,,3.9243594296134177,0.03432133030737339,36.75,,25.91666667,35.625,,,32.59027778,0.0,37.10416667,25.27083333,28.5,33.95833333,31.29166667,27.69565217,30.25,34.04166667,30.83333333,28.33333333,,,38.25,20.60416667,28.1875,35.20833333,37.20833333,24.29166667,32.44381313181818,26.502898549999998
1192,2015-03-31,0.9333557338709464,,4.9979883097053435,,0.2395691588247696,,2.1364747181085955,,,,12.017583226458216,0.027732037901623617,6.0971577798445145,,8.966358223943761,,1.9695076449721751,,,,7.957435949500465,0.04052469680968108,2.9000848274812037,,3.5952023407532776,0.12253096697632446,5.169072993218176,,3.0426224597028058,0.06913203334069816,5.289313423075352,,4.070121351284773,0.04400170552227357,52.20833333,37.5,30.20833333,46.95833333,,,43.86111111,0.0,47.25,34.83333333,28.71428571,51.18181818,37.91666667,37.70833333,41.58333333,57.41666667,7.5,36.54166667,,,52.23611111,31.45833333,35.6875,49.25,50.54166667,38.04761905,38.88248556909091,38.263282171818176
1193,2015-04-01,0.13333653341013518,,3.748491232279008,,0.9582766352990782,,,,,,9.764286371497297,0.055464075803247234,4.293773084397545,,2.561816635412504,,3.118387104539277,,0.4100276358626571,,7.408647263328017,,2.1750636206109037,,1.9358781834825345,0.2450619339526489,4.282946194380775,0.04362337242321227,6.0852449194056115,,4.8084667482503205,,3.3861615649807204,0.04563605458452945,,31.85714286,14.90909091,35.54166667,,,17.54545455,0.0,21.09090909,33.63636364,14.13636364,38.16666667,17.13636364,33.16666667,17.18181818,41.70833333,15.13636364,29.83333333,,,19.57291667,33.625,15.56818182,48.70833333,19.86363636,34.0,17.21410985,32.74940968181818
1194,2015-04-02,0.6666826670506759,,3.2486924013084733,,,,1.9721305090233188,,,,11.266484274804574,,6.6124105499722186,,7.941631569778763,,2.078924736359518,0.008079784744097145,,,8.231830292586688,,5.075148448092107,,3.318648314541487,,3.8398827949620737,,7.255484326983613,0.06913203334069816,2.8850800489501918,,3.969209251666143,0.037967185907790336,20.29166667,,18.20833333,49.75,,,18.36111111,0.0,19.79166667,34.66666667,15.375,,19.95833333,34.33333333,18.75,49.08695652,17.83333333,29.70833333,,,22.84722222,28.25,19.29166667,52.58333333,23.66666667,34.09090909,19.488636363636367,34.71883691888888
1195,2015-04-03,0.6666826670506759,,3.9983906477642734,,0.2395691588247696,,2.6295073453644253,,,,7.698764254449793,0.055464075803247234,4.809025854525251,,5.379814934366259,,2.680718738989905,,,,11.524562409621366,,0.7250212068703009,,2.7655402621179057,,3.2491315957371394,,4.212861867280808,,,,3.3413117429279957,0.04450458215681384,52.33333333,64.75,42.16666667,72.70833333,,,48.52777778,5e-324,53.33333333,57.47916667,35.0,76.29166667,48.70833333,53.91666667,53.125,74.125,46.04166667,59.91666667,,,50.85416667,54.95652174,44.5625,77.08333333,49.45833333,64.47826087,47.64646464636364,59.60960144999999
1196,2015-04-04,0.8000192004608111,,1.2494970774263359,,0.2395691588247696,,2.300818927193872,,,,7.886538992363203,,3.3491430058300846,,3.8427249531187564,,1.4224221880354595,,,,8.780618978759135,,1.4500424137406018,,3.0420942883296966,,2.3630047968997383,,3.276670341218406,,,,2.5003775794394056,0.03746430927325007,49.75,21.95652174,38.375,29.83333333,,,43.29861111,0.0,52.85416667,22.95833333,34.66666667,28.31818182,39.79166667,27.16666667,36.25,31.75,47.25,22.25,,,50.44791667,22.1875,39.1875,30.41666667,46.33333333,27.5,43.47316919272727,24.030654869090913
1197,2015-04-05,0.2666730668202704,,2.74889357033794,,0.4791383176495391,,2.9581957635349783,,,,6.196566351142516,,6.183033241532465,,7.685449906237513,,0.7659196397114014,,,,7.683041606414242,,3.625106034351505,,1.6593241572707436,,1.9199413974810369,,4.9150055118276095,0.03456601667034908,2.644656711537676,,2.9825131665061977,0.028035372375620017,37.25,,34.95833333,51.25,,,34.79861111,0.0,39.60416667,34.1875,30.25,50.25,37.29166667,36.5,38.29166667,45.95833333,35.75,40.54166667,,,36.66666667,32.5,33.54166667,54.375,39.54166667,26.54166667,36.17676767818181,37.210416667
1198,2015-04-06,0.9333557338709464,,5.24788772519061,,0.4791383176495391,,2.4651631362791484,,,,8.262088468190019,,5.925406856468612,,11.015811532273764,0.07566981247821616,2.8448443760709194,0.01615956948819429,,,13.445322811224926,,4.350127241221807,0.1070767868555349,6.360742602871183,,2.5106925967059714,,3.5107182227340066,0.10369805001104723,1.6829633618876116,,4.148608539877042,0.03344129619692792,45.95833333,38.20833333,34.41666667,48.16666667,,,39.70833333,0.0,44.625,36.83333333,,51.52380952,37.58333333,37.79166667,40.54166667,46.79166667,38.66666667,37.625,,,48.84722222,35.0,35.95833333,58.95833333,42.5,38.25,40.880555555,39.01352813818182
1199,2015-04-07,1.0666922672810817,,1.7492959083968702,,0.7187074764743087,,3.451228390790808,,,,12.017583226458216,,4.894901316213201,,8.966358223943761,,1.4771307337291313,,,,7.957435949500465,,1.4500424137406018,,4.4248644193886495,,5.169072993218176,0.02181168621160614,6.553340682436812,0.03456601667034908,5.048890085662835,,3.9579967961529614,0.04651608869497492,19.29166667,35.41666667,19.54166667,39.79166667,,,21.15277778,0.0,17.625,27.85416667,19.875,42.04166667,21.875,28.58333333,22.875,38.29166667,18.33333333,30.83333333,,,27.5,31.83333333,20.08333333,45.70833333,22.72727273,19.0,20.98909550090909,30.850378788181818
1200,2015-04-08,0.8000192004608111,,2.74889357033794,,0.2395691588247696,,2.793851554449702,,,,8.07431373027661,,3.864395775957792,,6.148359924990009,,2.2430503734405334,,,,7.957435949500465,,2.9000848274812037,,2.7655402621179057,0.08168731131754962,2.953755996124672,,8.659771616077219,0.03456601667034908,3.8467733986002566,,3.4085864760070828,0.04437886299817877,34.90909091,43.26086957,25.625,52.41666667,33.125,50.0,35.04166667,0.0,40.85416667,34.8125,28.66666667,52.45833333,31.125,40.45833333,32.34782609,56.0,32.20833333,43.5,,,47.22916667,38.91666667,29.79166667,57.91666667,40.18181818,43.2,34.25878348833333,42.74500301999999
1201,2015-04-09,0.9333557338709464,,2.4989941548526717,,0.4791383176495391,,2.6295073453644253,,,,9.200962157757068,,5.925406856468612,,12.040538186438766,,2.352467464827876,0.008079784744097145,,,3.292732117034676,,2.9000848274812037,,2.7655402621179057,,3.9875705947683073,,4.212861867280808,0.13826406668139632,2.8850800489501918,,3.655260497297069,0.03821862422506047,26.375,47.125,20.095238100000003,38.27272727,27.56521739,42.83333333,26.41666667,5e-324,33.75,27.65217391,24.43478261,43.5,24.95833333,33.0,26.58333333,50.70833333,28.08333333,40.79166667,,,35.77083333,24.79166667,25.3,54.0,,,27.212067099090913,36.60680919818182
1202,2015-04-10,0.6666826670506759,,3.748491232279008,,1.1978457941238478,,1.8077862999380423,,,,6.7598905648827445,,4.036146699333694,,3.8427249531187564,,1.860090553584832,0.008079784744097145,,,5.762281204810683,,3.625106034351505,,3.5952023407532776,,4.282946194380775,,6.319292800921213,0.03456601667034908,1.9233866993001283,,3.0385754440721033,0.04098444571503195,57.5,40.16666667,48.33333333,58.29166667,,,52.26388889,0.0,69.54166667,38.5,45.83333333,,46.25,34.58333333,48.75,48.16666667,,,,,,,40.625,53.66666667,,,51.1371527775,39.05357142999999
1203,2015-04-11,1.2000288006912163,,1.7492959083968702,,0.7187074764743087,,,,,,4.694368447835239,,4.809025854525251,,4.6112699437425055,0.03783490623910808,1.860090553584832,0.008079784744097145,,,12.896534125052474,,0.7250212068703009,,2.2124322096943247,,3.69219499515584,0.02181168621160614,4.4469097487964095,,1.9233866993001283,,2.9152384334271098,0.03406989199010325,33.125,40.16666667,23.95833333,55.782608700000004,30.41666667,44.125,31.89583333,0.0,37.58333333,30.70833333,25.58333333,40.58333333,25.375,32.95833333,25.25,45.16666667,28.875,41.0,,,37.4375,30.75,21.25,59.782608700000004,,,29.159090908181824,38.27486824818182
1204,2015-04-12,1.0666922672810817,,1.2494970774263359,,,,2.1364747181085955,,,,5.257692661575468,,4.379648546085496,,15.370899812475026,,1.7506734621974889,0.01615956948819429,,,7.408647263328017,,4.350127241221807,0.1070767868555349,3.0420942883296966,,4.873697393605709,,5.3831012748588085,0.13826406668139632,1.4425400244750959,,3.397374020493902,0.032686981245117507,17.66666667,62.79166667,10.75,,17.70833333,62.41666667,20.05555556,0.0,17.54166667,58.09090909,,63.875,18.08333333,43.782608700000004,18.70833333,54.04166667,11.20833333,65.91666667,,,24.875,52.08333333,14.125,67.125,,,17.072222222,53.01235178
1205,2015-04-13,0.4000096002304056,,2.74889357033794,,1.1978457941238478,,1.6434420908527656,,,,6.572115826969335,,4.980776777901152,,8.197813233320014,,1.4224221880354595,,,,5.762281204810683,,2.9000848274812037,,4.977972471812231,0.04084365565877481,5.021385193411943,,4.9150055118276095,0.10369805001104723,1.20211668706258,,3.1731249102302783,0.03809290506642541,26.6,,27.66666667,63.41666667,,,34.10416667,5e-324,42.02083333,42.75,26.75,57.95833333,34.58333333,44.25,36.29166667,52.0,34.375,49.04166667,,,39.57291667,44.77083333,34.04166667,60.75,38.91666667,52.625,34.08390151636363,46.75625
1206,2015-04-14,0.9333557338709464,,4.9979883097053435,,0.2395691588247696,,,,,,7.323214778622973,,4.036146699333694,,3.5865432895775053,,2.188341827746861,,,,9.878196351104023,,5.800169654962407,,3.5952023407532776,,4.1352583945745405,,5.14905339334321,,3.8467733986002566,,3.262824554335728,0.03557852189372406,32.66666667,39.58333333,21.54166667,54.91666667,,,27.83333333,0.0,34.25,36.625,20.20833333,59.41666667,25.75,44.16666667,28.08333333,52.41666667,24.375,43.04166667,,,36.625,36.20833333,23.77083333,55.625,36.66666667,38.66666667,28.342803029999995,41.87878788
1207,2015-04-15,0.6666826670506759,,4.498189478734808,,,,1.6434420908527656,,,,3.1921705445279627,,3.435018467518036,,5.379814934366259,,1.5865478251164744,0.008079784744097145,,,6.0366755478969045,,3.625106034351505,,1.6593241572707436,,3.3968193955433734,,4.9150055118276095,0.03456601667034908,2.644656711537676,,2.556439857005312,0.0365842751628046,31.5,45.0,21.54166667,65.5,,,32.61111111,0.0,39.08333333,43.6875,23.54166667,57.41666667,33.125,46.43478261,32.5,51.66666667,24.31818182,51.0,,,40.81944444,38.02083333,26.66666667,64.91666667,39.83333333,44.73913043,31.412764003636365,46.21656785272727
1208,2015-04-16,0.8000192004608111,,6.247485387131679,,0.2395691588247696,,2.9581957635349783,,,,4.131044234095009,,3.520893929205987,,7.429268242696263,,1.9695076449721751,0.008079784744097145,,,5.762281204810683,,5.075148448092107,,4.977972471812231,,3.69219499515584,,4.212861867280808,,,,2.9937256220193778,0.02866396816879536,53.33333333,42.05263158,34.45833333,65.625,,,40.69444444,0.0,48.41666667,46.0,31.33333333,59.0,32.7,43.57142857,40.0,49.72727273,41.79166667,51.375,,,47.39583333,41.14583333,35.79166667,56.41666667,42.0,47.20833333,40.71957070636364,45.64746965545455
1209,2015-04-17,0.8000192004608111,,1.2494970774263359,,0.7187074764743087,,1.6434420908527656,,,,5.8210168753156974,,3.435018467518036,,4.098906616660007,,2.790135830377248,0.008079784744097145,,,5.762281204810683,,4.350127241221807,,1.9358781834825345,,3.2491315957371394,,6.553340682436812,0.03456601667034908,2.644656711537676,,2.881601066887567,0.03356701535556298,44.20833333,59.25,30.08333333,67.0,,,37.91666667,0.0,42.72916667,49.8125,28.45833333,65.58333333,37.625,52.16666667,34.14285714,61.66666667,35.08333333,48.19047619,,,46.49305556,51.83333333,35.375,73.0,41.70833333,55.91666667,37.62031024454546,53.12905844181818
1210,2015-04-18,0.4000096002304056,,2.4989941548526717,,0.7187074764743087,,1.150409463596936,,,,3.567720020354782,,4.551399469461399,,5.123633270825008,,2.6260101932962336,0.01615956948819429,,,6.585464234069352,,1.4500424137406018,,2.4889862359061152,,3.8398827949620737,,5.3831012748588085,0.03456601667034908,2.40423337412516,,2.881601066887567,0.032309823769212306,44.58333333,41.66666667,35.0,54.79166667,,,37.75,0.0,40.5625,35.58333333,30.58333333,49.875,40.08333333,46.04166667,37.125,60.5,35.33333333,44.41666667,,,44.48958333,38.4375,35.5,57.26086957,38.54166667,45.125,38.14109848363637,43.06348814363636
1211,2015-04-19,0.13333653341013518,,7.247083049072748,,,,1.9721305090233188,,,,2.8166210687011435,,2.9197656973903308,,5.379814934366259,,2.571301647602562,,,,3.841520803207121,,0.7250212068703009,,0.2765540262117906,,3.69219499515584,,3.5107182227340066,,2.8850800489501918,,2.5452274014921312,0.032309823769212306,42.22727273,31.66666667,35.13636364,33.0,,,37.83333333,0.0,45.02272727,26.77083333,27.04545455,36.13636364,38.90909091,34.60869565,39.90909091,37.04166667,35.18181818,26.70833333,,,42.86458333,28.39583333,34.63636364,44.20833333,44.68181818,36.70833333,38.49526515181818,30.476823570909087
1212,2015-04-20,0.9333557338709464,,4.498189478734808,,0.4791383176495391,,1.6434420908527656,,,,9.01318741984366,,4.7231503928373,,5.635996597907507,,2.352467464827876,0.008079784744097145,,,12.622139781966254,,2.1750636206109037,,3.5952023407532776,,3.69219499515584,,5.851197037890012,,3.60635006118774,,3.7225352303761565,0.028538249010160287,46.25,37.70833333,43.33333333,47.58333333,,,39.02777778,0.0,46.52083333,38.41666667,34.25,45.33333333,43.20833333,40.875,42.41666667,47.08333333,44.20833333,38.45833333,,,46.01041667,38.66666667,40.20833333,49.8,45.70833333,41.20833333,42.83112373636364,38.648484847272734
1213,2015-04-21,0.2666730668202704,,1.9991953238821367,,0.9582766352990782,,,,,,7.510989516536382,,4.551399469461399,,7.941631569778763,,2.352467464827876,0.008079784744097145,,,6.311069890983127,,4.350127241221807,,3.8717563669650685,,5.021385193411943,,7.021436445468013,0.10369805001104723,3.3659267237752233,,3.3861615649807204,0.041738760666842366,41.0,50.79166667,32.625,60.875,,,34.91666667,5e-324,46.85416667,48.39583333,29.125,63.75,36.79166667,49.95454545,25.05263158,57.5,39.79166667,46.125,,,40.90625,47.70833333,33.4375,68.58333333,39.375,51.29166667,36.35232256909091,49.54321625272728
1214,2015-04-22,0.6666826670506759,,3.9983906477642734,,0.2395691588247696,,2.300818927193872,,,,4.694368447835239,,4.465524007773447,,3.8427249531187564,,2.078924736359518,,,,1.3719717154311146,,3.625106034351505,,4.977972471812231,,3.2491315957371394,0.02181168621160614,5.851197037890012,0.03456601667034908,4.8084667482503205,,2.926450888940292,0.037967185907790336,38.45833333,59.83333333,25.04166667,64.29166667,,,30.95833333,0.0,42.33333333,52.52083333,24.375,62.70833333,30.70833333,47.83333333,29.75,68.375,31.04166667,49.5,,,40.07291667,51.8125,27.66666667,62.6,28.375,49.29166667,31.707386363636363,51.70606060545455
1215,2015-04-23,1.2000288006912163,,1.4993964929116033,,0.2395691588247696,,2.300818927193872,,,,3.755494758268192,,3.520893929205987,,5.379814934366259,,1.5318392794228028,,,,1.6463660585173376,,4.350127241221807,,5.531080524235811,,3.69219499515584,0.02181168621160614,3.744766104249607,,4.3276200734252885,,2.590077223544856,0.03281270040375258,26.47368421,41.66666667,22.39130435,63.0,,,29.09722222,0.0,34.27083333,43.95833333,22.04166667,53.08333333,27.625,42.54166667,29.375,64.41666667,26.25,42.91666667,,,34.63888889,39.52083333,23.52083333,59.625,31.875,48.25,27.95994845454545,45.361742424545454
1216,2015-04-24,0.6666826670506759,,2.74889357033794,,0.7187074764743087,,2.9581957635349783,,,,2.8166210687011435,,4.809025854525251,,0.2561816635412504,,2.2977589191342043,,,,5.213492518638237,,2.1750636206109037,,3.0420942883296966,,2.0676291972872702,0.02181168621160614,7.489532208499213,0.06913203334069816,2.40423337412516,,2.6909893231634867,0.02904112564470056,33.375,32.33333333,24.35,46.625,,,32.73611111,0.0,32.875,27.64583333,27.33333333,41.45833333,33.875,42.33333333,33.54166667,52.08333333,27.95833333,32.08333333,,,36.56944444,31.10416667,28.29166667,52.875,38.33333333,39.29166667,31.74898989818182,36.16666666545455
1217,2015-04-25,0.8000192004608111,,3.748491232279008,,0.4791383176495391,,1.150409463596936,,,,7.323214778622973,,3.091516620766233,,3.5865432895775053,,2.2977589191342043,,,,0.5487886861724459,,4.350127241221807,,2.2124322096943247,,4.1352583945745405,,3.5107182227340066,,0.48084667482503207,,2.489165123926225,0.030172598072416162,44.91666667,41.33333333,34.66666667,51.25,,,39.74305556,0.0,52.39583333,44.125,31.66666667,53.375,39.75,44.58333333,41.58333333,51.875,37.20833333,38.375,,,43.67708333,41.5,38.66666667,47.06666667,43.91304348,50.42857143,40.74430445818182,42.173809523636365
1218,2015-04-26,0.2666730668202704,,7.247083049072748,,,,1.9721305090233188,,,,7.698764254449793,,3.77852031426984,,9.222539887485011,,1.6959649165038175,,,,0.8231830292586688,,1.4500424137406018,,2.2124322096943247,,2.0676291972872702,,5.851197037890012,,1.6829633618876116,,2.847963700348023,0.02790965321698496,55.77272727,41.08333333,50.72727273,49.45833333,,,44.696969700000004,0.0,56.34090909,39.45833333,36.72727273,50.45833333,41.68181818,45.0,44.52380952,53.52173913,48.0,41.875,,,50.0,40.27083333,42.61363636,52.08333333,49.72727273,47.65217391,47.3465171190909,41.89649209272728
1219,2015-04-27,0.9333557338709464,,2.74889357033794,,0.2395691588247696,,2.300818927193872,,,,8.82541268193025,,3.177392082454184,,5.892178261448757,,2.8995529217645912,0.008079784744097145,,,3.292732117034676,,4.350127241221807,,4.4248644193886495,,3.5445071953496066,0.02181168621160614,4.4469097487964095,,,,3.0273629885589224,0.031932666293307106,47.625,41.08333333,42.20833333,43.095238099999996,,,40.47222222,0.0,48.47916667,37.8125,35.70833333,44.0,41.95833333,42.83333333,45.70833333,51.0,45.125,33.91666667,,,46.22569444,39.16666667,39.10416667,49.875,49.782608700000004,45.90909091,43.854290183636365,38.97198445545454
1220,2015-04-28,1.2000288006912163,,3.9983906477642734,,1.1978457941238478,,1.9721305090233188,,,,8.63763794401684,,3.6926448525818887,,6.148359924990009,0.03783490623910808,2.5165931019088905,0.008079784744097145,,,2.195154744689784,,,,3.0420942883296966,,4.430633994187008,,3.276670341218406,,2.40423337412516,,3.072212810611646,0.03394417283146819,39.83333333,54.16666667,33.91666667,64.16666667,,,36.01388889,0.0,38.4375,44.75,28.33333333,63.04545455,39.45833333,49.45833333,37.375,64.04166667,32.20833333,49.16666667,,,41.09375,52.95833333,37.02083333,60.58333333,39.16666667,63.375,36.62342171636364,51.42837465636364
1221,2015-04-29,0.9333557338709464,,2.249094739367405,,0.4791383176495391,,2.4651631362791484,,,,6.196566351142516,0.08319611370487084,2.7480147740144294,,1.0247266541650015,,2.078924736359518,0.008079784744097145,,,1.3719717154311146,,4.350127241221807,,3.8717563669650685,,3.2491315957371394,0.02181168621160614,3.276670341218406,0.03456601667034908,0.9616933496500641,,2.298553380202145,0.03444704946600845,10.54166667,48.95833333,7.458333333,55.83333333,,,13.29166667,5e-324,13.6875,43.5,8.958333332999999,58.73913043,14.125,38.04166667,16.70833333,48.5,8.333333332999999,47.125,,,20.57291667,33.25,12.0625,48.66666667,21.4,33.76190476,13.376325758090907,41.48873047181818
1222,2015-04-30,0.9333557338709464,,1.7492959083968702,,0.4791383176495391,,2.4651631362791484,,,,8.82541268193025,,3.606769390893938,,10.503448205191264,0.07566981247821616,2.2430503734405334,0.01615956948819429,,,1.0975773723448918,,1.4500424137406018,,2.4889862359061152,,1.6245657978685697,0.02181168621160614,3.276670341218406,0.06913203334069816,3.3659267237752233,,2.8703886113743846,0.02577242752018881,29.625,40.375,22.08695652,39.1,,,25.05555556,0.0,25.33333333,36.33333333,19.125,41.79166667,25.91666667,31.125,27.875,37.75,23.45833333,32.28571429,,,30.60763889,32.04166667,25.22916667,39.77272727,29.81818182,23.45454545,25.83007570818182,32.184513970909094
1223,2015-05-01,0.9333557338709464,,2.4989941548526717,,0.2395691588247696,,2.4651631362791484,,,,3.567720020354782,,2.83389023570238,,7.429268242696263,,2.4618845562152187,0.01615956948819429,,,1.6463660585173376,,3.625106034351505,0.1070767868555349,2.7655402621179057,,2.5106925967059714,,3.978813985765208,0.03456601667034908,3.125503386362708,,2.5452274014921312,0.03218410461057724,,24.39130435,10.0,33.45833333,,,13.625,0.0,20.75,22.08695652,9.458333332999999,35.56521739,11.04166667,25.75,9.0,41.125,14.25,24.16666667,,,14.98263889,23.875,11.8125,41.33333333,11.39130435,34.41176471,12.6311443243,27.83305239090909
1224,2015-05-02,0.6666826670506759,,1.7492959083968702,,,,0.8217210454263828,,,,4.694368447835239,,4.809025854525251,,2.817998298953753,,1.3677136423417882,,,,1.3719717154311146,,2.9000848274812037,,3.318648314541487,,2.658380396512205,0.02181168621160614,4.680957630312009,0.03456601667034908,3.3659267237752233,,2.320978291228508,0.028538249010160287,32.625,,22.79166667,47.625,,,26.25,0.0,30.82608696,43.86956522,19.75,60.125,25.95833333,39.0,24.83333333,50.58333333,25.33333333,37.54166667,,,33.86805556,40.3125,24.83333333,57.875,27.66666667,47.41666667,26.79416447090909,42.434873188999994
1225,2015-05-03,0.13333653341013518,,2.9987929858232065,,0.4791383176495391,,1.9721305090233188,,,,6.7598905648827445,,4.122022161021643,,10.247266541650015,,1.641256370810146,,,,0.8231830292586688,,3.625106034351505,,4.70141844560044,,1.7722535976748033,,4.9150055118276095,0.03456601667034908,0.9616933496500641,,2.72462668970303,0.026023865837458943,36.5,60.782608700000004,22.95833333,64.41666667,,,28.83333333,0.0,37.22916667,59.41666667,20.08333333,73.66666667,26.5,58.91666667,28.41666667,75.83333333,25.70833333,54.33333333,,,37.49652778,58.0625,26.02083333,70.125,33.91666667,73.79166667,29.423926767272725,59.03137351909092
1226,2015-05-04,0.5333461336405407,,5.24788772519061,,0.2395691588247696,,1.3147536726822129,,,,12.393132702285031,,4.894901316213201,,5.379814934366259,,2.078924736359518,,0.4100276358626571,,3.841520803207121,,0.7250212068703009,,2.4889862359061152,,3.3968193955433734,,3.744766104249607,0.03456601667034908,4.087196736012772,,3.3300992874148148,0.030549755548321362,49.72727273,35.5,37.68181818,34.25,,,48.62121212,5e-324,48.86363636,28.95833333,37.31818182,38.29166667,46.40909091,29.16666667,47.40909091,37.54166667,42.45454545,26.58333333,,,52.65277778,30.39583333,41.65909091,39.08333333,53.18181818,31.08333333,45.998048668181816,30.077651514545458
1227,2015-05-05,0.9333557338709464,,3.4985918167937404,,0.7187074764743087,,2.793851554449702,,,,10.139835847324118,,5.410154086340908,,7.429268242696263,,1.9147990992785042,,,,1.3719717154311146,,3.625106034351505,,4.14831039317686,,2.3630047968997383,,4.212861867280808,0.03456601667034908,6.251006772725416,,3.4422238425466265,0.037338590114615,45.83333333,,36.875,52.66666667,,,40.875,0.0,47.72916667,39.375,35.45833333,45.125,43.52173913,34.90909091,45.375,44.29166667,,,,,47.01388889,29.39583333,41.75,47.29166667,46.58333333,26.0,43.101479468,35.450547138888886
1228,2015-05-06,1.0666922672810817,,3.748491232279008,,0.9582766352990782,,1.4790978817674891,,,,7.323214778622973,,4.379648546085496,,1.7932716447887531,,2.2977589191342043,0.008079784744097145,,,2.743943430862229,,,,6.913850655294765,,2.953755996124672,,7.021436445468013,,4.087196736012772,,3.1058501771511917,0.038595781700965684,21.26086957,36.904761900000004,15.375,51.70833333,,,18.8125,0.0,16.77083333,34.125,,52.16666667,22.45833333,30.08333333,21.83333333,33.25,14.125,40.375,,,24.40972222,35.125,18.375,47.0,23.375,24.83333333,19.679559178,35.05194805090909
1229,2015-05-07,0.8000192004608111,,1.9991953238821367,,0.4791383176495391,,1.6434420908527656,,,,8.44986320610343,,2.9197656973903308,,10.503448205191264,,2.0242161906658467,,,,1.6463660585173376,,2.9000848274812037,,5.254526498024021,0.04084365565877481,2.953755996124672,,1.8723830521248035,0.03456601667034908,3.125503386362708,,2.836751244834842,0.03482420694191365,34.95238095,26.58333333,28.5,30.0,,,33.53787879,5e-324,40.34090909,19.125,29.0,26.125,32.3,19.69565217,31.90909091,22.91666667,31.31818182,24.08333333,,,41.696969700000004,17.04347826,28.45238095,25.16666667,39.3,18.2,33.75525383727273,20.81264822090909
1230,2015-05-08,0.6666826670506759,,2.4989941548526717,,0.4791383176495391,,2.300818927193872,,,,4.694368447835239,,5.152527701277054,,4.098906616660007,,2.078924736359518,,,,2.195154744689784,,0.7250212068703009,,2.7655402621179057,,3.3968193955433734,,8.893819497592819,0.03456601667034908,5.529736760487868,,3.061000355098466,0.03180694713467204,30.16666667,32.39130435,22.04166667,40.08333333,26.70833333,36.625,31.04166667,0.0,36.625,25.60869565,12.72222222,45.66666667,26.875,28.95833333,27.5,39.625,29.60869565,31.625,,,42.0625,22.66666667,25.54166667,39.5,37.91666667,34.19047619,29.067507045833327,31.411706349166664
1231,2015-05-09,0.6666826670506759,,1.4993964929116033,,1.1978457941238478,,1.8077862999380423,,,,2.8166210687011435,,3.435018467518036,,2.561816635412504,,1.5865478251164744,,,,1.0975773723448918,,5.075148448092107,,1.6593241572707436,,2.0676291972872702,,1.638335170609203,,1.6829633618876116,,1.8612676151880785,0.03432133030737339,40.20833333,34.08333333,23.75,35.375,32.83333333,32.95833333,36.54166667,0.0,41.45833333,21.91304348,28.83333333,40.5,29.83333333,26.66666667,28.0,40.90909091,31.95833333,30.20833333,,,45.375,26.41666667,25.04166667,49.58333333,,,33.075757574545456,30.783072822727277
1232,2015-05-10,0.8000192004608111,,1.4993964929116033,,0.4791383176495391,,0.9860652545116594,,,,5.445467399488877,,3.2632675441421344,,3.5865432895775053,,1.8053820078911604,,,,,,3.625106034351505,,0.5531080524235812,,0.7384389990311679,,3.978813985765208,,0.24042333741251604,,1.838842704161716,0.020869380333421183,38.29166667,57.83333333,31.91666667,71.58333333,34.45833333,50.625,40.02777778,0.0,47.375,47.58333333,34.42857143,,34.16666667,41.5,34.70833333,,35.375,53.125,,,55.0,48.80952381,27.45833333,64.45833333,,,37.564213564545454,48.39087301444445
1233,2015-05-11,0.4000096002304056,,3.2486924013084733,,0.2395691588247696,,1.6434420908527656,,,,11.078709536891164,,3.9502712376457416,,7.429268242696263,,2.4618845562152187,,,,11.250168066535142,,1.4500424137406018,,2.7655402621179057,,4.282946194380775,0.02181168621160614,7.255484326983613,0.03456601667034908,4.087196736012772,,3.7673850524288817,0.020617942016151046,18.15,,16.41666667,47.17391304,20.75,41.54166667,23.68055556,0.0,28.16666667,35.04166667,19.33333333,36.29166667,19.375,37.29166667,21.16666667,62.04166667,18.41666667,31.95833333,,,32.6875,28.875,15.29166667,60.65217391,,,21.221338385454548,38.086775363
1234,2015-05-12,0.5333461336405407,,3.748491232279008,,0.9582766352990782,,1.8077862999380423,,,,6.196566351142516,,4.637274931149348,,3.3303616260362547,0.11350471871732425,2.4618845562152187,0.008079784744097145,,,8.780618978759135,,3.625106034351505,,3.0420942883296966,,3.69219499515584,,4.680957630312009,,4.087196736012772,,3.2403996433093654,0.04224163730138263,19.20833333,58.16666667,13.33333333,,14.95833333,65.33333333,17.75694444,0.0,22.54166667,39.41666667,,62.83333333,17.83333333,53.625,19.75,83.41666667,13.5,49.79166667,,,24.83333333,56.95833333,13.20833333,84.16666667,,,17.692361108999997,55.370833334
1235,2015-05-13,0.6666826670506759,,2.4989941548526717,,1.6769841117733868,,1.6434420908527656,,,,10.139835847324118,,4.122022161021643,,4.6112699437425055,,2.188341827746861,0.008079784744097145,,,7.957435949500465,,2.1750636206109037,,4.14831039317686,,2.953755996124672,,4.212861867280808,,3.3659267237752233,,3.262824554335728,0.03633283684553446,31.625,42.08333333,22.875,44.0,,,30.09722222,0.0,33.10416667,36.45833333,23.04166667,43.0,30.0,28.45833333,29.16666667,39.20833333,23.04166667,38.125,,,40.88888889,33.04166667,25.22916667,43.70833333,,,28.906944446000004,34.808333332000004
1236,2015-05-14,0.8000192004608111,,1.2494970774263359,,0.7187074764743087,,0.9860652545116594,,,,5.445467399488877,,3.77852031426984,,4.098906616660007,,2.352467464827876,,,,7.957435949500465,,5.800169654962407,,2.7655402621179057,,2.658380396512205,0.04362337242321227,3.5107182227340066,,6.491430110137931,,2.904025977913929,0.0365842751628046,33.0,28.375,24.75,30.45833333,,,33.59722222,0.0,31.97916667,22.83333333,23.91666667,33.29166667,34.125,27.91666667,37.04166667,43.33333333,26.16666667,25.625,,,39.93055556,22.97916667,31.95833333,39.5,,,31.646527779000003,27.43125
1237,2015-05-15,0.2666730668202704,,2.4989941548526717,,0.2395691588247696,,1.9721305090233188,,,,6.572115826969335,,4.980776777901152,,6.6607232520725095,0.11350471871732425,2.0242161906658467,,,,5.4878868617244585,,1.4500424137406018,,1.9358781834825345,,2.3630047968997383,,3.5107182227340066,,2.40423337412516,,2.81432633380848,0.03256126208648245,31.86956522,33.80952381,27.41666667,45.04166667,,,33.65277778,5e-324,31.5625,33.45833333,25.79166667,42.29166667,34.625,32.20833333,39.08333333,41.54166667,25.91666667,37.0,,,43.86111111,27.5,31.29166667,50.47826087,44.79166667,26.79166667,33.62387461727272,33.64737436545454
1238,2015-05-16,0.8000192004608111,,0.4997988309705343,,0.7187074764743087,,2.300818927193872,,,,6.3843410890559245,,3.606769390893938,,3.8427249531187564,,1.7506734621974889,,,,3.841520803207121,,3.625106034351505,,1.3827701310589529,0.04084365565877481,1.9199413974810369,,3.276670341218406,0.06913203334069816,1.9233866993001283,,2.320978291228508,0.031555508817401906,31.375,34.0,27.625,39.95833333,,,31.47916667,0.0,34.52083333,28.0,26.625,42.875,33.95833333,29.90909091,35.08695652,40.57142857,29.13043478,34.58333333,,,34.38194444,25.75,34.41666667,41.77777778,36.5,24.16666667,32.281757794545456,31.053784599090907
1239,2015-05-17,0.4000096002304056,,1.9991953238821367,,0.2395691588247696,,1.4790978817674891,,,,8.262088468190019,,3.0056411590782814,,3.3303616260362547,,2.2430503734405334,,,,3.0183377739484523,,1.4500424137406018,,0.8296620786353718,0.04084365565877481,3.9875705947683073,0.02181168621160614,7.723580090014813,,1.6829633618876116,,2.6573519566239434,0.026023865837458943,41.63636364,33.08333333,34.36363636,31.54166667,,,41.15909091,0.0,50.75,23.29166667,29.81818182,33.58333333,38.59090909,25.66666667,40.18181818,34.66666667,34.81818182,29.70833333,,,48.75757576,24.3125,36.61363636,36.875,44.77272727,22.33333333,40.13292011,26.823863636363637
1240,2015-05-18,0.2666730668202704,,3.748491232279008,,0.9582766352990782,,1.3147536726822129,,,,7.886538992363203,,5.152527701277054,,5.635996597907507,,1.2582965509544453,,,,7.134252920241798,,2.9000848274812037,,3.318648314541487,,2.658380396512205,0.04362337242321227,2.8085745781872054,,4.8084667482503205,,3.00493807753256,0.02979544059651096,40.125,33.58333333,31.04166667,45.08333333,,,37.29166667,0.0,42.1875,30.375,29.33333333,40.875,36.04166667,29.58333333,37.83333333,42.875,32.20833333,33.33333333,,,46.38888889,27.20833333,33.41666667,41.79166667,45.875,30.625,37.43118686909091,32.30303030181818
1241,2015-05-19,0.2666730668202704,,3.4985918167937404,,0.2395691588247696,,1.150409463596936,,,,8.44986320610343,0.027732037901623617,4.637274931149348,,9.478721551026263,,2.188341827746861,,,,9.055013321845355,,1.4500424137406018,,3.5952023407532776,,6.202887591861813,0.02181168621160614,3.5107182227340066,,5.048890085662835,,3.655260497297069,0.03369273451419805,50.5,50.58333333,33.20833333,56.66666667,,,44.04166667,0.0,46.29166667,44.54166667,33.54166667,56.16666667,41.79166667,40.16666667,41.5,56.91666667,34.18181818,40.45,,,54.375,43.1875,38.0625,59.86363636,41.79166667,38.75,41.75327135090909,44.29934573090909
1242,2015-05-20,0.4000096002304056,,1.2494970774263359,,,,1.4790978817674891,,,,8.262088468190019,,5.6677804714047575,,10.503448205191264,,2.078924736359518,,,,4.390309489379567,,2.9000848274812037,,3.318648314541487,,4.282946194380775,0.02181168621160614,5.14905339334321,,4.3276200734252885,,3.4422238425466265,0.04098444571503195,36.875,45.45833333,22.75,51.875,,,31.70833333,0.0,33.70833333,42.25,21.91666667,51.58333333,28.875,41.5,28.5,64.5,25.41666667,43.58333333,,,43.97916667,39.8125,22.85416667,58.04545455,31.70833333,41.875,29.844696969999998,43.68026859454546
1243,2015-05-21,0.13333653341013518,,2.249094739367405,,0.4791383176495391,,1.4790978817674891,,,,6.3843410890559245,0.027732037901623617,4.980776777901152,,4.6112699437425055,,1.9695076449721751,,,,9.878196351104023,,0.7250212068703009,,1.9358781834825345,,3.5445071953496066,,5.3831012748588085,,2.1638100367126443,,2.9937256220193778,0.038595781700965684,39.58333333,42.66666667,18.21052632,50.25,,,36.44444444,0.0,38.9375,37.83333333,29.33333333,47.375,33.58333333,36.58333333,34.41666667,49.83333333,32.91666667,39.45833333,,,41.625,36.8125,32.41666667,48.58333333,44.56521739,37.13043478,34.730244377272726,38.77511528181819
1244,2015-05-22,0.4000096002304056,,2.4989941548526717,,0.4791383176495391,,0.6573768363411063,,,,8.63763794401684,,2.4045129272626253,,4.6112699437425055,,2.0242161906658467,,,,6.311069890983127,,2.1750636206109037,,3.318648314541487,,3.69219499515584,,3.5107182227340066,0.03456601667034908,3.3659267237752233,,2.6909893231634867,0.03356701535556298,35.0,29.0952381,29.58333333,32.29166667,,,30.56944444,0.0,41.35416667,20.76190476,27.29166667,32.54166667,32.75,25.375,30.83333333,29.33333333,31.79166667,30.58333333,,,38.5,19.33333333,31.64583333,38.58333333,32.625,14.3,32.904040403636365,24.74534632
1245,2015-05-23,0.8000192004608111,,1.2494970774263359,,,,0.9860652545116594,,,,3.9432694961816015,,3.9502712376457416,,2.817998298953753,,2.8448443760709194,,,,5.762281204810683,,,,1.3827701310589529,,2.953755996124672,,3.276670341218406,,0.9616933496500641,,2.365828113281232,0.030172598072416162,41.375,33.375,34.20833333,42.5,,,36.97222222,5e-324,43.27083333,33.54166667,30.58333333,47.08333333,36.91666667,28.16666667,39.17391304,36.65217391,37.56521739,36.66666667,,,47.6875,27.39583333,34.20833333,48.70833333,36.5,21.79166667,38.04194114909091,32.35284914363636
1246,2015-05-24,0.13333653341013518,,1.2494970774263359,,0.7187074764743087,,1.6434420908527656,,,,8.07431373027661,,3.606769390893938,,9.478721551026263,,2.571301647602562,,,,9.055013321845355,,3.625106034351505,,,,2.658380396512205,,4.4469097487964095,,,,2.948875799966653,0.026526742471999213,37.45454545,31.625,28.63636364,29.79166667,,,36.42424242,0.0,39.61363636,23.6875,29.72727273,36.58333333,35.57142857,27.0952381,37.81818182,32.33333333,30.72727273,28.16666667,,,41.28030303,27.35416667,29.31818182,41.0,43.09090909,24.66666667,35.423848878181815,27.48214285818182
1247,2015-05-25,0.5333461336405407,,1.9991953238821367,,0.7187074764743087,,1.3147536726822129,,,,8.63763794401684,,4.894901316213201,,4.6112699437425055,,1.8053820078911604,,,,9.055013321845355,,4.350127241221807,,2.7655402621179057,,4.873697393605709,,5.851197037890012,0.06913203334069816,5.048890085662835,,3.419798931520264,0.03306413872102272,41.54166667,29.54166667,28.95652174,32.66666667,,,35.6875,0.0,40.5,24.10416667,28.54166667,35.60869565,35.33333333,28.33333333,32.79166667,37.95833333,30.625,26.95833333,,,44.91666667,25.41666667,30.97916667,41.45833333,42.15,23.73913043,35.63847167454544,27.79866600727273
1248,2015-05-26,3.6000864020736496,,1.7492959083968702,,0.2395691588247696,,2.4651631362791484,,,,10.327610585237526,,4.809025854525251,,4.098906616660007,,2.790135830377248,,,,6.859858577155572,,2.1750636206109037,,3.8717563669650685,,4.282946194380775,0.02181168621160614,5.3831012748588085,0.06913203334069816,5.289313423075352,,3.8570846965343306,0.03834434338369554,32.70833333,26.63636364,22.60869565,35.095238099999996,,,29.66666667,0.0,36.20833333,30.52083333,24.70833333,31.95833333,26.41666667,26.45833333,28.29166667,36.33333333,25.125,33.41666667,,,36.88888889,22.9375,26.70833333,34.58333333,38.04166667,24.20833333,29.761144049090912,27.468024399090915
1249,2015-05-27,1.0666922672810817,,2.4989941548526717,,0.4791383176495391,,1.8077862999380423,,,,7.510989516536382,,3.606769390893938,,1.7932716447887531,,2.7354272846835763,,,,8.231830292586688,,4.350127241221807,,3.318648314541487,,3.1014437959309067,0.04362337242321227,3.744766104249607,0.06913203334069816,7.693546797200511,,3.2179747322830026,0.043247390570463166,37.41666667,40.66666667,27.875,48.28571429,,,33.44444444,0.0,38.60416667,37.72916667,27.58333333,51.66666667,31.83333333,41.33333333,32.375,51.83333333,32.875,41.125,,,39.70833333,35.02083333,28.89583333,58.66666667,34.125,28.95833333,33.15782828181818,39.57142857181819
1250,2015-05-28,0.8000192004608111,,1.2494970774263359,,0.2395691588247696,,0.4930326272558297,,,,9.388736895670478,,3.606769390893938,,8.197813233320014,,2.0242161906658467,,,,6.859858577155572,,2.9000848274812037,,3.8717563669650685,0.08168731131754962,2.806068196318438,,3.744766104249607,,3.8467733986002566,,3.0273629885589224,0.03608139852826433,32.58333333,34.16666667,19.7826087,37.22222222,,,29.02777778,0.0,34.16666667,31.75,20.54166667,43.125,24.875,27.95833333,27.66666667,33.18181818,25.125,32.04166667,,,39.75,27.4375,21.875,41.625,39.375,24.91666667,28.615338165454546,30.311352158181815
1251,2015-05-29,0.9333557338709464,,0.7496982464558015,,0.4791383176495391,,2.1364747181085955,,,,4.131044234095009,,4.379648546085496,,4.098906616660007,,2.571301647602562,,,,7.134252920241798,,2.1750636206109037,,2.7655402621179057,,3.1014437959309067,,3.276670341218406,,3.8467733986002566,,2.81432633380848,0.03394417283146819,32.0,41.70833333,16.79166667,45.125,,,27.83333333,0.0,30.08333333,30.39583333,19.29166667,58.91666667,28.56521739,33.47826087,27.375,47.54166667,23.0,36.29166667,,,38.47222222,28.375,24.66666667,50.83333333,27.30434783,24.19047619,26.853041282727272,36.07783973272727
1252,2015-05-30,1.0666922672810817,,1.7492959083968702,,0.9582766352990782,,1.150409463596936,,,,4.694368447835239,,2.490388388950576,,4.355088280201256,0.07566981247821616,1.8053820078911604,,,,4.66470383246579,,1.4500424137406018,,2.2124322096943247,0.12253096697632446,0.8861267988374016,,4.212861867280808,,0.7212700122375479,,2.06309181442534,0.031555508817401906,28.375,30.54166667,18.125,39.04166667,,,23.625,0.0,30.52083333,28.08333333,16.91666667,45.20833333,22.54166667,33.08333333,20.875,43.33333333,22.29166667,31.41666667,,,33.73611111,25.29166667,19.60416667,42.20833333,28.75,26.04166667,24.123737374545456,31.295454545454547
1253,2015-05-31,0.5333461336405407,,1.2494970774263359,,1.437414952948617,,2.4651631362791484,,,,7.698764254449793,,3.3491430058300846,,4.098906616660007,,1.5318392794228028,,,,8.231830292586688,,5.075148448092107,,1.3827701310589529,,2.3630047968997383,,1.8723830521248035,,1.6829633618876116,,2.5452274014921312,0.02313232518885239,27.59090909,26.45833333,25.0,22.70833333,,,24.48484848,5e-324,34.22727273,19.91666667,21.86363636,30.83333333,22.40909091,20.125,22.95454545,27.91666667,22.90909091,22.95833333,,,35.08333333,19.0625,26.40909091,26.41666667,29.0,16.66666667,26.53925619727273,21.1875
1254,2015-06-01,1.6000384009216222,,2.74889357033794,,0.4791383176495391,,0.9860652545116594,,,,6.7598905648827445,,3.520893929205987,,4.867451607283757,,1.9147990992785042,0.008079784744097145,,,6.0366755478969045,,3.625106034351505,,3.8717563669650685,0.08168731131754962,4.282946194380775,,3.0426224597028058,,5.529736760487868,,3.00493807753256,0.028538249010160287,,40.04347826,10.25,47.58333333,,,12.5,0.0,16.875,26.56521739,9.5,46.625,12.20833333,36.45833333,11.875,45.375,11.54166667,30.25,,,14.875,34.66666667,10.54166667,54.04166667,15.7826087,32.09090909,12.594927537,35.790873158181824
1255,2015-06-02,0.2666730668202704,,3.4985918167937404,,1.437414952948617,,2.4651631362791484,,,,6.008791613229108,,5.3242786246529565,,8.710176560402513,0.03783490623910808,2.8995529217645912,0.008079784744097145,,,6.585464234069352,,1.4500424137406018,,1.6593241572707436,,3.3968193955433734,,4.4469097487964095,0.03456601667034908,6.731853447550447,,3.587985764217981,0.03369273451419805,23.39130435,,20.25,48.66666667,,,26.31944444,0.0,27.375,58.95833333,19.04166667,60.875,26.375,38.20833333,25.5,52.41666667,22.54166667,39.25,,,31.87847222,43.70833333,23.1875,58.60869565,30.04166667,47.20833333,25.08197463818182,44.790036231
1256,2015-06-03,1.2000288006912163,,1.9991953238821367,,0.7187074764743087,,2.300818927193872,,,,7.886538992363203,,3.3491430058300846,,1.7932716447887531,,2.571301647602562,,,,7.683041606414242,,3.625106034351505,,3.0420942883296966,,3.1014437959309067,,2.8085745781872054,,3.3659267237752233,,2.9152384334271098,0.04023013076322155,37.58333333,69.25,15.89473684,64.20833333,,,32.0,0.0,39.64583333,65.45833333,20.54166667,70.58333333,29.41666667,51.29166667,32.125,63.375,28.20833333,58.91666667,,,36.08333333,60.0625,29.27083333,64.41666667,33.79166667,63.90909091,30.414673045454546,57.406508264545444
1257,2015-06-04,0.6666826670506759,,2.4989941548526717,,0.2395691588247696,,2.300818927193872,,,,3.755494758268192,,3.9502712376457416,,9.734903214567511,,2.13363328205319,,,,6.585464234069352,,2.1750636206109037,,2.7655402621179057,0.04084365565877481,4.1352583945745405,,4.680957630312009,,5.7701600979003835,,3.1619124547170965,0.032686981245117507,49.33333333,47.0,31.04166667,51.70833333,,,40.95833333,0.0,50.04166667,36.83333333,30.95833333,46.73913043,38.33333333,39.16666667,39.125,51.0,35.375,36.45833333,,,48.875,37.14583333,35.47916667,52.83333333,45.375,42.41666667,40.445075757272726,40.118330038181824
1258,2015-06-05,0.2666730668202704,,1.7492959083968702,,1.1978457941238478,,2.1364747181085955,,,,7.135440040709564,0.08319611370487084,3.3491430058300846,,2.817998298953753,,2.0242161906658467,,,,5.213492518638237,,2.1750636206109037,,2.7655402621179057,,4.578321793993243,0.04362337242321227,3.978813985765208,,,,2.6012896790580373,0.03545280273508899,41.34782609,,30.41666667,50.04166667,,,35.76388889,0.0,44.77083333,34.91666667,27.25,47.66666667,34.39130435,35.27272727,36.75,34.70833333,30.20833333,38.20833333,,,45.85416667,27.875,33.8125,52.58333333,42.33333333,27.79166667,36.62716842363637,34.906439394
1259,2015-06-06,0.5333461336405407,,1.7492959083968702,,0.2395691588247696,,1.8077862999380423,,,,4.694368447835239,,3.0056411590782814,,3.8427249531187564,,1.9147990992785042,0.008079784744097145,,,5.213492518638237,,1.4500424137406018,,3.318648314541487,,2.3630047968997383,,3.5107182227340066,0.03456601667034908,7.933970134613028,,2.5788647680316745,0.029166844803335625,22.83333333,38.83333333,17.20833333,45.25,,,21.77083333,0.0,27.75,28.41666667,,49.54166667,,41.57142857,24.95833333,44.08333333,19.91666667,38.5,,,26.56944444,32.41666667,19.9375,49.95833333,30.79166667,29.36363636,23.52623456666667,36.17591499363636
1260,2015-06-07,0.4000096002304056,,2.249094739367405,,0.7187074764743087,,,,,,7.135440040709564,,4.894901316213201,,6.404541588531259,,2.8448443760709194,0.008079784744097145,,,3.841520803207121,,4.350127241221807,0.1070767868555349,1.6593241572707436,,4.282946194380775,,4.680957630312009,,2.8850800489501918,,3.072212810611646,0.028915406486065488,38.33333333,34.375,24.04166667,40.08333333,,,30.47222222,5e-324,37.52083333,26.29166667,24.95833333,47.0,28.25,29.66666667,25.66666667,42.125,26.91666667,34.45833333,,,49.85416667,27.625,25.83333333,48.58333333,29.27272727,31.52380952,31.01090449909091,32.88474025909091
1261,2015-06-08,0.9333557338709464,,1.4993964929116033,,0.7187074764743087,,1.9721305090233188,,,,9.764286371497297,0.027732037901623617,6.183033241532465,,2.561816635412504,,2.188341827746861,0.008079784744097145,,,10.426985037276474,,1.4500424137406018,,7.190404681506555,,5.31676079302441,0.02181168621160614,2.8085745781872054,,4.3276200734252885,,3.744960141402519,0.03444704946600845,31.5,26.15789474,30.41666667,42.08333333,36.29166667,34.13636364,38.4375,0.0,47.22916667,28.45833333,34.04166667,37.13043478,31.375,31.5,34.5,41.15,39.95454545,33.75,,,48.64583333,25.79166667,32.375,,41.0,43.05,37.14725378833334,31.200729680909095
1262,2015-06-09,1.0666922672810817,,1.7492959083968702,,0.2395691588247696,,0.8217210454263828,,,,6.7598905648827445,,6.011282318156563,,9.478721551026263,0.03783490623910808,2.188341827746861,,,,9.055013321845355,,4.350127241221807,,2.4889862359061152,,2.0676291972872702,,3.744766104249607,0.03456601667034908,7.933970134613028,,3.5319234866520763,0.0419901989841125,37.875,33.95833333,27.45833333,27.625,36.20833333,22.70833333,37.52777778,0.0,40.91666667,18.70833333,33.33333333,27.41666667,32.0,23.125,32.625,32.91666667,34.875,20.20833333,,,43.5,21.16666667,27.54166667,36.75,,,34.89646464636364,24.053030302727276
1263,2015-06-10,0.4000096002304056,,0.7496982464558015,,0.7187074764743087,,1.4790978817674891,,,,10.139835847324118,,2.576263850638527,,5.123633270825008,,3.0089700131519344,,,,12.896534125052474,,2.1750636206109037,,3.0420942883296966,,5.907511992249344,0.04362337242321227,2.8085745781872054,,4.3276200734252885,,3.453436298059808,0.03960153497004621,36.375,38.79166667,26.41666667,45.79166667,31.83333333,40.75,34.86805556,5e-324,38.83333333,39.0,27.375,,29.83333333,36.5,27.58333333,50.41666667,29.70833333,36.33333333,,,39.0,35.29166667,23.25,63.0,,,31.370580807272724,38.587500000999995
1264,2015-06-11,0.2666730668202704,,3.4985918167937404,,0.4791383176495391,,2.4651631362791484,,,,6.3843410890559245,,6.183033241532465,,3.3303616260362547,,2.2430503734405334,,,,7.134252920241798,,5.075148448092107,,2.4889862359061152,0.04084365565877481,3.3968193955433734,0.04362337242321227,1.8723830521248035,,3.3659267237752233,,3.139487543690734,0.03872150085960074,26.71428571,,18.57142857,59.08695652,25.57142857,59.70833333,26.88888889,0.0,27.66666667,31.5,24.66666667,56.83333333,23.904761899999997,47.95833333,21.04761905,60.125,20.85714286,38.375,,,34.30952381,38.66666667,20.71428571,77.59090909,,,24.62842712818182,46.984453227
1265,2015-06-12,0.6666826670506759,,1.2494970774263359,,0.4791383176495391,,2.1364747181085955,,,,6.7598905648827445,,3.77852031426984,,1.280908317706252,,1.9147990992785042,,,,7.957435949500465,,4.350127241221807,,3.0420942883296966,,2.215316997093504,,2.574526696671605,,3.125503386362708,,2.5788647680316745,0.03520136441781885,23.80952381,65.875,20.66666667,,20.14285714,67.20833333,21.80952381,0.0,27.28571429,47.45833333,,61.0,20.47619048,53.875,21.0,78.25,21.42857143,51.79166667,,,23.85714286,65.29166667,18.23809524,75.20833333,,75.5,21.871428573000003,58.314393939090905
1266,2015-06-13,0.6666826670506759,,0.7496982464558015,,0.2395691588247696,,0.9860652545116594,,,,7.135440040709564,,5.066652239589104,,2.3056349718712528,,1.5318392794228028,,,,6.585464234069352,,2.1750636206109037,,1.9358781834825345,,2.658380396512205,,4.9150055118276095,,0.9616933496500641,,2.5340149459789503,0.028915406486065488,32.33333333,29.91666667,28.375,41.875,,,28.00694444,0.0,36.02083333,28.3125,25.95833333,41.29166667,,22.6,30.05,37.0,27.04347826,25.4,,,30.65972222,24.95833333,27.41666667,45.54166667,27.83333333,19.04545455,29.369764491,28.721935262727268
1267,2015-06-14,0.9333557338709464,,0.9995976619410686,,0.2395691588247696,,0.4930326272558297,,,,8.63763794401684,,3.177392082454184,,8.710176560402513,,2.2977589191342043,0.008079784744097145,,,4.66470383246579,,2.1750636206109037,0.2141535737110698,0.8296620786353718,,1.476877998062336,,4.212861867280808,0.06913203334069816,1.20211668706258,,2.5788647680316745,0.028412529851525217,18.04545455,13.59090909,18.0,16.43478261,,,17.46969697,0.0,18.70454545,11.875,16.90909091,16.79166667,,,21.09090909,17.0,16.0,14.63636364,,,22.40909091,11.375,18.0,17.08333333,22.63636364,10.75,18.926515152,12.953705534
1268,2015-06-15,0.9333557338709464,,1.7492959083968702,,0.4791383176495391,,1.150409463596936,,,,7.323214778622973,,5.496029548028859,,2.0494533083300035,,2.078924736359518,0.008079784744097145,,,9.603802008017805,,1.4500424137406018,,3.8717563669650685,0.04084365565877481,3.8398827949620737,0.04362337242321227,5.617149156374412,0.03456601667034908,4.8084667482503205,,3.2852494653620896,0.028915406486065488,,20.83333333,16.375,20.29166667,,,16.625,0.0,15.08333333,21.0625,16.16666667,19.47826087,,,15.84210526,20.0,14.125,19.13636364,,,20.9375,17.72916667,16.47916667,18.5,14.1875,17.59090909,16.20236354777778,17.462220026999997
1269,2015-06-16,0.5333461336405407,,1.9991953238821367,,0.4791383176495391,,2.1364747181085955,,,,7.886538992363203,,5.753655933092711,,5.379814934366259,0.07566981247821616,2.5165931019088905,,,,7.683041606414242,,0.7250212068703009,,5.807634550447602,0.16337462263509925,4.873697393605709,,5.3831012748588085,0.03456601667034908,3.8467733986002566,,3.644048041783889,0.03683571348007473,,31.9047619,26.75,36.70833333,,,24.84722222,5e-324,21.97916667,27.95833333,22.125,31.60869565,25.16666667,24.29166667,25.70833333,29.125,23.375,28.79166667,,,29.19444444,25.54166667,24.5,33.83333333,28.875,31.45833333,25.252083333,27.383799170909093
1270,2015-06-17,0.5333461336405407,,1.2494970774263359,,0.4791383176495391,,1.4790978817674891,,,,8.07431373027661,,3.2632675441421344,,9.478721551026263,0.07566981247821616,2.790135830377248,0.01615956948819429,,,8.506224635672911,,1.4500424137406018,,4.14831039317686,,2.953755996124672,0.06543505863481841,7.021436445468013,0.03456601667034908,3.3659267237752233,,3.3749491094675395,0.040858726556396885,,44.0,26.41666667,53.29166667,,,33.40277778,0.0,38.1875,38.4375,27.125,54.08333333,31.5,36.125,29.0,56.91666667,30.41666667,41.45833333,,,43.0625,38.625,29.0,52.39130435,40.45833333,39.45833333,32.856944445,41.344285243636364
1271,2015-06-18,0.5333461336405407,,2.74889357033794,,0.2395691588247696,,0.8217210454263828,,,,8.82541268193025,0.027732037901623617,3.0056411590782814,,5.379814934366259,,1.3677136423417882,,,,8.780618978759135,,4.350127241221807,0.1070767868555349,3.8717563669650685,,3.8398827949620737,,4.4469097487964095,0.06913203334069816,4.568043410837803,,2.9713007109930163,0.037841466749155284,,34.33333333,12.04166667,46.04166667,,,11.42361111,0.0,19.41666667,28.875,10.75,49.0,11.875,34.29166667,,39.91666667,10.70833333,35.83333333,,,22.26388889,33.15217391,12.1875,49.625,21.375,26.79166667,14.671296296666668,34.35095520454546
1272,2015-06-19,0.4000096002304056,,1.4993964929116033,,0.4791383176495391,,1.6434420908527656,,,,7.510989516536382,,3.2632675441421344,,4.867451607283757,,2.680718738989905,,,,6.585464234069352,,2.9000848274812037,0.1070767868555349,1.1062161048471624,,2.953755996124672,0.06543505863481841,5.14905339334321,,2.1638100367126443,,2.8031138782952985,0.03331557703829285,,23.95833333,20.75,32.29166667,,,22.27777778,0.0,28.22916667,24.125,19.91666667,32.0,20.04347826,23.86956522,,26.0,21.16666667,24.75,,,27.47916667,22.54166667,21.3125,28.65217391,22.91666667,20.16666667,22.676898821111116,23.486824770000002
1273,2015-06-20,0.4000096002304056,,2.249094739367405,,0.9582766352990782,,1.4790978817674891,,,,6.572115826969335,0.027732037901623617,2.1468865421987724,,3.0741799624950046,,2.2430503734405334,0.008079784744097145,,,4.9390981755520125,,4.350127241221807,,0.2765540262117906,,2.658380396512205,,5.3831012748588085,0.03456601667034908,0.24042333741251604,,2.298553380202145,0.03142978965876684,18.33333333,23.0,16.41666667,28.54166667,,,21.16666667,0.0,14.41666667,17.1875,17.0,28.95833333,22.0,18.875,22.91666667,22.79166667,15.25,19.91304348,,,22.0,17.875,19.10416667,31.20833333,24.45833333,13.82608696,19.36931818272727,20.197875494545453
1274,2015-06-21,0.13333653341013518,,2.249094739367405,,0.2395691588247696,,3.779916808961361,,,,7.323214778622973,,3.3491430058300846,,8.197813233320014,,1.641256370810146,0.01615956948819429,,,5.213492518638237,,0.7250212068703009,,3.318648314541487,,1.9199413974810369,,6.0852449194056115,0.03456601667034908,0.9616933496500641,,2.7919014227821166,0.02577242752018881,23.77272727,27.625,20.14285714,37.0,,,22.10606061,0.0,23.02272727,19.27083333,19.40909091,34.95833333,23.13636364,23.83333333,23.72727273,35.20833333,20.04545455,31.30434783,,,24.56060606,26.83333333,18.34090909,37.04166667,22.72727273,28.54166667,21.908303818181817,27.419713438181816
1275,2015-06-22,0.5333461336405407,,3.2486924013084733,,,,1.8077862999380423,,,,8.82541268193025,,4.980776777901152,,8.710176560402513,,2.571301647602562,0.008079784744097145,,,6.0366755478969045,,2.9000848274812037,,2.2124322096943247,,4.578321793993243,,5.3831012748588085,0.03456601667034908,,,3.3861615649807204,0.031304070500131766,27.125,45.16666667,20.25,47.20833333,,,26.84722222,0.0,29.79166667,39.875,11.73684211,49.95833333,24.70833333,32.41666667,25.625,42.375,23.70833333,37.625,,,38.125,38.10416667,22.39583333,52.26315789,32.04166667,35.58333333,25.668627060000002,38.234150717272726
1276,2015-06-23,,,1.9991953238821367,,0.7187074764743087,,1.150409463596936,,,,9.200962157757068,0.027732037901623617,3.520893929205987,,7.429268242696263,0.11350471871732425,3.0089700131519344,0.008079784744097145,,,8.506224635672911,,1.4500424137406018,,3.0420942883296966,,2.0676291972872702,,2.8085745781872054,0.03456601667034908,4.087196736012772,,3.1282750881775536,0.037967185907790336,30.16666667,56.16666667,25.5,52.61904762,,,29.63888889,0.0,34.25,53.16666667,28.45833333,58.217391299999996,27.39130435,46.31818182,29.04166667,54.0,28.58333333,48.375,,,33.70833333,50.625,29.79166667,,32.04166667,49.125,29.870169082727273,46.861295408
1277,2015-06-24,0.2666730668202704,,2.74889357033794,,0.2395691588247696,,1.4790978817674891,,,,10.327610585237526,,4.122022161021643,,6.404541588531259,,2.188341827746861,0.008079784744097145,,,6.585464234069352,,1.4500424137406018,,4.14831039317686,,2.806068196318438,,4.9150055118276095,0.03456601667034908,1.6829633618876116,,3.1282750881775536,0.035075645259183795,28.375,57.29166667,18.375,59.5,,,26.56944444,5e-324,27.95833333,56.20833333,21.54166667,65.41666667,23.95833333,51.375,22.625,58.54166667,22.08333333,48.375,,,31.45833333,53.89583333,22.83333333,60.375,29.25,56.375,25.00252525090909,51.57765151545455
1278,2015-06-25,0.13333653341013518,,1.2494970774263359,,0.2395691588247696,,2.793851554449702,,,,7.135440040709564,0.027732037901623617,5.238403162965005,,4.867451607283757,,2.188341827746861,,,,5.4878868617244585,,2.9000848274812037,,3.0420942883296966,,4.1352583945745405,0.02181168621160614,3.276670341218406,0.10369805001104723,3.125503386362708,,3.0497878995852847,0.035075645259183795,23.86956522,36.08333333,18.20833333,40.375,,,27.61111111,0.0,28.1875,34.16666667,24.5,45.25,25.625,33.29166667,24.33333333,42.79166667,21.04347826,32.8,,,26.72222222,35.45833333,21.10416667,45.875,26.5,29.5,24.33679183090909,34.144696970000005
1279,2015-06-26,0.6666826670506759,,1.9991953238821367,,0.4791383176495391,,2.300818927193872,,,,7.323214778622973,0.08319611370487084,2.7480147740144294,,1.280908317706252,,3.282512741620292,0.01615956948819429,1.2300829075879711,,10.152590694190248,,3.625106034351505,,3.5952023407532776,,2.5106925967059714,0.04362337242321227,2.574526696671605,,4.087196736012772,,3.00493807753256,0.03419561114873832,33.5,35.91666667,23.33333333,40.25,,,29.61111111,0.0,35.39583333,36.95833333,25.5,45.42857143,27.0,34.41666667,27.0,38.904761900000004,26.04166667,36.25,,,39.5,34.04761905,25.20833333,41.625,32.79166667,34.69565217,29.534722221818182,34.40847920181818
1280,2015-06-27,0.9333557338709464,,1.4993964929116033,,0.9582766352990782,,1.8077862999380423,,,,6.947665302796153,,3.864395775957792,,3.8427249531187564,,1.6959649165038175,,,,5.213492518638237,,5.800169654962407,,3.5952023407532776,0.04084365565877481,3.5445071953496066,0.02181168621160614,2.106430933640404,0.2073961000220945,0.24042333741251604,,2.5788647680316745,0.03369273451419805,43.08333333,52.875,26.20833333,53.45833333,,,37.09722222,5e-324,40.625,43.52083333,27.30434783,62.85,32.33333333,42.875,34.29166667,65.04166667,29.69565217,52.79166667,,,45.36111111,43.16666667,31.0625,72.45833333,38.45833333,41.65217391,35.04734848363636,48.24451581
1281,2015-06-28,1.0666922672810817,,1.4993964929116033,,0.4791383176495391,,0.3286884181705532,,,,8.82541268193025,0.055464075803247234,3.0056411590782814,,5.892178261448757,,1.9695076449721751,0.01615956948819429,1.2300829075879711,,5.213492518638237,,7.25021206870301,,1.6593241572707436,,1.7722535976748033,,3.0426224597028058,0.10369805001104723,0.48084667482503207,,2.5115900349525875,0.028915406486065488,34.04545455,30.08333333,27.5,36.17391304,,,30.89393939,5e-324,31.79545455,28.39583333,28.18181818,37.125,26.23809524,27.36363636,29.54545455,31.25,29.86363636,29.29166667,,,37.07575758,24.83333333,29.79545455,38.91666667,36.77272727,21.375,31.064344747272727,27.709852975454545
1282,2015-06-29,1.7333749343317573,,1.7492959083968702,,1.1978457941238478,,2.300818927193872,,,,9.576511633583886,,3.3491430058300846,,5.635996597907507,,2.078924736359518,,0.8200552717253142,,10.152590694190248,,2.9000848274812037,,4.70141844560044,,3.69219499515584,0.04362337242321227,4.4469097487964095,0.03456601667034908,3.125503386362708,,3.4310113870334447,0.028161091534255087,23.29166667,50.95833333,20.75,50.58333333,,,24.61111111,0.0,24.08333333,49.39583333,21.34782609,55.0,20.43478261,32.81818182,24.25,39.375,21.875,48.375,,,31.76388889,47.41666667,22.3125,48.125,28.875,23.58333333,23.963191700000003,40.51188016454545
1283,2015-06-30,0.6666826670506759,,2.249094739367405,,0.2395691588247696,,3.6155725998760846,,,,6.947665302796153,,4.293773084397545,,4.098906616660007,,2.571301647602562,,0.8200552717253142,,2.195154744689784,,3.625106034351505,,3.318648314541487,,4.578321793993243,,4.4469097487964095,,3.3659267237752233,,3.117062632664372,0.03847006254233061,26.375,31.29166667,21.29166667,39.66666667,,,26.22222222,0.0,23.39583333,32.64583333,22.75,35.52173913,24.20833333,20.79166667,25.16666667,24.58333333,21.83333333,37.95833333,,,27.51388889,32.375,21.97916667,33.375,27.04166667,14.5,24.34343434363637,27.519021739090906
1284,2015-07-01,0.4000096002304056,,1.9991953238821367,,0.4791383176495391,,2.1364747181085955,,,,6.7598905648827445,,4.036146699333694,,6.404541588531259,0.03783490623910808,2.2977589191342043,0.008079784744097145,,,9.32940766493158,,2.9000848274812037,,2.7655402621179057,,4.1352583945745405,,1.8723830521248035,,5.7701600979003835,,3.18433736574346,0.03494992610054872,,30.0,14.70833333,29.72727273,,,16.56944444,5e-324,21.8125,31.81818182,13.45833333,33.0,16.04761905,23.125,13.47619048,29.70833333,14.25,25.70833333,,,19.10416667,26.39130435,16.02083333,26.875,19.04347826,26.57894737,16.449089889,25.721124811818186
1285,2015-07-02,0.5333461336405407,,0.9995976619410686,,0.7187074764743087,,0.9860652545116594,,,,6.947665302796153,0.11092815160649447,3.2632675441421344,,4.098906616660007,,1.5318392794228028,,0.8200552717253142,,5.762281204810683,,6.5251908618327095,,4.14831039317686,,3.1014437959309067,,1.638335170609203,,2.644656711537676,,2.489165123926225,0.03570424105235913,30.75,,20.33333333,60.33333333,,,27.13888889,0.0,31.41666667,37.77272727,20.875,56.20833333,25.91666667,42.79166667,26.0,64.41666667,20.20833333,43.75,,,36.53125,42.16666667,22.72916667,65.08333333,33.58333333,63.68181818,26.862058080909094,47.620454544999994
1286,2015-07-03,0.2666730668202704,,1.2494970774263359,,0.2395691588247696,,1.6434420908527656,,,,7.135440040709564,0.027732037901623617,3.9502712376457416,,4.355088280201256,0.03783490623910808,1.8053820078911604,,0.4100276358626571,,7.134252920241798,,3.625106034351505,,3.8717563669650685,,2.953755996124672,0.02181168621160614,5.617149156374412,,4.568043410837803,,2.926450888940292,0.02790965321698496,34.79166667,59.25,25.29166667,61.33333333,,,29.58333333,0.0,35.97916667,58.125,19.83333333,69.54166667,27.79166667,42.29166667,29.625,53.82608696,25.875,51.5,,,32.32291667,50.0,26.33333333,51.625,31.43478261,56.36363636,28.987442359090906,50.35058090818182
1287,2015-07-04,0.2666730668202704,,0.7496982464558015,,0.2395691588247696,,2.300818927193872,,,,8.82541268193025,,3.6926448525818887,,2.0494533083300035,,0.820628185405073,,0.4100276358626571,,4.115915146293344,,2.9000848274812037,,3.318648314541487,,2.5106925967059714,,3.0426224597028058,,2.644656711537676,,2.309765835715326,0.03281270040375258,,,30.5,49.0,,,41.90277778,0.0,44.77083333,38.33333333,30.54166667,56.86956522,39.54166667,45.95833333,39.83333333,54.54166667,32.29166667,41.375,,,48.05208333,40.91666667,36.1875,55.29166667,45.625,44.45833333,38.924652778,42.674456522
1288,2015-07-05,0.5333461336405407,,3.2486924013084733,,0.2395691588247696,,1.8077862999380423,,,,7.510989516536382,,3.9502712376457416,,7.1730865791550125,,1.1488794595671021,0.01615956948819429,0.4100276358626571,,3.5671264601208983,,4.350127241221807,,2.7655402621179057,0.04084365565877481,2.806068196318438,0.02181168621160614,5.851197037890012,0.03456601667034908,0.24042333741251604,,2.6797768676503053,0.025898146678823872,38.25,,29.33333333,39.75,,,36.84722222,5e-324,40.16666667,31.25,29.0,34.04347826,34.75,28.29166667,35.0,36.91304348,30.20833333,28.41666667,,,50.15217391,23.36363636,31.54166667,35.20833333,43.095238099999996,23.0,36.213148566363635,28.023682477000005
1289,2015-07-06,0.9333557338709464,,1.2494970774263359,,0.9582766352990782,,1.8077862999380423,,,,9.200962157757068,,4.379648546085496,,4.098906616660007,,1.8053820078911604,0.01615956948819429,0.4100276358626571,,5.213492518638237,,1.4500424137406018,,2.7655402621179057,,3.69219499515584,,4.212861867280808,0.03456601667034908,6.251006772725416,,3.1058501771511917,0.030046878913781095,37.86363636,29.875,29.90909091,29.41666667,,,37.40909091,0.0,36.0,21.47916667,,31.79166667,,,36.86363636,32.83333333,31.59090909,25.16666667,,,44.28787879,21.72916667,30.95454545,34.16666667,40.5,18.54166667,36.15319865222222,24.500000002000004
1290,2015-07-07,0.6666826670506759,,1.9991953238821367,,0.7187074764743087,,2.1364747181085955,,,,9.200962157757068,0.08319611370487084,5.3242786246529565,,5.123633270825008,,2.2430503734405334,,,,3.5671264601208983,,2.9000848274812037,,5.254526498024021,,4.726009593799477,0.02181168621160614,3.744766104249607,0.03456601667034908,6.491430110137931,,3.4982861201125326,0.03482420694191365,34.0,38.58333333,24.29166667,54.33333333,,,29.73611111,0.0,36.91666667,36.0,25.79166667,56.08333333,28.0,34.0,28.54166667,56.23809524,25.125,46.91666667,,,47.70833333,33.95833333,25.625,56.625,34.91666667,40.904761900000004,30.96843434454545,41.24025973909091
1291,2015-07-08,0.6666826670506759,,1.9991953238821367,,0.2395691588247696,,1.8077862999380423,,,,8.82541268193025,,3.864395775957792,,4.6112699437425055,,2.9542614674582626,0.01615956948819429,,,4.115915146293344,,1.4500424137406018,,3.8717563669650685,,4.873697393605709,,3.978813985765208,0.03456601667034908,4.8084667482503205,,3.2516120988225463,0.03922437749414102,38.875,28.66666667,31.625,36.125,31.59090909,32.18181818,38.33333333,0.0,42.60416667,31.40909091,33.29166667,33.875,34.0,27.5,38.83333333,32.95454545,31.47826087,29.85,,,49.4375,23.41666667,33.3125,33.71428571,40.25,38.73333333,36.969305829999996,29.035533909999998
1292,2015-07-09,0.5333461336405407,,1.9991953238821367,,0.4791383176495391,,1.8077862999380423,,,,6.947665302796153,,4.207897622709594,,3.0741799624950046,,1.8053820078911604,0.02423935423229144,0.4100276358626571,,7.957435949500465,,7.975233275573308,,5.254526498024021,0.08168731131754962,4.726009593799477,,5.851197037890012,0.03456601667034908,4.8084667482503205,,3.2852494653620896,0.036458556004169536,42.23809524,,30.71428571,40.33333333,32.10526316,29.70833333,38.6031746,0.0,46.61904762,27.70833333,36.14285714,36.33333333,31.9047619,24.75,32.85714286,34.0,36.61904762,30.04166667,,,40.45238095,24.57894737,29.52380952,40.54166667,,,36.16180602909091,28.799561403000002
1293,2015-07-10,1.0666922672810817,,1.9991953238821367,,0.7187074764743087,,2.6295073453644253,,,,7.698764254449793,0.055464075803247234,3.864395775957792,,3.3303616260362547,,1.7506734621974889,0.02423935423229144,,,6.311069890983127,,4.350127241221807,,3.0420942883296966,,4.873697393605709,0.04362337242321227,3.276670341218406,,6.731853447550447,,3.1506999992039155,0.03683571348007473,41.80952381,41.625,29.61904762,50.16666667,23.41176471,41.8,37.80952381,0.0,36.33333333,31.875,32.76190476,,35.57142857,35.782608700000004,37.04761905,48.75,46.83333333,43.0,,,40.71428571,38.70833333,32.14285714,59.63636364,,,35.82314744,39.134397234
1294,2015-07-11,1.0666922672810817,,0.7496982464558015,,1.6769841117733868,,1.6434420908527656,,,,6.3843410890559245,,3.0056411590782814,,1.0247266541650015,,1.4771307337291313,0.008079784744097145,0.8200552717253142,,8.780618978759135,,,,2.7655402621179057,,2.0676291972872702,,3.0426224597028058,,0.24042333741251604,,2.2424911026362397,0.03532708357645393,23.66666667,,18.29166667,45.91666667,21.83333333,40.75,24.84722222,5e-324,27.875,30.66666667,20.95833333,42.25,23.16666667,34.20833333,25.95833333,39.54166667,20.20833333,36.41666667,,,28.89583333,35.875,18.125,47.79166667,,,23.07512626181818,35.341666667999995
1295,2015-07-12,0.13333653341013518,,2.74889357033794,,0.2395691588247696,,3.286884181705532,,,,7.510989516536382,,4.7231503928373,,4.098906616660007,,1.1488794595671021,0.01615956948819429,0.8200552717253142,,5.213492518638237,,1.4500424137406018,,2.7655402621179057,,5.169072993218176,,4.4469097487964095,,0.24042333741251604,,2.836751244834842,0.025143831727013472,24.08333333,47.75,19.16666667,,21.70833333,51.45833333,23.3125,0.0,27.95833333,39.16666667,,46.25,21.5,38.75,20.70833333,57.66666667,20.125,40.79166667,,,27.33333333,53.29166667,17.91666667,64.95833333,,44.09090909,22.381249998999998,44.015840220909084
1296,2015-07-13,0.4000096002304056,,2.9987929858232065,,0.9582766352990782,,2.1364747181085955,,,,8.82541268193025,,4.379648546085496,,5.892178261448757,,2.571301647602562,,1.2300829075879711,,9.055013321845355,,6.5251908618327095,,4.977972471812231,,7.3843899903116785,,4.4469097487964095,0.10369805001104723,5.048890085662835,,3.9579967961529614,0.03180694713467204,40.66666667,52.5,28.1,53.41666667,,,37.39583333,5e-324,40.29166667,49.83333333,33.25,54.08333333,32.58333333,45.20833333,37.75,60.91666667,34.08333333,44.5,,,43.125,48.75,31.3125,55.54166667,29.85,55.70833333,35.309848484545455,47.314393939090905
1297,2015-07-14,0.6666826670506759,,2.4989941548526717,,0.7187074764743087,,3.1225399726202547,,,,7.510989516536382,,4.122022161021643,,5.892178261448757,,1.641256370810146,0.008079784744097145,,,10.701379380362694,,2.9000848274812037,0.2141535737110698,2.7655402621179057,,5.907511992249344,0.06543505863481841,4.9150055118276095,,3.60635006118774,,3.4422238425466265,0.04437886299817877,51.75,50.66666667,38.29166667,60.54166667,,,45.1875,5e-324,52.5625,53.375,41.83333333,54.33333333,42.58333333,45.0,44.16666667,54.45833333,42.5,51.91666667,,,47.91666667,,39.8125,60.19047619,37.375,53.0,43.99810606090909,48.348214286
1298,2015-07-15,1.0666922672810817,,2.4989941548526717,,0.9582766352990782,,2.300818927193872,,,,9.01318741984366,0.027732037901623617,6.354784164908367,,5.123633270825008,,1.3677136423417882,,1.2300829075879711,,9.878196351104023,,,,6.360742602871183,,3.2491315957371394,,3.978813985765208,0.06913203334069816,5.7701600979003835,,3.677685408323432,0.038595781700965684,62.54166667,39.41666667,46.875,42.375,,,55.89583333,0.0,60.04166667,37.16666667,51.83333333,43.875,55.33333333,32.83333333,58.625,38.95833333,53.20833333,37.25,,,57.70833333,,50.85416667,44.904761900000004,45.58333333,67.25,54.40909090818183,38.40297619
1299,2015-07-16,1.0666922672810817,,2.9987929858232065,,0.2395691588247696,,3.779916808961361,,,,7.698764254449793,,4.7231503928373,,4.6112699437425055,,2.352467464827876,0.01615956948819429,,,7.134252920241798,,2.1750636206109037,,3.0420942883296966,,3.9875705947683073,0.04362337242321227,4.212861867280808,0.03456601667034908,0.7212700122375479,,3.2403996433093654,0.041235884032302085,49.25,41.58333333,30.17391304,48.19047619,,,47.625,0.0,49.39583333,35.125,38.04166667,48.54166667,42.29166667,34.0,46.04166667,44.04166667,30.4,35.3,,,57.79166667,,37.8125,52.66666667,49.0,35.25,43.43853755,37.469880953
1300,2015-07-17,0.2666730668202704,,2.9987929858232065,,0.2395691588247696,,1.6434420908527656,,,,7.698764254449793,,2.9197656973903308,,1.5370899812475023,,2.188341827746861,,,,9.055013321845355,,2.1750636206109037,,3.8717563669650685,,3.2491315957371394,,4.212861867280808,,2.8850800489501918,,2.780688967268936,0.03633283684553446,,37.83333333,25.54166667,40.95833333,,,35.3125,0.0,40.54166667,36.5,31.33333333,41.33333333,32.29166667,29.29166667,33.33333333,39.75,34.0,34.70833333,,,50.52083333,31.875,29.08333333,47.58333333,39.66666667,27.9,35.16250000000001,33.430303029090915
1301,2015-07-18,0.4000096002304056,,1.9991953238821367,,0.4791383176495391,,0.3286884181705532,,,,8.07431373027661,,3.3491430058300846,,2.817998298953753,0.11350471871732425,1.9147990992785042,0.008079784744097145,1.2300829075879711,,5.762281204810683,,2.9000848274812037,,3.5952023407532776,,3.5445071953496066,0.04362337242321227,3.276670341218406,0.03456601667034908,,,2.489165123926225,0.031178351341496706,28.04166667,37.45833333,21.75,40.33333333,,,29.22916667,5e-324,32.70833333,31.375,23.29166667,45.75,26.41666667,31.16666667,29.75,35.625,26.125,34.125,,,37.1875,29.0,24.04166667,46.75,28.82608696,27.60869565,27.942523058181816,32.65382081636364
1302,2015-07-19,0.6666826670506759,,4.498189478734808,,0.4791383176495391,,1.9721305090233188,,,,7.510989516536382,,3.435018467518036,,5.635996597907507,,2.13363328205319,,2.0501381793132856,,5.762281204810683,,0.7250212068703009,,1.1062161048471624,,3.5445071953496066,0.04362337242321227,4.212861867280808,0.03456601667034908,1.6829633618876116,,2.8928135224007483,0.02790965321698496,28.66666667,16.79166667,24.095238100000003,26.45833333,,,27.5,0.0,35.04761905,16.9375,24.22727273,21.79166667,24.14285714,17.58333333,27.38095238,24.08333333,26.15,19.65,,,35.42857143,18.29166667,23.904761899999997,22.75,28.95238095,10.83333333,27.77239275909091,17.74280303
1303,2015-07-20,0.8000192004608111,,2.9987929858232065,,0.4791383176495391,,1.6434420908527656,,,,8.82541268193025,0.027732037901623617,3.520893929205987,,3.3303616260362547,0.03783490623910808,1.4224221880354595,0.008079784744097145,1.2300829075879711,,6.0366755478969045,,3.625106034351505,,6.084188576659392,,4.282946194380775,0.04362337242321227,3.744766104249607,,3.60635006118774,,3.016150533045741,0.032435542927847366,29.91666667,28.125,23.41666667,36.79166667,,,28.375,0.0,32.95833333,24.95833333,26.91666667,37.70833333,25.875,25.20833333,26.0,36.80952381,27.5,28.0,,,42.66666667,23.08333333,25.20833333,41.375,27.25,24.77272727,28.734848485454542,27.893841006363633
1304,2015-07-21,0.6666826670506759,,2.4989941548526717,,0.2395691588247696,,2.4651631362791484,,,,10.515385323150936,,3.77852031426984,,5.379814934366259,,2.0242161906658467,,0.4100276358626571,,9.055013321845355,,3.625106034351505,0.32123036056660464,5.254526498024021,,2.806068196318438,,3.978813985765208,0.03456601667034908,2.1638100367126443,,3.2740370098489087,0.03381845367283312,35.625,34.5,32.375,38.33333333,,,33.89583333,0.0,37.27083333,25.91666667,34.91666667,39.625,33.30434783,27.56521739,34.17391304,35.29166667,34.95833333,32.375,,,45.95833333,28.16666667,32.0,45.08695652,31.66666667,20.33333333,35.104084320909095,29.744894598181816
1305,2015-07-22,0.6666826670506759,,1.7492959083968702,,0.7187074764743087,,0.8217210454263828,,,,8.07431373027661,,3.606769390893938,,1.5370899812475023,,3.173095650232949,0.008079784744097145,,,6.311069890983127,,3.625106034351505,0.32123036056660464,2.7655402621179057,,4.1352583945745405,,5.14905339334321,0.06913203334069816,0.9616933496500641,,2.926450888940292,0.03670999432143967,28.16666667,29.79166667,29.08333333,37.20833333,,,28.0,0.0,34.95833333,22.47916667,27.66666667,38.66666667,28.375,23.0,28.33333333,33.625,29.75,30.41666667,,,40.16666667,16.91666667,27.0,40.16666667,30.29166667,19.0,30.16287878818181,26.479166668181815
1306,2015-07-23,0.5333461336405407,,2.9987929858232065,,0.7187074764743087,,0.8217210454263828,,,,7.698764254449793,,3.864395775957792,,3.5865432895775053,,1.860090553584832,,,,7.408647263328017,,1.4500424137406018,,6.084188576659392,,2.5106925967059714,0.02181168621160614,2.8085745781872054,0.06913203334069816,0.48084667482503207,,2.6909893231634867,0.03281270040375258,19.25,33.58333333,16.91666667,39.04166667,,,21.66666667,5e-324,28.5625,27.16666667,20.125,41.41666667,17.75,29.29166667,20.16666667,41.83333333,20.75,33.33333333,,,34.22916667,32.16666667,18.02083333,50.4,24.625,29.91666667,22.005681819090906,32.55909091
1307,2015-07-24,0.8000192004608111,,1.4993964929116033,,0.2395691588247696,,1.6434420908527656,,,,6.008791613229108,,2.7480147740144294,,2.3056349718712528,,1.2582965509544453,,,,6.859858577155572,,1.4500424137406018,,4.70141844560044,,4.1352583945745405,0.02181168621160614,4.9150055118276095,,0.9616933496500641,,2.421890390847138,0.030172598072416162,29.83333333,28.70833333,24.04166667,36.08333333,,,29.58333333,0.0,33.5625,27.125,26.45833333,34.66666667,24.45833333,27.86363636,25.08333333,37.25,26.91666667,30.83333333,,,39.0,26.41666667,23.125,46.095238099999996,33.90909091,30.2,28.724690081818185,29.567473435454545
1308,2015-07-25,0.4000096002304056,,,,0.2395691588247696,,2.1364747181085955,,,,10.139835847324118,,2.83389023570238,,3.0741799624950046,,1.5318392794228028,0.01615956948819429,1.2300829075879711,,4.9390981755520125,,1.4500424137406018,,3.8717563669650685,0.04084365565877481,1.6245657978685697,,1.8723830521248035,,0.48084667482503207,,2.264916013662601,0.02715533826517455,36.95833333,26.95833333,29.75,35.10526316,,,41.20833333,0.0,41.3125,26.39583333,34.66666667,32.86956522,34.52173913,27.68181818,37.08333333,43.0,35.0,24.15,,,45.72916667,24.29166667,31.02083333,35.16666667,42.16666667,25.65217391,37.219779314545455,27.388301860909095
1309,2015-07-26,0.4000096002304056,,1.7492959083968702,,1.1978457941238478,,1.150409463596936,,,,6.196566351142516,,3.520893929205987,,5.379814934366259,0.03783490623910808,1.6959649165038175,0.02423935423229144,0.4100276358626571,,4.9390981755520125,,2.9000848274812037,,2.7655402621179057,,1.6245657978685697,,4.212861867280808,,0.7212700122375479,,2.3882530243075943,0.02539527004428361,44.85714286,21.95833333,39.85,,,,42.76190476,5e-324,50.83333333,26.04166667,39.14285714,28.83333333,37.0,22.5,37.38095238,29.31818182,41.33333333,22.79166667,,,49.65909091,22.54166667,36.595238099999996,30.82608696,42.61904762,23.41666667,42.002990948181825,22.822760212000002
1310,2015-07-27,0.8000192004608111,,2.249094739367405,,0.9582766352990782,,1.6434420908527656,,,,7.323214778622973,,3.606769390893938,,6.404541588531259,,2.2430503734405334,,,,7.683041606414242,,2.9000848274812037,,4.70141844560044,,4.430633994187008,0.02181168621160614,6.553340682436812,,5.048890085662835,,3.4085864760070828,0.026778180789269343,42.54166667,28.04166667,31.16666667,,,,39.45833333,0.0,44.91666667,33.85416667,34.58333333,33.16666667,32.16666667,25.79166667,32.54166667,32.66666667,35.375,29.70833333,,,51.0,25.79166667,32.0625,37.54166667,39.375,34.04166667,37.74431818272728,28.060416668999995
1311,2015-07-28,1.0666922672810817,,2.4989941548526717,,0.4791383176495391,,1.8077862999380423,,,,7.510989516536382,0.027732037901623617,4.207897622709594,,4.098906616660007,,1.9695076449721751,0.01615956948819429,,,9.055013321845355,,2.9000848274812037,,4.70141844560044,,2.0676291972872702,,2.8085745781872054,,6.491430110137931,,3.1282750881775536,0.03821862422506047,41.41666667,34.08333333,32.70833333,40.20833333,,,39.0625,0.0,48.14583333,36.89583333,35.58333333,37.29166667,34.95833333,31.5,33.54166667,40.20833333,35.70833333,35.54166667,,,52.875,28.875,33.85416667,43.34782609,44.95833333,49.91666667,39.34659090818182,34.35169631090909
1312,2015-07-29,1.2000288006912163,,1.9991953238821367,,0.2395691588247696,,1.9721305090233188,,,,6.196566351142516,0.027732037901623617,4.894901316213201,,5.892178261448757,,2.13363328205319,0.01615956948819429,,,6.0366755478969045,,2.9000848274812037,,4.4248644193886495,0.04084365565877481,1.0338145986436351,,1.8723830521248035,,4.8084667482503205,,2.904025977913929,0.035075645259183795,40.41666667,38.91666667,30.75,48.5,,,38.75,0.0,44.95833333,38.08333333,34.04166667,44.75,33.875,36.41666667,22.625,,37.66666667,40.0,,,49.77083333,36.875,31.8125,55.54166667,42.95833333,51.20833333,37.05681818181818,39.029166667
1313,2015-07-30,1.2000288006912163,,2.249094739367405,,,,1.6434420908527656,,,,2.4410715928743243,,2.6621393123264783,,6.6607232520725095,,1.5865478251164744,,,,6.859858577155572,,2.1750636206109037,,5.531080524235811,,3.1014437959309067,,3.744766104249607,0.10369805001104723,6.010583435312897,,2.6573519566239434,0.03256126208648245,30.625,32.5,21.16666667,42.58333333,,,30.39583333,0.0,36.02083333,32.4375,23.04166667,42.79166667,23.875,31.83333333,27.04166667,41.25,26.79166667,33.5,,,40.20833333,26.05263158,22.8125,49.6,33.83333333,44.58333333,28.710227272727273,34.28470893090909
1314,2015-07-31,1.0666922672810817,,2.9987929858232065,,0.4791383176495391,,1.4790978817674891,,,,7.698764254449793,0.055464075803247234,3.0056411590782814,,2.0494533083300035,0.03783490623910808,1.3130050966481168,0.01615956948819429,,,7.134252920241798,,2.1750636206109037,,4.14831039317686,,3.1014437959309067,,2.106430933640404,0.03456601667034908,6.731853447550447,,2.7022017786766677,0.02979544059651096,29.54166667,36.72727273,23.91666667,46.70833333,,,29.66666667,0.0,34.91666667,40.22916667,26.125,49.79166667,24.875,39.18181818,25.95833333,50.79166667,27.91666667,41.04166667,,,37.83333333,39.79166667,25.10416667,60.36363636,33.66666667,55.33333333,29.04734848636364,41.81456611636363
1315,2015-08-01,0.4000096002304056,,1.2494970774263359,,0.2395691588247696,,0.9860652545116594,,,,6.196566351142516,,0.94463007856746,,1.5370899812475023,,1.9695076449721751,,,,7.957435949500465,,0.7250212068703009,,2.2124322096943247,,0.8861267988374016,,3.5107182227340066,0.06913203334069816,0.9616933496500641,,1.838842704161716,0.030298317231051232,,36.86363636,16.08333333,32.54166667,,,17.90972222,5e-324,18.5,30.04166667,16.0,45.05882353,19.375,22.45833333,20.0,36.04545455,15.375,29.0,,,20.20833333,25.91666667,20.35416667,,22.875,36.64705882,18.668055555000002,29.457330660000004
1316,2015-08-02,0.8000192004608111,,2.4989941548526717,,0.2395691588247696,,1.8077862999380423,,,,2.0655221170475047,,2.576263850638527,,6.6607232520725095,0.03783490623910808,1.1488794595671021,0.01615956948819429,0.4100276358626571,,3.0183377739484523,,2.1750636206109037,,4.14831039317686,,1.9199413974810369,0.06543505863481841,2.8085745781872054,0.10369805001104723,0.9616933496500641,,1.9621797148067088,0.020617942016151046,43.54545455,,28.27272727,58.875,,,37.66666667,5e-324,45.63636364,38.45833333,25.59090909,72.625,33.04545455,51.29166667,34.63636364,74.45833333,34.40909091,44.08333333,,,44.33333333,44.25,31.20454545,77.79166667,44.90909091,57.70833333,36.65909091,51.954166666000006
1317,2015-08-03,0.8000192004608111,,2.4989941548526717,,0.2395691588247696,,,,,,6.3843410890559245,,4.036146699333694,,5.635996597907507,,1.3130050966481168,,,,6.585464234069352,,1.4500424137406018,,3.5952023407532776,,4.430633994187008,0.04362337242321227,3.0426224597028058,,4.3276200734252885,,2.7358391452162114,0.022000852761136787,42.22727273,46.17391304,33.90909091,41.70833333,,,37.12121212,0.0,40.40909091,45.45833333,25.86363636,45.08695652,35.72727273,36.29166667,34.71428571,44.27272727,33.68181818,39.75,,,36.125,34.72916667,33.06818182,41.29166667,31.72727273,43.875,34.96128492727272,38.0579785
1318,2015-08-04,1.6000384009216222,,1.4993964929116033,,,,1.3147536726822129,,,,6.196566351142516,,2.2327620038867235,,2.817998298953753,,0.820628185405073,,,,5.213492518638237,,1.4500424137406018,,5.531080524235811,,2.3630047968997383,,3.276670341218406,0.10369805001104723,4.3276200734252885,,2.2424911026362397,0.03067547470695644,57.54166667,55.66666667,44.70833333,65.04166667,,,49.40277778,0.0,54.125,52.8125,37.83333333,61.20833333,48.04166667,49.25,50.5,66.58333333,,,,,54.53125,50.22916667,44.39583333,61.20833333,48.29166667,51.5,48.937152778,51.35
1319,2015-08-05,0.5333461336405407,,0.9995976619410686,,0.4791383176495391,,1.8077862999380423,,,,5.069917923662059,,2.4045129272626253,,3.3303616260362547,,1.641256370810146,,,,7.408647263328017,,0.7250212068703009,0.1070767868555349,3.318648314541487,,3.9875705947683073,0.02181168621160614,6.319292800921213,0.06913203334069816,5.529736760487868,,2.6461395011107616,0.025143831727013472,28.17391304,23.05555556,26.70833333,30.66666667,,,27.36805556,0.0,37.95833333,24.69565217,22.875,28.25,28.75,20.45833333,28.375,29.91304348,28.60869565,21.42857143,,,36.83333333,17.70833333,25.47916667,30.16666667,39.33333333,19.52173913,30.04210584,22.351323797272727
1320,2015-08-06,0.4000096002304056,,1.4993964929116033,,0.7187074764743087,,0.8217210454263828,,,,5.633242137402287,,1.9751356188228708,,3.5865432895775053,,0.820628185405073,,0.4100276358626571,,6.859858577155572,,0.7250212068703009,,3.8717563669650685,,1.7722535976748033,,3.276670341218406,0.03456601667034908,3.125503386362708,,2.007029536859433,0.029669721437875888,41.04166667,34.40909091,30.28571429,43.15,,,37.56944444,5e-324,41.08333333,27.33333333,,42.75,,20.0,36.79166667,41.79166667,35.5,31.33333333,,,43.67361111,29.14583333,30.375,39.91666667,39.375,34.0,37.299492945555556,31.25726584
1321,2015-08-07,0.8000192004608111,,2.249094739367405,,0.2395691588247696,,1.8077862999380423,,,,4.31881897200842,,3.77852031426984,,4.6112699437425055,,1.3677136423417882,,,,5.213492518638237,,2.9000848274812037,,3.8717563669650685,0.08168731131754962,2.0676291972872702,,4.680957630312009,0.10369805001104723,3.8467733986002566,,2.5115900349525875,0.022503729395677054,39.29166667,35.83333333,29.625,45.58333333,,,34.5,0.0,39.58333333,35.08333333,31.08333333,50.33333333,19.94736842,32.25,30.16666667,42.25,31.16666667,35.91666667,,,47.1875,32.5,29.70833333,52.79166667,38.58333333,30.66666667,33.713018340909095,35.746212120909085
1322,2015-08-08,0.8000192004608111,,0.7496982464558015,,,,1.150409463596936,,,,3.004395806614553,,2.2327620038867235,,1.5370899812475023,,0.9847538224860876,,0.4100276358626571,,5.213492518638237,,1.4500424137406018,,3.5952023407532776,,2.953755996124672,,3.978813985765208,,0.24042333741251604,,1.7379306045430851,0.028161091534255087,41.23809524,30.54166667,38.80952381,37.33333333,37.70833333,33.66666667,43.73809524,0.0,40.52083333,26.16666667,37.14285714,39.16666667,40.904761900000004,28.16666667,44.61904762,40.93333333,34.58333333,31.33333333,,,49.70833333,23.58333333,38.38095238,44.6875,48.82608696,29.10526316,41.3483544675,30.3903691525
1323,2015-08-09,0.5333461336405407,,1.2494970774263359,,0.4791383176495391,,2.1364747181085955,,,,1.5021979033072763,,3.177392082454184,,2.817998298953753,,1.4771307337291313,0.008079784744097145,,,5.4878868617244585,,3.625106034351505,,4.14831039317686,,2.3630047968997383,,3.744766104249607,,1.4425400244750959,,2.074304269938521,0.019486469588435442,28.68421053,,27.41666667,51.45833333,36.125,40.375,36.29166667,0.0,37.04166667,31.875,33.04166667,48.625,34.0,33.58333333,33.16666667,38.79166667,33.38095238,41.33333333,,,44.39583333,32.66666667,29.0,57.33333333,,,33.86766632636363,37.604166666000005
1324,2015-08-10,0.6666826670506759,,1.9991953238821367,,0.4791383176495391,,1.4790978817674891,,,,6.196566351142516,,4.465524007773447,,2.3056349718712528,0.03783490623910808,1.5318392794228028,,0.4100276358626571,,6.859858577155572,,2.1750636206109037,,3.5952023407532776,,2.806068196318438,0.10905843105803067,3.978813985765208,0.06913203334069816,2.8850800489501918,,2.6461395011107616,0.02325804434748746,30.55,35.85,24.58333333,52.33333333,30.95833333,54.625,34.56944444,0.0,41.45833333,41.04347826,27.5,,26.95833333,,28.70833333,61.26086957,32.625,43.5,,,36.5,,23.83333333,75.29166667,,,30.749494947272726,45.48804347875
1325,2015-08-11,0.5333461336405407,,1.2494970774263359,,0.4791383176495391,,1.9721305090233188,,,,6.947665302796153,,2.1468865421987724,,2.561816635412504,,1.5865478251164744,,,,6.585464234069352,,1.4500424137406018,,3.8717563669650685,,1.9199413974810369,,3.5107182227340066,,2.8850800489501918,,2.287340924688964,0.029669721437875888,14.20833333,,10.20833333,21.18181818,11.58333333,16.26086957,12.06944444,0.0,20.0,10.54166667,10.91666667,14.91666667,11.79166667,13.91304348,13.33333333,15.60869565,10.91666667,15.20833333,,,15.20833333,13.33333333,9.875,21.08333333,,,12.737373736363635,14.204776021
1326,2015-08-12,0.8000192004608111,,3.4985918167937404,,0.7187074764743087,,,,,,6.008791613229108,,2.490388388950576,,0.7685449906237511,,1.641256370810146,0.008079784744097145,,,3.841520803207121,,2.9000848274812037,,4.977972471812231,,3.3968193955433734,0.02181168621160614,3.744766104249607,0.03456601667034908,3.8467733986002566,,2.332190746741688,0.02564670836155374,21.04166667,50.16666667,17.5,,21.58333333,55.95833333,20.72222222,0.0,23.70833333,48.66666667,,50.58333333,20.79166667,48.70833333,20.125,66.54166667,19.58333333,51.625,,,25.5625,51.35294118,17.83333333,67.33333333,,49.08333333,20.845138888,49.09269162181818
1327,2015-08-13,0.2666730668202704,,1.2494970774263359,,0.2395691588247696,,1.6434420908527656,,,,8.44986320610343,0.055464075803247234,3.435018467518036,,2.561816635412504,,1.5318392794228028,0.008079784744097145,0.4100276358626571,,7.683041606414242,,,,2.4889862359061152,,1.6245657978685697,,3.744766104249607,,3.125503386362708,,2.4555277573866814,0.02614958499609401,24.875,21.5,10.42105263,24.5,20.58333333,26.0,24.1875,0.0,27.8125,18.66666667,17.875,26.04166667,,19.79166667,21.29166667,,19.58333333,19.875,,,31.77083333,17.95833333,19.9375,32.04166667,20.68421053,24.33333333,21.729266347272727,20.97348484909091
1328,2015-08-14,0.4000096002304056,,1.7492959083968702,,0.7187074764743087,,2.300818927193872,,,,4.131044234095009,,1.88926015713492,,,,1.4771307337291313,0.02423935423229144,,,1.6463660585173376,,,,1.3827701310589529,,2.215316997093504,,3.276670341218406,0.06913203334069816,3.8467733986002566,,1.726718149029904,0.02753249574107975,31.28571429,32.83333333,27.0952381,36.66666667,28.04166667,35.39130435,31.5,0.0,35.42857143,31.08333333,27.85714286,35.125,,29.70833333,31.57142857,,29.57142857,31.04347826,,,32.75,27.25,26.33333333,42.8,39.14285714,32.375,30.961580087272726,30.388768115454546
1329,2015-08-15,0.8000192004608111,,1.7492959083968702,,0.2395691588247696,,1.8077862999380423,,,,3.567720020354782,,2.83389023570238,,1.0247266541650015,,0.9847538224860876,,,,4.66470383246579,,1.4500424137406018,,2.2124322096943247,,1.7722535976748033,,3.276670341218406,,0.7212700122375479,,1.7379306045430851,0.01936075042980037,35.25,23.16666667,26.70833333,29.16666667,31.0,21.33333333,31.875,0.0,38.60416667,23.47916667,28.04166667,30.45833333,,25.73913043,29.25,,31.29166667,21.17391304,,,42.625,19.625,26.39583333,36.0,39.125,32.91304348,32.742424242727274,23.914113965454543
1330,2015-08-16,0.8000192004608111,,2.249094739367405,,0.2395691588247696,,1.9721305090233188,,,,5.069917923662059,0.055464075803247234,2.1468865421987724,,4.6112699437425055,,0.8753367310987444,,,,4.66470383246579,,1.4500424137406018,,2.7655402621179057,,1.7722535976748033,,3.5107182227340066,,0.48084667482503207,,1.9285423482671653,0.019486469588435442,45.91666667,25.0,35.08333333,28.95833333,41.0,26.125,39.91666667,0.0,46.75,22.64583333,40.53333333,34.35,,27.70833333,36.41666667,,41.04166667,25.45833333,,,47.95833333,22.5,35.75,37.83333333,43.35,31.52631579,41.246969697272725,25.64595294909091
1331,2015-08-17,0.4000096002304056,,1.9991953238821367,,,,1.9721305090233188,,,,3.755494758268192,,3.606769390893938,,2.0494533083300035,,2.352467464827876,,0.4100276358626571,,4.390309489379567,,3.625106034351505,,4.14831039317686,,2.5106925967059714,,4.4469097487964095,0.03456601667034908,1.6829633618876116,,2.421890390847138,0.021623695285231583,28.29166667,20.34782609,28.41666667,26.875,31.16666667,22.45,31.375,0.0,28.6875,18.0625,,25.18181818,,23.5,34.95833333,,24.79166667,22.20833333,,,38.45833333,17.5,30.35416667,31.17391304,38.47368421,16.0,31.497368422,20.299944603636366
1332,2015-08-18,0.2666730668202704,,1.7492959083968702,,0.2395691588247696,,1.8077862999380423,,,,3.1921705445279627,,2.0610110805108217,,4.867451607283757,,1.6959649165038175,0.01615956948819429,,,4.66470383246579,,,,3.8717563669650685,,1.9199413974810369,0.02181168621160614,2.574526696671605,,3.3659267237752233,,2.0294544478857963,0.02715533826517455,27.25,29.95833333,19.41666667,36.95833333,29.95833333,26.875,28.54166667,0.0,29.04166667,23.10416667,26.41666667,34.625,,23.29166667,26.41666667,,24.58333333,28.41666667,,,36.79166667,22.29166667,22.02083333,42.27272727,,,27.043750001,26.779356061000005
1333,2015-08-19,0.5333461336405407,,2.74889357033794,,0.7187074764743087,,1.6434420908527656,,,,3.1921705445279627,,3.606769390893938,,2.3056349718712528,,1.8053820078911604,,,,5.213492518638237,,5.075148448092107,,2.4889862359061152,,1.1815023984498692,0.02181168621160614,4.212861867280808,0.03456601667034908,3.60635006118774,,2.298553380202145,0.0227551677129472,27.29166667,25.41666667,22.70833333,38.125,29.70833333,27.61904762,29.54861111,5e-324,32.125,25.02083333,29.41666667,32.625,,21.08333333,27.36363636,,26.375,25.16666667,,,34.10416667,22.29166667,27.75,,,,28.639141413999994,24.149801587777784
1334,2015-08-20,0.6666826670506759,,2.74889357033794,,,,1.6434420908527656,,,,5.257692661575468,,2.490388388950576,,4.098906616660007,,1.4224221880354595,,,,4.9390981755520125,,1.4500424137406018,,2.7655402621179057,,2.0676291972872702,,3.744766104249607,0.03456601667034908,0.24042333741251604,,2.085516725451702,0.02577242752018881,37.57142857,44.25,36.76190476,55.04166667,,,40.66666667,0.0,45.04761905,33.41666667,41.14285714,55.16666667,,39.625,37.05263158,,37.904761900000004,43.91666667,,,42.16666667,37.5,39.095238099999996,60.34782609,41.85714286,42.13043478,39.92669173,41.139492755000006
1335,2015-08-21,0.4000096002304056,,2.4989941548526717,,0.2395691588247696,,1.150409463596936,,,,5.633242137402287,,1.2022564636313129,,,,1.9695076449721751,,,,7.957435949500465,,5.075148448092107,,4.4248644193886495,,1.6245657978685697,,1.8723830521248035,,2.8850800489501918,,2.06309181442534,0.023383763506122528,21.25,44.20833333,20.41666667,47.25,24.20833333,40.75,23.70833333,0.0,18.33333333,36.375,25.75,44.29166667,18.17391304,37.60869565,23.79166667,52.125,18.625,38.08333333,,,30.6875,35.54166667,13.275,47.5,31.95833333,32.39130435,22.514839975,38.010416666666664
1336,2015-08-22,0.2666730668202704,,1.4993964929116033,,0.4791383176495391,,,,,,5.445467399488877,,2.576263850638527,,4.098906616660007,,0.820628185405073,,,,6.585464234069352,,2.9000848274812037,,1.9358781834825345,,2.215316997093504,,3.978813985765208,0.1728300833517454,0.24042333741251604,,1.8836925262144408,0.02313232518885239,34.95833333,40.0,34.25,45.625,36.75,37.125,33.25,0.0,34.125,39.75,37.0,44.20833333,34.66666667,32.29166667,32.33333333,43.54166667,34.95833333,36.25,,,40.35416667,35.54166667,34.22916667,46.04347826,33.04166667,18.22727273,34.99305555583333,34.88367369416667
1337,2015-08-23,0.13333653341013518,,1.9991953238821367,,0.2395691588247696,,1.3147536726822129,,,,5.257692661575468,,1.6316337720710672,,3.8427249531187564,,1.1488794595671021,,,,7.408647263328017,,,,1.6593241572707436,,2.5106925967059714,,3.978813985765208,0.10369805001104723,0.24042333741251604,,1.8949049817276216,0.02112081865069132,40.875,22.33333333,32.25,23.16666667,36.5,26.45,37.625,0.0,40.4375,18.70833333,35.25,23.45454545,33.625,16.5,33.5,26.33333333,34.16666667,25.16666667,,,44.25,21.625,31.54166667,24.30434783,38.875,15.25,36.57465277833333,20.2743522175
1338,2015-08-24,1.0666922672810817,,1.2494970774263359,,0.4791383176495391,,1.3147536726822129,,,,3.1921705445279627,,3.0056411590782814,,4.098906616660007,0.11350471871732425,1.0941709138734306,0.008079784744097145,,,7.957435949500465,,2.1750636206109037,,2.4889862359061152,,2.658380396512205,0.02181168621160614,3.744766104249607,,4.8084667482503205,,2.309765835715326,0.021246537809326383,38.25,33.875,29.29166667,38.54166667,35.08333333,33.30434783,36.4375,0.0,40.72916667,24.04166667,33.33333333,37.13043478,31.16666667,27.58333333,31.78947368,37.54166667,34.91666667,29.29166667,,,44.72916667,26.83333333,29.9375,41.77272727,35.18181818,25.44444444,35.0705243225,29.613357304999997
1339,2015-08-25,0.8000192004608111,,3.748491232279008,,0.4791383176495391,,0.8217210454263828,,,,7.323214778622973,,2.4045129272626253,,0.7685449906237511,0.07566981247821616,1.860090553584832,0.040398923720485716,,,6.0366755478969045,,2.9000848274812037,,4.4248644193886495,,2.806068196318438,,3.978813985765208,,4.568043410837803,,2.5676523125184936,0.025898146678823872,26.75,21.75,21.91666667,26.91666667,27.45833333,20.33333333,27.65277778,0.0,32.97916667,18.95833333,27.25,19.82608696,26.41666667,15.91666667,28.29166667,18.33333333,24.70833333,19.56521739,,,31.6875,17.7,27.45833333,24.79166667,27.56521739,19.7,27.51122182,18.6492753625
1340,2015-08-26,1.0666922672810817,,2.74889357033794,,0.7187074764743087,,0.9860652545116594,,,,5.445467399488877,,3.0056411590782814,,2.561816635412504,,1.4771307337291313,,1.2300829075879711,,10.701379380362694,,1.4500424137406018,,4.70141844560044,0.12253096697632446,1.3291901982561023,,5.14905339334321,,6.491430110137931,,2.780688967268936,0.028789687327430424,30.38095238,20.58333333,24.85714286,22.95833333,27.95454545,16.54545455,30.44444444,0.0,34.095238099999996,17.89583333,28.61904762,19.95454545,26.47619048,15.125,28.0952381,19.30434783,26.28571429,17.125,,,34.58333333,14.20833333,27.69047619,27.72727273,32.85714286,20.29166667,29.361622175000004,17.643260045833333
1341,2015-08-27,0.4000096002304056,,1.7492959083968702,,0.2395691588247696,,0.8217210454263828,,,,6.947665302796153,,2.1468865421987724,,1.280908317706252,0.15133962495643233,1.860090553584832,,0.8200552717253142,,4.66470383246579,,0.7250212068703009,,6.360742602871183,,1.1815023984498692,,2.106430933640404,0.03456601667034908,4.568043410837803,,2.197641280583514,0.031178351341496706,39.375,27.45833333,30.58333333,33.625,38.20833333,24.75,39.52777778,5e-324,47.5625,20.25,35.79166667,24.20833333,36.66666667,21.41666667,36.0,24.54166667,33.375,22.375,,,44.1875,21.08333333,35.97916667,30.16666667,35.79166667,23.54166667,37.754050926666665,22.784722222500005
1342,2015-08-28,0.6666826670506759,,3.2486924013084733,,,,1.4790978817674891,,,,4.131044234095009,,3.177392082454184,,0.5123633270825008,,0.7659196397114014,,0.4100276358626571,,6.585464234069352,,2.9000848274812037,,3.8717563669650685,,3.1014437959309067,0.02181168621160614,2.3404788151560045,,3.125503386362708,,2.1191540919912457,0.0246409550924732,31.0,29.83333333,23.41666667,32.95833333,29.70833333,26.54166667,30.94444444,0.0,38.14583333,23.875,27.25,28.04166667,28.375,26.54166667,30.30434783,26.05,25.125,24.875,,,36.08333333,24.4,28.9375,31.5,32.66666667,24.58333333,30.1630938,24.933333333333337
1343,2015-08-29,0.4000096002304056,,1.4993964929116033,,,,,,,,5.445467399488877,0.055464075803247234,3.435018467518036,,0.5123633270825008,,1.8053820078911604,,0.4100276358626571,,8.506224635672911,,2.1750636206109037,,4.70141844560044,,1.9199413974810369,,4.4469097487964095,,0.7212700122375479,,2.2424911026362397,0.02376092098202773,34.66666667,34.08333333,29.29166667,26.04166667,33.33333333,24.95833333,34.55555556,0.0,41.0625,24.04166667,30.83333333,27.25,31.66666667,20.29166667,32.70833333,21.83333333,29.33333333,26.91666667,,,41.39583333,26.125,32.9375,27.79166667,38.875,23.33333333,34.22164351833333,23.555555555833333
1344,2015-08-30,0.4000096002304056,,3.2486924013084733,,0.4791383176495391,,0.8217210454263828,,,,5.069917923662059,0.08319611370487084,3.77852031426984,,2.3056349718712528,,1.9695076449721751,,0.4100276358626571,,4.115915146293344,,2.1750636206109037,,1.9358781834825345,,1.476877998062336,0.04362337242321227,1.8723830521248035,0.03456601667034908,0.48084667482503207,,2.074304269938521,0.025143831727013472,33.875,24.52173913,27.625,24.29166667,30.91666667,18.125,29.55555556,0.0,38.97916667,11.875,29.95833333,21.41666667,27.66666667,19.33333333,26.625,19.75,30.125,17.5,,,38.75,14.39130435,28.85416667,23.41666667,32.20833333,15.0,31.261574075000002,17.468448068333334
1345,2015-08-31,0.8000192004608111,,3.9983906477642734,,,,1.4790978817674891,,,,6.7598905648827445,0.027732037901623617,4.036146699333694,,0.5123633270825008,0.03783490623910808,1.9695076449721751,0.008079784744097145,0.4100276358626571,,8.231830292586688,,3.625106034351505,0.1070767868555349,4.4248644193886495,,3.5445071953496066,0.04362337242321227,4.9150055118276095,0.06913203334069816,0.24042333741251604,,2.8031138782952985,0.02325804434748746,25.29166667,29.17391304,16.79166667,37.625,20.625,29.04166667,22.51388889,0.0,28.83333333,22.83333333,20.91666667,35.04166667,19.25,24.5,20.33333333,37.16666667,21.75,27.95833333,,,30.91666667,20.83333333,18.60416667,40.08695652,,,22.34785353636364,27.660079050909086
1346,2015-09-01,0.2666730668202704,,2.4989941548526717,,0.7187074764743087,,2.6295073453644253,,,,2.628846330787734,0.027732037901623617,4.379648546085496,,2.0494533083300035,,2.680718738989905,,,,7.408647263328017,,3.625106034351505,0.1070767868555349,2.4889862359061152,,2.0676291972872702,,4.680957630312009,0.13826406668139632,4.568043410837803,,2.7694765117557547,0.03142978965876684,,49.65217391,16.25,64.66666667,,,18.88888889,0.0,22.33333333,39.60869565,14.91666667,63.625,18.33333333,41.08333333,18.33333333,61.79166667,17.125,52.25,,,24.29166667,46.16666667,18.4375,62.58333333,22.95833333,48.54166667,19.186805555,48.179018445454545
1347,2015-09-02,0.2666730668202704,,2.9987929858232065,,0.7187074764743087,,2.1364747181085955,,,,4.694368447835239,,3.177392082454184,,0.7685449906237511,,3.173095650232949,,0.4100276358626571,,7.408647263328017,,3.625106034351505,,2.2124322096943247,,3.8398827949620737,0.02181168621160614,4.212861867280808,,4.568043410837803,,2.881601066887567,0.031052632182861632,29.0,,19.79166667,41.95833333,,,23.44444444,5e-324,30.45833333,36.95652174,17.58333333,55.17391304,20.16666667,40.16666667,20.29166667,55.91304348,22.08333333,31.41666667,,,32.04166667,34.6875,20.54166667,65.04347826,25.20833333,50.45833333,23.691919191818183,41.177445652
1348,2015-09-03,0.8000192004608111,,2.4989941548526717,,0.4791383176495391,,1.4790978817674891,,,,7.323214778622973,0.027732037901623617,3.9502712376457416,,1.7932716447887531,,1.9695076449721751,,0.4100276358626571,,7.683041606414242,,3.625106034351505,,2.7655402621179057,,2.215316997093504,0.02181168621160614,4.4469097487964095,0.03456601667034908,7.453123459787995,,2.9600882554798367,0.032309823769212306,33.33333333,40.25,27.79166667,46.45833333,,,30.31944444,0.0,35.3125,42.95833333,22.25,46.40909091,30.33333333,36.54166667,32.625,43.25,25.95833333,42.95833333,,,35.09375,37.33333333,27.70833333,45.91666667,34.625,47.91666667,30.486426766363635,39.09022038545454
1349,2015-09-04,0.6666826670506759,,3.9983906477642734,,0.2395691588247696,,1.4790978817674891,,,,6.7598905648827445,0.027732037901623617,4.551399469461399,,4.355088280201256,0.11350471871732425,2.6260101932962336,,,,6.0366755478969045,,0.7250212068703009,,3.8717563669650685,0.04084365565877481,3.2491315957371394,0.02181168621160614,3.5107182227340066,,3.125503386362708,,3.0497878995852847,0.03318985787965778,63.25,58.95833333,39.58333333,70.20833333,,,59.51388889,0.0,59.85416667,51.8125,41.5,68.41666667,55.08333333,51.125,55.08333333,63.41666667,50.95833333,56.35,,,64.1875,51.70833333,47.20833333,69.45833333,60.29166667,53.33333333,54.22853535272727,54.07159090818182
1350,2015-09-05,0.8000192004608111,,0.7496982464558015,,0.2395691588247696,,2.300818927193872,,,,8.44986320610343,,4.894901316213201,,1.5370899812475023,,2.2977589191342043,0.008079784744097145,,,1.9207604016035604,,2.1750636206109037,,4.4248644193886495,,2.215316997093504,,4.680957630312009,0.10369805001104723,0.9616933496500641,,2.6797768676503053,0.03419561114873832,46.58333333,37.19047619,37.375,40.58333333,,,40.40277778,0.0,43.29166667,36.70833333,31.09090909,38.6875,37.83333333,30.04166667,38.375,41.91666667,,,,,53.85416667,28.70833333,36.72916667,44.52173913,46.29166667,27.33333333,41.182702021,32.569138198
1351,2015-09-06,0.6666826670506759,,3.4985918167937404,,1.1978457941238478,,2.4651631362791484,,,,3.755494758268192,,4.293773084397545,,1.7932716447887531,,1.5865478251164744,0.008079784744097145,,,1.9207604016035604,,0.7250212068703009,0.2141535737110698,2.4889862359061152,0.12253096697632446,2.658380396512205,,6.553340682436812,,2.40423337412516,,2.4443153018735004,0.030046878913781095,48.54166667,44.625,36.41666667,46.375,,,43.6875,0.0,47.10416667,37.52083333,,48.95833333,,35.16666667,41.0,50.66666667,40.83333333,35.70833333,,,53.4375,39.0625,38.625,49.625,50.16666667,38.375,44.42361111222222,38.73484848454546
1352,2015-09-07,0.6666826670506759,,4.498189478734808,,0.4791383176495391,,2.300818927193872,,,,8.44986320610343,0.027732037901623617,5.753655933092711,,8.453994896861262,0.07566981247821616,3.5013469243949777,0.008079784744097145,0.8200552717253142,,14.817294526656035,,5.800169654962407,,7.190404681506555,0.04084365565877481,5.31676079302441,0.02181168621160614,7.021436445468013,0.03456601667034908,2.8850800489501918,,4.6643814934833765,0.027406776582444684,40.41666667,30.66666667,26.91666667,40.41666667,,,34.01388889,0.0,40.60416667,30.58333333,32.04166667,43.75,32.08333333,30.58333333,31.66666667,45.04166667,33.04166667,32.75,,,45.14583333,25.91666667,29.60416667,47.91666667,38.56521739,29.90909091,34.91817633,32.503099174545454
1353,2015-09-08,0.6666826670506759,,4.9979883097053435,,0.7187074764743087,,2.793851554449702,,,,8.44986320610343,,4.207897622709594,,3.3303616260362547,,2.0242161906658467,,0.4100276358626571,,10.426985037276474,,4.350127241221807,0.1070767868555349,6.360742602871183,,4.430633994187008,0.02181168621160614,3.978813985765208,0.06913203334069816,6.251006772725416,,3.7001103193497937,0.05229916999218802,46.47826087,22.08695652,33.625,28.90909091,40.16666667,24.54545455,44.14583333,0.0,49.04166667,18.52083333,37.29166667,27.95833333,39.08333333,20.58333333,42.875,,41.28571429,23.0,,,61.66666667,18.25,38.77083333,30.77272727,47.47619048,24.65,43.492236025833336,21.75242993090909
1354,2015-09-09,0.8000192004608111,,3.9983906477642734,,,,1.8077862999380423,,,,8.44986320610343,,5.152527701277054,,2.3056349718712528,,3.0636785588456057,,2.0501381793132856,,9.603802008017805,,7.975233275573308,,7.466958707718346,,3.5445071953496066,0.02181168621160614,7.021436445468013,0.03456601667034908,7.2127001223754785,,4.092546262311136,0.04148732234957223,43.08333333,,27.95833333,51.91666667,41.08333333,44.04166667,41.86111111,0.0,42.25,28.69565217,38.58333333,46.54166667,41.57142857,33.28571429,41.625,40.41666667,33.04166667,37.16666667,,,57.0,35.95833333,30.85714286,50.33333333,,,39.90133477545455,36.835636647
1355,2015-09-10,1.466701867511487,0.019692179253133223,3.9983906477642734,,0.7187074764743087,,2.1364747181085955,,,,9.01318741984366,0.055464075803247234,4.379648546085496,,2.817998298953753,0.03783490623910808,3.774889652863336,0.008079784744097145,1.2300829075879711,,9.878196351104023,,6.5251908618327095,,6.637296629082974,0.08168731131754962,4.282946194380775,0.02181168621160614,3.5107182227340066,0.06913203334069816,7.693546797200511,,4.148608539877042,0.04588749290179958,28.875,46.85,13.35,56.125,27.54166667,52.69565217,30.77777778,0.0,31.91666667,36.66666667,24.875,,28.26086957,38.5,28.33333333,58.61904762,25.125,39.0,,,36.54166667,42.16666667,22.5,72.18181818,,,27.099725517272727,44.280485131
1356,2015-09-11,,,2.4989941548526717,,0.4791383176495391,,2.9581957635349783,,,,5.633242137402287,0.027732037901623617,4.980776777901152,,,,2.4071760105215474,,,,9.055013321845355,,4.350127241221807,,7.466958707718346,,3.5445071953496066,0.02181168621160614,5.851197037890012,0.03456601667034908,5.7701600979003835,,3.3749491094675395,0.04651608869497492,20.95833333,,14.66666667,32.43478261,19.95833333,25.375,20.52083333,0.0,22.83333333,27.16666667,18.04166667,20.7826087,15.5,20.05,16.0,38.34782609,17.66666667,23.2173913,,,26.70833333,24.0,13.95833333,38.5,,,18.801136362727274,24.987427537
1357,2015-09-12,1.0666922672810817,,2.249094739367405,,1.437414952948617,,1.4790978817674891,,,,6.3843410890559245,0.027732037901623617,4.036146699333694,,0.5123633270825008,,2.352467464827876,0.01615956948819429,,,9.603802008017805,,2.9000848274812037,,3.318648314541487,0.04084365565877481,3.2491315957371394,,4.4469097487964095,0.03456601667034908,1.9233866993001283,,2.8928135224007483,0.037841466749155284,21.33333333,59.58333333,15.875,,19.83333333,72.125,20.75,5e-324,27.54166667,47.26086957,,64.73913043,20.75,55.75,20.33333333,72.125,17.29166667,61.83333333,,,30.27083333,49.90909091,13.91666667,86.875,,52.16666667,20.789583333,56.57885674909091
1358,2015-09-13,0.2666730668202704,,5.997585971646413,,0.9582766352990782,,1.8077862999380423,,,,7.698764254449793,,5.410154086340908,,3.8427249531187564,,2.0242161906658467,0.01615956948819429,1.2300829075879711,,4.390309489379567,,,,3.5952023407532776,,3.5445071953496066,,5.617149156374412,0.10369805001104723,1.20211668706258,,3.1619124547170965,0.032435542927847366,33.0,,,,33.47619048,31.09090909,30.25396825,0.0,38.19047619,22.04347826,,,31.0,26.25,28.0952381,41.91666667,27.47619048,25.91666667,,,35.5,28.61904762,23.38095238,41.70833333,,,31.152557319999996,27.193137704999998
1359,2015-09-14,0.9333557338709464,,2.4989941548526717,,0.4791383176495391,,1.4790978817674891,,,,4.694368447835239,0.055464075803247234,5.925406856468612,,2.3056349718712528,0.03783490623910808,3.0089700131519344,,0.4100276358626571,,6.585464234069352,,0.7250212068703009,,7.466958707718346,,5.169072993218176,0.02181168621160614,7.255484326983613,0.10369805001104723,7.933970134613028,,3.7898099634552436,0.03545280273508899,23.95833333,,,,23.33333333,33.5,22.55555556,0.0,27.08333333,26.86363636,,,18.19047619,26.41666667,21.29166667,32.625,20.625,33.625,,,30.02083333,30.95652174,17.875,46.79166667,,,22.770392415555552,28.847311429999998
1360,2015-09-15,0.9333557338709464,,4.2482900632495415,,0.4791383176495391,,1.8077862999380423,,,,7.323214778622973,0.027732037901623617,4.379648546085496,,1.280908317706252,,2.571301647602562,0.008079784744097145,1.2300829075879711,,11.524562409621366,,1.4500424137406018,,4.977972471812231,,4.1352583945745405,0.02181168621160614,2.8085745781872054,0.03456601667034908,3.3659267237752233,,3.3413117429279957,0.042493075618652766,33.125,,,,,,32.375,0.0,39.91666667,26.95833333,,,31.95833333,37.54166667,32.54166667,53.69565217,28.5,35.58333333,,,36.58333333,34.16666667,27.16666667,48.75,,,32.770833333750005,33.813664595714286
1361,2015-09-16,0.4000096002304056,,2.249094739367405,,,,3.9442610180466375,,,,3.1921705445279627,,3.520893929205987,,5.635996597907507,,2.188341827746861,0.008079784744097145,,,10.152590694190248,,0.7250212068703009,,2.2124322096943247,,4.726009593799477,0.02181168621160614,3.276670341218406,0.03456601667034908,2.1638100367126443,,2.881601066887567,0.03746430927325007,21.95454545,,,,19.20833333,25.625,20.47916667,0.0,25.45833333,18.0,,,16.58333333,31.79166667,21.08333333,36.375,18.125,24.08333333,,,28.91666667,22.0,12.75,39.41666667,,,20.50652356777778,24.661458333749998
1362,2015-09-17,2.0000480011520283,,1.9991953238821367,,0.2395691588247696,,3.6155725998760846,,,,10.515385323150936,,5.066652239589104,,6.6607232520725095,,2.7354272846835763,0.008079784744097145,,,14.268505840483591,,2.1750636206109037,,5.254526498024021,,4.430633994187008,,4.9150055118276095,0.03456601667034908,6.010583435312897,,4.339220283601122,0.032309823769212306,21.08695652,,,,26.70833333,23.91666667,25.25694444,0.0,31.75,18.05,,,26.75,19.54166667,26.75,31.875,23.91666667,29.33333333,,,25.47916667,19.25,21.91666667,34.58333333,,,25.51274825555556,22.06875
1363,2015-09-18,0.8000192004608111,,3.2486924013084733,,0.9582766352990782,,3.6155725998760846,,,,5.069917923662059,,3.3491430058300846,,0.5123633270825008,,1.6959649165038175,,0.4100276358626571,,6.585464234069352,,2.1750636206109037,,4.70141844560044,,4.726009593799477,0.02181168621160614,5.14905339334321,0.06913203334069816,1.9233866993001283,,2.81432633380848,0.04865331439177107,37.65217391,,29.625,41.25,,,34.13194444,0.0,40.20833333,23.91666667,,,33.04166667,27.66666667,32.29166667,46.04166667,,,,,36.77083333,34.29166667,28.0,57.04166667,,,33.965202293749996,32.88690476428571
1364,2015-09-19,0.4000096002304056,,3.4985918167937404,,,,0.4930326272558297,,,,6.3843410890559245,,4.293773084397545,,4.355088280201256,0.03783490623910808,1.8053820078911604,0.008079784744097145,,,8.231830292586688,,,,4.4248644193886495,0.08168731131754962,2.806068196318438,,4.4469097487964095,0.10369805001104723,0.24042333741251604,,2.6797768676503053,0.031555508817401906,39.28571429,24.70833333,31.71428571,32.33333333,37.71428571,29.30434783,39.50793651,0.0,40.55,20.75,35.19047619,,35.23809524,24.91666667,36.61904762,29.79166667,32.71428571,25.5,,,45.71428571,21.55,28.27777778,32.904761900000004,,,36.59329004272728,24.175910973
1365,2015-09-20,0.2666730668202704,,4.9979883097053435,,,,2.300818927193872,,,,11.078709536891164,0.055464075803247234,5.152527701277054,,2.0494533083300035,,2.13363328205319,0.008079784744097145,,,8.506224635672911,,,,2.7655402621179057,,3.9875705947683073,,6.0852449194056115,,3.60635006118774,,3.487073664599351,0.030046878913781095,35.70833333,21.79166667,27.75,24.54166667,30.16666667,24.08333333,30.97222222,5e-324,38.5,20.43478261,27.875,,27.54166667,21.66666667,28.33333333,26.45833333,27.25,22.83333333,,,36.16666667,20.33333333,25.0,32.17391304,,,30.478535353636367,21.431702898
1366,2015-09-21,0.9333557338709464,,5.7476865561611445,,0.7187074764743087,,2.793851554449702,,,,7.698764254449793,0.027732037901623617,5.238403162965005,,4.355088280201256,,3.9937238356380216,0.008079784744097145,0.4100276358626571,,6.585464234069352,,2.9000848274812037,,4.14831039317686,,5.612136392636877,0.02181168621160614,7.255484326983613,0.03456601667034908,2.8850800489501918,,4.114971173337499,0.03909865833550594,27.5,36.75,20.45833333,38.70833333,24.20833333,31.5,24.30555556,0.0,33.375,29.0,22.20833333,,21.375,27.25,22.95833333,,23.29166667,29.54166667,,,31.22916667,32.75,18.25,37.13043478,,,24.469065656363636,29.181159419999997
1367,2015-09-22,0.5333461336405407,,1.2494970774263359,,0.9582766352990782,,3.1225399726202547,,,,5.445467399488877,,4.7231503928373,,3.3303616260362547,,2.571301647602562,0.008079784744097145,0.4100276358626571,,8.231830292586688,,2.1750636206109037,,3.318648314541487,,10.485833786242583,0.02181168621160614,6.319292800921213,0.06913203334069816,5.529736760487868,,3.8458722410211497,0.04613893121906972,31.5,30.04166667,19.4,35.66666667,29.375,28.83333333,30.25,0.0,38.58333333,23.83333333,28.75,,30.33333333,23.95833333,31.73913043,31.57142857,26.08333333,27.83333333,,,34.91666667,27.16666667,,42.18181818,,,30.093079709,27.108658008
1368,2015-09-23,0.6666826670506759,,4.498189478734808,,0.7187074764743087,,2.4651631362791484,,,,4.131044234095009,0.027732037901623617,4.980776777901152,,8.710176560402513,,1.6959649165038175,,0.4100276358626571,,9.878196351104023,,5.800169654962407,,0.5531080524235812,,6.941326590892979,,6.319292800921213,,1.6829633618876116,,3.520711031138895,0.0431216714118281,36.875,33.33333333,22.54166667,37.625,30.91666667,31.375,32.50694444,0.0,42.375,27.875,27.25,,25.56521739,30.0,26.54166667,39.33333333,26.3,28.58333333,,,43.14583333,27.35,22.70833333,48.625,,,30.61148440909091,30.409999999
1369,2015-09-24,1.466701867511487,,6.747284218102213,,1.437414952948617,,2.300818927193872,,,,4.31881897200842,0.08319611370487084,4.551399469461399,,0.7685449906237511,,2.8995529217645912,,0.4100276358626571,,14.542900183569815,,5.075148448092107,,0.2765540262117906,,3.3968193955433734,0.02181168621160614,5.3831012748588085,,1.6829633618876116,,3.419798931520264,0.03947581581141115,23.125,31.70833333,15.33333333,38.79166667,20.41666667,33.16666667,22.18055556,0.0,30.66666667,26.91304348,19.625,,20.29166667,27.625,18.04166667,40.70833333,19.125,33.33333333,,,30.4375,30.45833333,15.16666667,46.0,,,21.30997474909091,30.870471014000003
1370,2015-09-25,0.4000096002304056,,3.2486924013084733,,0.7187074764743087,,1.8077862999380423,,,,6.196566351142516,,3.520893929205987,,2.561816635412504,,3.282512741620292,,,,10.701379380362694,,0.7250212068703009,,1.1062161048471624,,4.430633994187008,0.02181168621160614,6.0852449194056115,0.03456601667034908,2.40423337412516,,3.18433736574346,0.03834434338369554,24.71428571,26.25,19.61904762,28.83333333,23.66666667,23.41666667,25.04761905,0.0,32.71428571,20.17391304,23.95238095,,24.28571429,17.41666667,26.80952381,21.56521739,21.76190476,24.875,,,31.5952381,25.58333333,19.52380952,30.85,,,24.88095238090909,21.896413043
1371,2015-09-26,0.6666826670506759,,6.247485387131679,,0.4791383176495391,,2.9581957635349783,,,,6.3843410890559245,0.027732037901623617,3.091516620766233,,0.7685449906237511,,2.4618845562152187,0.008079784744097145,,,14.817294526656035,,0.7250212068703009,,5.531080524235811,,2.953755996124672,,7.489532208499213,0.06913203334069816,3.60635006118774,0.035507593724526214,3.4758612090861702,0.03570424105235913,10.875,23.70833333,8.875,31.54166667,9.5,25.04166667,10.36111111,0.0,19.75,17.0,9.727272727,,11.875,19.73913043,12.20833333,26.69565217,9.291666667000001,26.54166667,,,22.91666667,17.25,10.26086957,34.90909091,,,12.330992734,22.242720685000002
1372,2015-09-27,0.6666826670506759,,7.746881880043283,,0.9582766352990782,,0.4930326272558297,,,,7.698764254449793,,5.238403162965005,,2.817998298953753,,2.790135830377248,0.008079784744097145,0.4100276358626571,,9.32940766493158,,0.7250212068703009,,4.4248644193886495,,3.69219499515584,,7.489532208499213,0.06913203334069816,4.087196736012772,0.14203037489810486,3.7337476858893375,0.038972939176870884,25.20833333,15.04166667,25.375,25.875,22.66666667,21.16666667,23.375,0.0,29.25,14.75,23.125,,22.04166667,18.77272727,21.79166667,26.20833333,23.66666667,22.79166667,,,28.625,16.0,19.91304348,28.04545455,,,24.09436759,18.865151516
1373,2015-09-28,1.0666922672810817,,4.498189478734808,,,,2.300818927193872,,,,5.069917923662059,0.055464075803247234,4.379648546085496,,6.404541588531259,,2.13363328205319,,,,11.524562409621366,,0.7250212068703009,,5.254526498024021,,4.430633994187008,,8.425723734561616,0.06913203334069816,4.568043410837803,,3.688897863836613,0.04186447982547743,17.875,19.16666667,13.95833333,19.125,14.08695652,16.95652174,16.9375,5e-324,24.375,15.58333333,8.947368421,,13.29166667,14.33333333,13.625,20.39130435,14.625,18.625,,,23.57142857,15.45833333,10.5,26.16666667,,,15.617568501,16.580615942
1374,2015-09-29,0.6666826670506759,,2.74889357033794,,0.7187074764743087,,2.4651631362791484,,,,3.1921705445279627,,5.6677804714047575,,1.7932716447887531,,2.9542614674582626,0.008079784744097145,2.0501381793132856,,12.622139781966254,,2.9000848274812037,,6.360742602871183,,3.69219499515584,,3.5107182227340066,0.03456601667034908,10.578626846150703,0.07101518744905243,3.8122348744816064,0.041361603190937166,23.875,19.33333333,19.20833333,27.0,22.45833333,22.16666667,23.38888889,0.0,30.58333333,19.30434783,21.16666667,,17.45,23.04545455,22.08333333,31.41666667,20.70833333,27.04166667,,,33.375,15.95833333,18.16666667,41.45833333,,,22.951262625454547,22.672480238
1375,2015-09-30,0.4000096002304056,,1.9991953238821367,,0.4791383176495391,,3.779916808961361,,,,7.698764254449793,,3.2632675441421344,,3.8427249531187564,,3.0089700131519344,0.008079784744097145,0.4100276358626571,,7.408647263328017,,1.4500424137406018,,4.977972471812231,,3.69219499515584,0.02181168621160614,4.9150055118276095,0.10369805001104723,8.655240146850575,,3.5319234866520763,0.0427445139359229,19.375,33.79166667,16.45833333,33.95833333,17.375,31.41666667,19.56944444,0.0,31.25,23.875,17.0,,17.04166667,27.25,18.95833333,48.08333333,19.25,27.54166667,,,28.875,25.91666667,12.25,49.0,,,19.763888888181818,30.083333334000002
1376,2015-10-01,1.2000288006912163,,2.74889357033794,,0.2395691588247696,,3.1225399726202547,,,,8.262088468190019,0.055464075803247234,2.9197656973903308,,3.8427249531187564,,2.352467464827876,,,,10.426985037276474,,3.625106034351505,,5.254526498024021,,4.430633994187008,,5.617149156374412,0.10369805001104723,8.655240146850575,,3.677685408323432,0.03960153497004621,,,19.20833333,49.25,,,24.91666667,0.0,26.08333333,37.782608700000004,19.375,44.25,22.66666667,33.25,23.04166667,47.375,21.83333333,40.25,,,27.41666667,32.8125,20.64583333,51.04166667,26.83333333,27.5,23.202083332999997,36.351177537
1377,2015-10-02,0.9333557338709464,,2.249094739367405,,0.4791383176495391,,2.6295073453644253,,,,4.131044234095009,,4.379648546085496,,2.561816635412504,,2.2430503734405334,,,,7.683041606414242,,2.9000848274812037,,4.14831039317686,,3.2491315957371394,,6.787388563952413,,7.453123459787995,,3.2179747322830026,0.041235884032302085,39.91666667,56.66666667,22.375,54.79166667,,,32.47222222,0.0,35.75,48.33333333,21.41666667,59.79166667,27.625,37.58333333,28.0,53.25,27.625,44.70833333,,,44.36111111,45.6875,25.52083333,65.625,37.91666667,59.75,31.179924242727267,47.83522727272727
1378,2015-10-03,0.2666730668202704,,4.498189478734808,,0.9582766352990782,,0.8217210454263828,,,,2.4410715928743243,,2.7480147740144294,,2.0494533083300035,,2.352467464827876,0.008079784744097145,0.4100276358626571,,14.268505840483591,,2.1750636206109037,,2.7655402621179057,0.08168731131754962,3.3968193955433734,,4.9150055118276095,0.06913203334069816,0.7212700122375479,,2.6685644121371244,0.03608139852826433,28.20833333,35.95652174,21.20833333,42.58333333,,,24.48611111,0.0,28.0625,29.5625,18.47826087,39.21052632,24.83333333,33.88888889,25.40909091,39.27272727,21.66666667,32.33333333,,,27.23263889,30.04347826,23.08333333,44.91666667,25.78947368,34.91666667,24.405279586363637,32.97133113454545
1379,2015-10-04,0.9333557338709464,,5.7476865561611445,,0.4791383176495391,,,,,,7.886538992363203,,4.207897622709594,,4.355088280201256,,2.2977589191342043,0.008079784744097145,0.8200552717253142,,3.841520803207121,,3.625106034351505,,4.70141844560044,,3.3968193955433734,,7.255484326983613,0.03456601667034908,,,3.072212810611646,0.029921159755146032,54.04166667,54.0,34.83333333,59.33333333,,,49.59722222,0.0,50.60416667,45.8125,36.375,56.33333333,44.29166667,47.13043478,43.54166667,64.54166667,43.04166667,46.70833333,,,53.16666667,48.16666667,39.6875,67.91666667,54.83333333,51.77272727,45.819444445454536,49.24687836818182
1380,2015-10-05,1.2000288006912163,,4.2482900632495415,,0.2395691588247696,,3.779916808961361,,,,8.44986320610343,,6.870036935036072,,5.635996597907507,,4.540809292574737,0.008079784744097145,0.4100276358626571,,10.701379380362694,,3.625106034351505,0.1070767868555349,5.254526498024021,,7.5320777901179135,0.02181168621160614,7.255484326983613,0.03456601667034908,5.7701600979003835,,5.045604980931537,0.03444704946600845,64.72727273,40.375,47.04545455,42.79166667,,,58.66666667,0.0,60.84090909,31.9375,41.5,49.75,53.72727273,37.91666667,51.72727273,54.04166667,,,,,64.6,39.58333333,50.77272727,48.58333333,61.72727273,45.54166667,55.53348485,39.052083334
1381,2015-10-06,0.5333461336405407,,4.9979883097053435,,0.7187074764743087,,3.6155725998760846,,,,5.257692661575468,,5.925406856468612,,6.91690491561376,,3.4466383787013064,0.008079784744097145,0.4100276358626571,,10.975773723448915,,2.9000848274812037,,7.190404681506555,,5.021385193411943,,6.319292800921213,0.03456601667034908,8.174393472025544,,4.50740711629884,0.0565736213857803,50.42857143,58.375,44.375,61.20833333,,,56.27777778,0.0,57.27083333,46.875,,68.0,,45.45833333,50.20833333,63.16666667,,,,,60.16666667,47.25,49.58333333,63.59090909,61.20833333,46.875,53.689856150000004,50.079924242000004
1382,2015-10-07,1.2000288006912163,,4.498189478734808,,,,3.451228390790808,,,,5.8210168753156974,,3.520893929205987,,5.379814934366259,,3.5560554700886486,0.008079784744097145,0.4100276358626571,,12.622139781966254,,2.9000848274812037,,5.531080524235811,,8.122828989342848,0.02181168621160614,6.0852449194056115,,0.24042333741251604,,4.0252715292320485,0.05053910177129707,30.0,33.16666667,20.20833333,35.625,,,28.71527778,5e-324,30.125,30.5,25.2173913,40.04761905,26.79166667,25.25,28.16666667,38.0,21.625,30.20833333,,,34.39583333,30.95833333,23.16666667,42.33333333,36.41666667,27.5,27.71168203818182,30.32629870090909
1383,2015-10-08,0.4000096002304056,,3.748491232279008,,0.2395691588247696,,3.6155725998760846,,,,9.200962157757068,0.027732037901623617,4.379648546085496,,7.429268242696263,,3.4466383787013064,,3.280221086901257,,14.542900183569815,,6.5251908618327095,,4.70141844560044,,4.282946194380775,0.10905843105803067,4.9150055118276095,,,,4.148608539877042,0.04513317794998917,33.5,28.83333333,24.45833333,37.04166667,32.20833333,31.72727273,31.85416667,0.0,37.08333333,27.41666667,28.79166667,38.04166667,,29.34782609,29.91666667,,30.45833333,25.95833333,,,42.04166667,25.58333333,28.27083333,40.21052632,33.33333333,27.2173913,31.992424241818185,28.30709240363636
1384,2015-10-09,1.2000288006912163,,3.2486924013084733,,0.4791383176495391,,2.6295073453644253,,,,7.698764254449793,,3.520893929205987,,1.280908317706252,,3.829598198557007,,0.4100276358626571,,14.268505840483591,,6.5251908618327095,,7.743512733930137,,7.3843899903116785,,8.191675853046016,,9.857356833913157,,4.630744126943833,0.04651608869497492,29.83333333,,5.0,52.22222222,26.16666667,30.70833333,27.86111111,0.0,23.38888889,29.08695652,27.79166667,39.125,28.20833333,27.45833333,31.25,36.0,26.5,33.79166667,,,36.45833333,20.04166667,24.375,46.75,,,26.075757575454546,31.518417874
1385,2015-10-10,0.6666826670506759,,2.4989941548526717,,0.2395691588247696,,,,,,9.388736895670478,,4.7231503928373,,4.867451607283757,,2.571301647602562,,,,7.683041606414242,,2.9000848274812037,,6.360742602871183,0.04084365565877481,4.282946194380775,0.06543505863481841,9.59596314213962,,0.48084667482503207,,3.520711031138895,0.05192201251628282,33.375,26.21052632,21.45833333,26.58333333,28.16666667,28.625,32.43055556,0.0,35.70833333,22.625,23.75,,26.04166667,21.86956522,25.16666667,27.30434783,25.41666667,22.70833333,,,38.25,24.125,20.5,35.52380952,,,28.205808081818187,23.557491554999995
1386,2015-10-11,0.6666826670506759,,3.4985918167937404,,0.2395691588247696,,,,,,10.515385323150936,,6.183033241532465,,3.8427249531187564,,1.9695076449721751,,0.4100276358626571,,10.152590694190248,,4.350127241221807,,3.318648314541487,0.08168731131754962,6.941326590892979,,6.319292800921213,,4.3276200734252885,,3.8907220630738735,0.03947581581141115,17.33333333,,7.052631579,47.8,13.31818182,49.95454545,18.16666667,0.0,20.29166667,32.17391304,14.95833333,43.375,17.25,48.41666667,17.58333333,56.08333333,14.5,30.08333333,,,24.72916667,26.41666667,13.41666667,74.43478261,,,16.236361824454544,40.87382411
1387,2015-10-12,0.6666826670506759,0.059076537759399673,4.2482900632495415,,0.2395691588247696,,4.765982063473022,,,,6.7598905648827445,,5.8395313947806615,,8.710176560402513,,4.7596434753494234,0.008079784744097145,0.8200552717253142,,11.250168066535142,,4.350127241221807,,8.573174812565508,,5.021385193411943,0.02181168621160614,10.06405890517082,,3.3659267237752233,,5.023180069905175,0.04362454804636837,25.14285714,78.79166667,28.3,,29.70833333,81.70833333,32.34722222,0.0,35.33333333,58.79166667,,78.25,27.41666667,67.83333333,29.75,88.33333333,25.875,68.16666667,,,40.22916667,72.45833333,23.875,100.83333329999999,,76.66666667,29.797757936,70.16666666363636
1388,2015-10-13,0.2666730668202704,,3.748491232279008,,,,4.601637854387744,,,,7.323214778622973,,6.011282318156563,,5.635996597907507,,4.1031409270253665,,0.8200552717253142,,14.817294526656035,,3.625106034351505,,6.084188576659392,,6.055199792055577,,6.553340682436812,,10.578626846150703,,5.011967614391994,0.056322183068510175,27.04761905,29.77272727,19.95238095,39.79166667,25.57142857,34.375,27.603174600000003,0.0,28.57142857,27.95833333,24.33333333,,23.42857143,30.91666667,26.095238100000003,41.13043478,22.28571429,30.91666667,,,33.66666667,25.47368421,22.47619048,52.375,,,25.548340549090906,31.271017960000005
1389,2015-10-14,0.9333557338709464,,4.2482900632495415,,0.4791383176495391,,4.601637854387744,,,,10.139835847324118,,4.551399469461399,,6.148359924990009,,5.2520203865924655,0.008079784744097145,,,9.055013321845355,,5.800169654962407,,9.679390917412672,,5.907511992249344,0.02181168621160614,5.3831012748588085,,7.453123459787995,,5.056817436444717,0.05619646390987512,20.54166667,28.625,13.875,39.95833333,19.25,34.20833333,21.45833333,5e-324,28.95833333,24.45833333,17.45833333,,21.0,24.20833333,21.625,34.20833333,16.91666667,24.70833333,,,29.1875,25.33333333,18.625,39.0,,,20.808712120909092,27.470833331
1390,2015-10-15,0.5333461336405407,,2.74889357033794,,0.4791383176495391,,3.286884181705532,,,,4.882143185748649,,6.183033241532465,,3.0741799624950046,,4.704934929655751,0.008079784744097145,0.4100276358626571,,2.743943430862229,,4.350127241221807,,6.360742602871183,,4.873697393605709,0.04362337242321227,6.319292800921213,,5.529736760487868,,3.991634162692505,0.056699340544415375,26.16666667,24.5,21.625,29.25,24.5,28.04166667,26.16666667,0.0,31.70833333,22.22727273,23.33333333,,24.54166667,19.375,26.20833333,29.45833333,21.0,21.9,,,28.1875,25.54166667,24.45833333,28.68181818,,,25.263257575454542,22.897575758
1391,2015-10-16,0.8000192004608111,,3.748491232279008,,0.4791383176495391,,2.6295073453644253,,,,6.196566351142516,0.027732037901623617,5.410154086340908,,6.6607232520725095,,1.8053820078911604,0.040398923720485716,,,7.683041606414242,,2.1750636206109037,,6.084188576659392,,5.612136392636877,0.02181168621160614,7.957627971530415,,9.616933496500641,,4.0252715292320485,0.04475602047408398,24.25,24.5,18.70833333,30.16666667,21.95833333,29.25,23.63888889,0.0,20.63157895,28.23809524,21.29166667,,22.04166667,20.625,21.95833333,28.25,19.95833333,26.625,,,28.04166667,23.75,20.70833333,31.2173913,,,22.107921318181816,24.262215321
1392,2015-10-17,1.0666922672810817,,2.74889357033794,,0.7187074764743087,,1.3147536726822129,,,,10.327610585237526,0.027732037901623617,6.354784164908367,,4.098906616660007,,3.9390152899443502,0.02423935423229144,,,2.743943430862229,,4.350127241221807,,6.360742602871183,,2.658380396512205,,7.021436445468013,,0.9616933496500641,,3.7898099634552436,0.04513317794998917,15.91666667,13.33333333,12.625,17.75,14.58333333,18.30434783,14.95833333,0.0,21.75,12.73913043,12.91666667,,14.5,14.16666667,16.29166667,18.20833333,12.83333333,15.70833333,,,20.5,12.19047619,14.58333333,24.625,,,15.587121211818184,14.702562111
1393,2015-10-18,1.466701867511487,,3.2486924013084733,,0.7187074764743087,,,,,,7.698764254449793,,5.581905009716809,,4.098906616660007,,1.2582965509544453,,1.2300829075879711,,2.743943430862229,,4.350127241221807,,3.318648314541487,,3.3968193955433734,,7.021436445468013,,0.48084667482503207,,2.8928135224007483,0.042493075618652766,27.0,8.083333332999999,20.04166667,12.54166667,24.875,12.05,24.11111111,0.0,34.83333333,7.541666667,20.625,,21.04166667,10.5,18.45833333,14.91666667,23.04166667,10.95833333,,,34.04166667,9.9,19.70833333,18.75,,,24.34343434363636,10.524166667
1394,2015-10-19,0.6666826670506759,,5.997585971646413,,0.9582766352990782,,4.272949436217191,,,,5.257692661575468,,6.526535088284269,,13.321446504145019,0.03783490623910808,1.9695076449721751,0.008079784744097145,,,8.231830292586688,,2.9000848274812037,,9.12628286498909,,6.793638791086748,0.02181168621160614,5.14905339334321,,,,4.328007828087942,0.032435542927847366,28.19047619,22.75,23.0,25.79166667,28.04761905,24.625,27.96825397,0.0,33.80952381,21.82608696,25.66666667,,25.0,17.5,20.5,27.41666667,24.95238095,21.75,,,31.78571429,21.41666667,18.85714286,31.33333333,,,26.16161616272727,21.44094203
1395,2015-10-20,0.4000096002304056,,5.7476865561611445,,,,3.451228390790808,,,,9.200962157757068,,7.041787858411974,,4.6112699437425055,,3.173095650232949,0.008079784744097145,1.6401105434506285,,13.1709284681387,,4.350127241221807,,6.084188576659392,,5.464448592830643,0.02181168621160614,5.3831012748588085,,,,4.417707472193389,0.048527595233135996,25.66666667,31.83333333,20.20833333,42.875,25.79166667,36.41666667,25.63888889,0.0,32.08333333,29.125,21.5,,22.65217391,30.63636364,21.5,48.83333333,23.80952381,31.0952381,,,29.6875,29.91666667,17.91666667,48.33333333,,,24.223159389090913,32.90649350700001
1396,2015-10-21,0.4000096002304056,,3.9983906477642734,,0.7187074764743087,,4.437293645302467,,,,6.196566351142516,0.11092815160649447,6.698286011660169,,9.222539887485011,,3.0089700131519344,,0.4100276358626571,,8.231830292586688,,3.625106034351505,,6.637296629082974,,4.578321793993243,,7.255484326983613,,0.24042333741251604,,4.193458361929767,0.04953334850221654,19.25,30.30434783,16.20833333,40.125,18.79166667,40.95833333,17.29166667,0.0,24.125,30.54166667,13.8,,18.08333333,35.5,15.875,57.375,17.875,26.29166667,,,26.54166667,28.20833333,13.25,60.29166667,,,18.28106060636364,34.959601449999994
1397,2015-10-22,0.2666730668202704,,4.2482900632495415,,0.9582766352990782,,2.9581957635349783,,,,8.07431373027661,,5.238403162965005,,8.710176560402513,,3.610764015782321,0.01615956948819429,1.6401105434506285,,10.701379380362694,,2.1750636206109037,,5.807634550447602,0.08168731131754962,6.645950991280513,,10.29810678668642,,,,4.496194660785659,0.04701896532951519,12.75,32.83333333,11.70833333,41.45833333,13.83333333,30.0,15.19444444,5e-324,13.625,31.08333333,13.70833333,,14.375,26.45833333,15.58333333,34.08333333,11.04166667,34.29166667,,,17.86956522,18.1,12.16666667,36.33333333,,,13.805061483636363,28.464166665
1398,2015-10-23,0.5333461336405407,,3.4985918167937404,,,,3.1225399726202547,,,,7.135440040709564,,6.440659626596317,,8.453994896861262,,2.8448443760709194,0.008079784744097145,,,6.859858577155572,,5.800169654962407,,7.743512733930137,0.04084365565877481,3.1014437959309067,0.02181168621160614,9.83001102365522,,,,4.0252715292320485,0.05041338261266201,13.33333333,12.08333333,11.40909091,16.1,12.29166667,10.95833333,13.29166667,0.0,11.66666667,17.5,14.70588235,,11.91666667,11.375,14.16666667,13.125,9.666666667000001,12.95833333,,,17.47916667,9.666666667000001,8.2,19.10526316,,,12.557043025181816,12.2871929817
1399,2015-10-24,0.5333461336405407,,3.748491232279008,,0.4791383176495391,,0.6573768363411063,,,,4.694368447835239,,3.520893929205987,,3.3303616260362547,,2.790135830377248,0.008079784744097145,,,3.5671264601208983,,1.4500424137406018,,3.5952023407532776,0.04084365565877481,3.1014437959309067,0.02181168621160614,7.957627971530415,,0.24042333741251604,,2.6797768676503053,0.04513317794998917,18.66666667,12.95833333,14.82608696,14.0,17.60869565,16.52173913,19.375,0.0,19.79166667,14.95833333,16.0,,16.70833333,15.375,18.04166667,19.65217391,16.0,11.75,,,22.04166667,14.04761905,12.875,21.30434783,,,17.448616601818184,14.056754658
1400,2015-10-25,0.9333557338709464,,9.746077203925418,,0.2395691588247696,,,,,,6.3843410890559245,,4.465524007773447,,7.941631569778763,,1.8053820078911604,,1.2300829075879711,,9.603802008017805,,2.9000848274812037,,2.4889862359061152,,6.645950991280513,,8.191675853046016,,,,3.677685408323432,0.030046878913781095,20.38095238,25.04166667,17.14285714,25.95833333,19.14285714,31.16666667,21.88888889,0.0,21.23809524,27.625,18.23809524,,18.7,28.5,21.85714286,35.08333333,17.05,25.20833333,,,28.76190476,31.08333333,13.66666667,37.29166667,,,19.824314574545454,26.695833332999996
1401,2015-10-26,1.3333653341013518,,5.497787140675879,,0.4791383176495391,,4.272949436217191,,,,5.257692661575468,,7.8146670136035326,,3.0741799624950046,,3.0089700131519344,,2.0501381793132856,,13.445322811224926,,5.075148448092107,,6.084188576659392,,8.565892388761549,0.06543505863481841,9.59596314213962,,7.453123459787995,0.035507593724526214,5.1465170805501685,0.041235884032302085,8.958333332999999,79.20833333,5.333333333,76.875,8.208333332999999,81.0,11.04166667,0.0,8.625,50.41666667,7.083333333,,8.75,60.91666667,11.33333333,65.66666667,5.25,73.54166667,,,14.95833333,67.5,6.285714286,93.05,,,8.711580086181819,64.81750000099998
1402,2015-10-27,0.4000096002304056,,6.4973848026169465,,0.2395691588247696,,1.9721305090233188,,,,5.633242137402287,,6.0971577798445145,,7.1730865791550125,,2.9542614674582626,0.008079784744097145,,,9.603802008017805,,4.350127241221807,,7.190404681506555,,7.3843899903116785,0.02181168621160614,4.680957630312009,,8.895663484263087,,4.473769749759296,0.05770509381349592,19.79166667,36.625,20.70833333,56.29166667,22.04166667,34.125,23.08333333,0.0,22.08333333,25.13043478,22.5,,23.91666667,28.16666667,27.52173913,44.90909091,20.33333333,47.375,,,24.22916667,38.20833333,19.875,58.79166667,,,22.371294466363636,36.962285902999994
1403,2015-10-28,0.4000096002304056,0.03938435850626645,2.9987929858232065,,0.4791383176495391,,4.765982063473022,,,,3.755494758268192,,6.526535088284269,,6.91690491561376,0.07566981247821616,2.9542614674582626,,0.4100276358626571,,10.701379380362694,,3.625106034351505,,7.466958707718346,,4.282946194380775,,6.787388563952413,,9.857356833913157,,4.417707472193389,0.05016194429539187,8.875,37.38095238,5.333333333,,6.375,47.08333333,7.9861111110000005,0.0,15.45833333,25.54166667,6.583333333,,7.416666667,37.66666667,9.041666667000001,53.47826087,5.583333333,42.16666667,,,16.9375,30.125,5.25,63.66666667,,,8.621843434,37.45657925111111
1404,2015-10-29,0.4000096002304056,,4.2482900632495415,,,,2.300818927193872,,,,9.764286371497297,,3.177392082454184,,5.892178261448757,,3.22780419592662,0.008079784744097145,1.6401105434506285,,10.426985037276474,,2.1750636206109037,,2.7655402621179057,,4.282946194380775,0.10905843105803067,5.617149156374412,,15.387093594401026,,4.22709572846931,0.04953334850221654,20.66666667,29.20833333,15.83333333,,21.39130435,35.13043478,22.79166667,0.0,20.45833333,21.54166667,18.70833333,46.34782609,20.41666667,29.125,21.95833333,34.83333333,19.58333333,37.125,,,22.72916667,22.25,14.95833333,52.04545455,,,19.954133728181816,30.760704875
1405,2015-10-30,0.4000096002304056,,5.997585971646413,,1.1978457941238478,,2.793851554449702,,,,9.764286371497297,,5.496029548028859,,5.892178261448757,,2.078924736359518,0.008079784744097145,,,9.603802008017805,,5.075148448092107,0.2141535737110698,4.4248644193886495,,7.089014390699212,0.04362337242321227,7.021436445468013,,8.174393472025544,,4.440132383219753,0.04739612280542039,13.58333333,10.66666667,8.0,26.04761905,10.95833333,15.95454545,14.33333333,5e-324,13.79166667,14.16666667,11.54166667,15.90909091,8.45,16.09090909,15.34782609,16.42857143,7.125,17.91666667,,,22.3125,9.166666667000001,9.416666667000001,19.91666667,,,12.260029644272727,14.751279025181821
1406,2015-10-31,1.2000288006912163,,2.74889357033794,,0.2395691588247696,,,,,,8.44986320610343,,4.379648546085496,,3.8427249531187564,,2.2430503734405334,,,,5.762281204810683,,3.625106034351505,,4.4248644193886495,,2.215316997093504,,5.617149156374412,,0.7212700122375479,,2.881601066887567,0.04978478681948667,7.571428571,13.125,6.571428571,21.875,8.476190476000001,12.7,10.38095238,0.0,11.42857143,12.7826087,8.714285713999999,13.26086957,8.428571429,14.125,11.52380952,16.33333333,6.19047619,15.25,,,14.0952381,10.08333333,6.904761905,18.36363636,,,9.116883116909092,13.445343753636363
1407,2015-11-01,0.6666826670506759,,7.247083049072748,,0.2395691588247696,,2.6295073453644253,,,,7.886538992363203,0.055464075803247234,4.379648546085496,,6.6607232520725095,,3.118387104539277,0.02423935423229144,0.4100276358626571,,5.4878868617244585,,0.7250212068703009,,5.254526498024021,,4.726009593799477,0.02181168621160614,10.29810678668642,,,,3.8570846965343306,0.032309823769212306,40.54545455,,25.40909091,43.625,,,32.60606061,0.0,38.47727273,30.95,25.40909091,45.66666667,27.63636364,43.0,29.13636364,53.375,29.04545455,35.04166667,,,36.96875,34.4375,27.79545455,57.70833333,33.45454545,46.34782609,31.498536503636355,39.015199276000004
1408,2015-11-02,1.2000288006912163,,6.247485387131679,,0.4791383176495391,,2.6295073453644253,,,,4.506593709921829,,7.385289705163776,,5.635996597907507,,3.5560554700886486,0.008079784744097145,0.4100276358626571,,16.463660585173375,,3.625106034351505,,4.977972471812231,,8.565892388761549,0.02181168621160614,6.0852449194056115,,6.972276784962963,,5.000755158878811,0.043247390570463166,35.91666667,48.5,26.5,58.75,,,29.22916667,0.0,36.16666667,46.20833333,20.125,72.5,27.16666667,52.58333333,27.83333333,71.04166667,25.20833333,46.875,,,40.12847222,42.45833333,27.25,72.33333333,36.54166667,66.95833333,30.187815657272722,52.56439393818182
1409,2015-11-03,1.0666922672810817,0.03938435850626645,6.4973848026169465,,0.7187074764743087,,4.601637854387744,,,,5.8210168753156974,,6.440659626596317,,7.685449906237513,,4.814352021043095,,0.4100276358626571,,9.878196351104023,,5.800169654962407,,4.4248644193886495,,8.418204588955316,0.02181168621160614,7.957627971530415,,11.780743533213284,,5.4941032014587865,0.056070744751240034,20.5,18.54545455,15.875,25.57894737,,,19.34722222,0.0,20.72916667,18.89583333,14.45833333,28.55,20.66666667,22.71428571,22.54166667,23.66666667,15.75,21.70833333,,,22.11111111,15.89583333,19.10416667,23.29166667,26.52173913,8.681818182,19.782279315454545,18.86625810381818
1410,2015-11-04,1.0666922672810817,,8.74647954198435,,1.1978457941238478,,5.9163915270699565,,,,9.388736895670478,0.027732037901623617,6.268908703220418,,5.123633270825008,,4.157849472719036,,,,13.719717154311144,,5.800169654962407,,5.807634550447602,,6.941326590892979,0.02181168621160614,9.83001102365522,,6.731853447550447,,5.5950153010774155,0.061602387731183,47.17647059,48.22222222,29.33333333,59.375,,,36.19444444,0.0,34.5625,49.33333333,24.70833333,68.33333333,35.41666667,47.29166667,34.0,65.83333333,30.0,48.20833333,,,42.57291667,47.375,32.22916667,68.29166667,48.83333333,56.47826087,35.91156045727273,50.79474088636364
1411,2015-11-05,1.3333653341013518,,2.74889357033794,,,,4.272949436217191,,,,6.947665302796153,0.055464075803247234,6.955912396724023,,3.3303616260362547,,3.0089700131519344,0.040398923720485716,1.2300829075879711,,17.835632300604487,,5.075148448092107,,4.70141844560044,,6.645950991280513,0.02181168621160614,6.319292800921213,,12.742436882863348,,5.045604980931537,0.0627338601588986,43.125,37.86956522,31.29166667,38.54166667,,,39.84722222,0.0,45.1875,32.1875,29.33333333,36.875,33.2173913,32.73913043,37.125,43.16666667,34.125,28.58333333,,,48.8125,30.79166667,32.54166667,42.0,50.875,34.83333333,38.68011638090909,32.50798748363636
1412,2015-11-06,0.5333461336405407,,4.2482900632495415,,1.1978457941238478,,3.779916808961361,,,,11.454259012717984,0.027732037901623617,7.1276633200999235,,2.561816635412504,,2.8448443760709194,,,,15.366083212828483,,5.075148448092107,,2.2124322096943247,,11.37196058507999,,7.489532208499213,,10.578626846150703,,5.370766190813792,0.0565736213857803,55.70833333,52.625,36.91666667,63.04166667,,,47.11111111,0.0,50.83333333,46.41666667,,64.04166667,,44.66666667,42.70833333,59.29166667,42.625,51.66666667,,,52.25,43.45833333,40.4375,65.33333333,48.75,44.58333333,46.37114197444445,48.64772727363636
1413,2015-11-07,1.0666922672810817,,5.997585971646413,,0.4791383176495391,,3.779916808961361,,,,3.755494758268192,,3.606769390893938,,4.355088280201256,,2.571301647602562,,2.8701934510386,,6.859858577155572,,1.4500424137406018,,4.70141844560044,,4.282946194380775,0.02181168621160614,6.0852449194056115,,3.125503386362708,,3.3861615649807204,0.060219476986197264,25.79166667,42.45833333,17.875,43.45833333,,,24.84722222,0.0,25.29166667,42.52083333,21.16666667,44.875,22.41666667,40.41666667,23.33333333,49.33333333,20.66666667,36.54166667,,,29.45833333,37.83333333,21.08333333,51.95652174,29.5,46.08333333,23.766414141818185,39.58885046
1414,2015-11-08,0.6666826670506759,,8.496580126499081,,0.2395691588247696,,4.601637854387744,,,,10.139835847324118,0.08319611370487084,2.4045129272626253,,6.91690491561376,,3.0089700131519344,0.01615956948819429,1.6401105434506285,,10.152590694190248,,0.7250212068703009,,3.8717563669650685,,5.759824192443111,,6.553340682436812,,0.24042333741251604,,3.991634162692505,0.037967185907790336,28.33333333,29.66666667,20.33333333,38.625,26.25,,27.60416667,5e-324,33.47916667,28.8125,22.875,33.91666667,,26.66666667,23.79166667,,24.16666667,26.52631579,,,37.1875,24.29166667,24.14583333,34.69565217,31.0,35.79166667,27.196969697272724,27.899280131
1415,2015-11-09,0.8000192004608111,,7.247083049072748,,0.4791383176495391,,3.6155725998760846,,,,9.576511633583886,0.027732037901623617,6.183033241532465,,5.635996597907507,,4.540809292574737,0.008079784744097145,0.4100276358626571,,22.500336133070284,,3.625106034351505,,6.360742602871183,,5.464448592830643,,11.00025043123322,,7.2127001223754785,,5.740777222748772,0.04475602047408398,24.66666667,,,,23.33333333,21.0,25.13888889,0.0,31.04166667,16.125,,,26.375,19.25,21.35,23.0,15.75,19.0,,,29.20833333,16.83333333,19.25,40.25,,,24.01265432111111,19.432291666250002
1416,2015-11-10,0.9333557338709464,,3.4985918167937404,,,,2.6295073453644253,,,,10.890934798977757,,7.041787858411974,,4.6112699437425055,,4.9237691124304375,0.008079784744097145,1.2300829075879711,,15.091688869742262,,2.1750636206109037,,8.573174812565508,,7.236702190505446,0.02181168621160614,6.553340682436812,,7.933970134613028,,5.460465834919241,0.06436820922115448,39.29166667,38.54545455,28.95833333,34.29166667,35.66666667,36.58333333,36.75,0.0,39.66666667,27.16666667,31.04166667,,32.625,29.875,30.5,39.52173913,33.16666667,31.66666667,,,41.6875,33.91666667,26.0,43.25,,,34.12310606181818,31.481719369
1417,2015-11-11,0.4000096002304056,,5.997585971646413,,0.2395691588247696,,1.6434420908527656,,,,10.327610585237526,0.027732037901623617,5.8395313947806615,,0.2561816635412504,,3.9937238356380216,,0.4100276358626571,,24.695490877760072,,5.075148448092107,,4.977972471812231,,6.350575391668045,,10.53215466820202,,6.491430110137931,,5.2250042691424365,0.0612252302552778,30.08333333,,21.875,,28.79166667,46.95833333,29.90277778,0.0,31.58333333,38.25,25.54166667,49.95833333,27.79166667,39.25,25.125,50.375,25.54166667,35.58333333,,,37.875,34.95652174,21.70833333,66.19047619,,,27.801767677272725,40.16911088
1418,2015-11-12,0.4000096002304056,,7.247083049072748,,0.9582766352990782,,1.150409463596936,,,,12.580907440198441,0.08319611370487084,4.7231503928373,,8.966358223943761,0.07566981247821616,3.0089700131519344,,0.4100276358626571,,17.286843614432044,,4.350127241221807,,4.4248644193886495,,5.907511992249344,0.04362337242321227,7.723580090014813,,6.251006772725416,,4.933480425799727,0.05858512792394139,27.58333333,63.41666667,,,23.66666667,84.45833333,28.41666667,0.0,31.79166667,48.95833333,26.45833333,81.25,24.45833333,75.45833333,26.41666667,95.20833333,21.83333333,69.25,,,42.0,48.83333333,19.66666667,102.41666670000001,,65.375,27.229166666999998,66.78409091090909
1419,2015-11-13,0.5333461336405407,,3.9983906477642734,,0.4791383176495391,,4.272949436217191,,,,9.388736895670478,,6.0971577798445145,,0.2561816635412504,,5.142603295205124,,0.4100276358626571,,15.091688869742262,,7.975233275573308,0.2141535737110698,4.4248644193886495,,5.612136392636877,0.06543505863481841,6.553340682436812,,6.491430110137931,,4.933480425799727,0.055316429799429634,16.58333333,,11.91304348,,13.20833333,24.29166667,14.63888889,0.0,24.0,20.0,13.79166667,21.27272727,14.58333333,16.875,14.83333333,29.40909091,13.20833333,20.0,,,20.14583333,19.70833333,11.75,31.69565217,,,15.332372638181818,20.361385594444442
1420,2015-11-14,0.2666730668202704,,2.9987929858232065,,0.7187074764743087,,4.272949436217191,,,,6.947665302796153,0.027732037901623617,4.551399469461399,,4.867451607283757,,1.3130050966481168,,,,10.426985037276474,,0.7250212068703009,,3.5952023407532776,,4.282946194380775,0.04362337242321227,7.957627971530415,,1.4425400244750959,,3.3300992874148148,0.055316429799429634,14.0,,9.583333332999999,,10.75,19.83333333,11.69444444,0.0,20.08333333,15.54166667,10.54166667,18.16666667,11.20833333,14.83333333,13.75,19.66666667,10.5,15.70833333,,,16.77083333,16.08333333,8.666666667000001,26.70833333,,,12.504419190909092,16.282407406666668
1421,2015-11-15,1.2000288006912163,,5.7476865561611445,,0.2395691588247696,,4.601637854387744,,,,8.82541268193025,,2.1468865421987724,,11.271993195815014,,2.680718738989905,,0.4100276358626571,,8.506224635672911,,2.1750636206109037,,1.1062161048471624,,6.941326590892979,0.06543505863481841,8.425723734561616,,3.8467733986002566,,4.0813338067979545,0.037338590114615,22.33333333,,13.79166667,,18.0,19.08333333,18.84722222,5e-324,28.54166667,16.08333333,15.625,22.0,15.83333333,17.47826087,15.08333333,26.08333333,17.0,16.20833333,,,27.72916667,15.375,11.5,32.91666667,,,18.571338383636363,18.35869565111111
1422,2015-11-16,0.8000192004608111,,7.247083049072748,,,,4.272949436217191,,,,6.947665302796153,,2.2327620038867235,,15.370899812475026,,2.8995529217645912,,0.8200552717253142,,19.20760401603561,,2.1750636206109037,,0.5531080524235812,,5.31676079302441,,7.957627971530415,,2.644656711537676,,4.4289199277065725,0.04576177374316452,30.95833333,42.79166667,22.95833333,,26.875,44.20833333,31.0,0.0,35.29166667,27.79166667,25.54166667,41.29166667,31.29166667,34.04166667,32.82608696,52.47619048,24.70833333,39.25,,,38.375,33.20833333,25.08333333,53.04166667,,,29.537220026363638,36.810119048999994
1423,2015-11-17,1.6000384009216222,,3.748491232279008,,0.4791383176495391,,3.6155725998760846,,,,10.515385323150936,,7.55704062853968,,3.3303616260362547,,3.22780419592662,0.008079784744097145,0.8200552717253142,,15.640477555914707,,2.9000848274812037,,7.466958707718346,,6.941326590892979,,10.06405890517082,,2.40423337412516,,5.124092169523807,0.0496590676608516,23.58333333,41.95833333,17.29166667,,21.95833333,48.08333333,23.47222222,0.0,31.375,25.83333333,21.375,44.125,24.79166667,35.54166667,28.41666667,51.0,16.04166667,40.54166667,,,33.29166667,34.125,17.66666667,60.29166667,,,23.569444445454543,38.15
1424,2015-11-18,0.6666826670506759,,2.4989941548526717,,0.4791383176495391,,3.779916808961361,,,,9.388736895670478,0.027732037901623617,5.6677804714047575,,11.528174859356264,0.07566981247821616,3.8843067442506793,0.008079784744097145,0.8200552717253142,,10.426985037276474,,6.5251908618327095,,6.637296629082974,,6.350575391668045,0.02181168621160614,6.553340682436812,,1.9233866993001283,,4.754081137588827,0.057453655496225775,35.33333333,48.79166667,27.14285714,,29.76190476,51.16666667,32.11904762,0.0,41.80952381,41.45833333,25.38095238,46.0,26.19047619,42.58333333,27.85714286,61.375,28.47619048,47.875,,,39.595238099999996,32.875,22.33333333,67.61904762,,,30.545454545454547,43.974404762
1425,2015-11-19,0.6666826670506759,,4.498189478734808,,1.437414952948617,,1.8077862999380423,,,,6.196566351142516,0.027732037901623617,5.496029548028859,,2.817998298953753,0.07566981247821616,2.790135830377248,0.008079784744097145,1.2300829075879711,,9.878196351104023,,5.800169654962407,,4.4248644193886495,,5.759824192443111,0.04362337242321227,8.659771616077219,,3.125503386362708,,3.935571885126599,0.05330492326126855,15.66666667,54.6,,,11.70833333,75.04166667,13.36805556,0.0,23.91666667,50.66666667,11.33333333,68.45833333,13.5,58.16666667,15.20833333,88.25,9.75,62.95833333,,,23.0625,60.29166667,10.95833333,94.875,,,14.847222222000003,61.330833334
1426,2015-11-20,1.0666922672810817,,2.74889357033794,,0.9582766352990782,,2.6295073453644253,,,,9.200962157757068,,4.465524007773447,,1.280908317706252,,1.9147990992785042,,0.4100276358626571,,15.091688869742262,,1.4500424137406018,,6.913850655294765,,3.69219499515584,,7.255484326983613,,1.20211668706258,,3.632835586270706,0.04412742468090864,29.58333333,52.0,21.75,,26.20833333,50.58333333,27.56944444,0.0,31.375,41.83333333,13.94444444,48.66666667,24.16666667,36.41666667,23.38095238,48.68421053,23.66666667,45.875,,,31.16666667,41.41666667,21.33333333,64.125,,,24.922258296363637,42.96008772
1427,2015-11-21,0.5333461336405407,,2.4989941548526717,,0.4791383176495391,,1.9721305090233188,,,,7.698764254449793,,4.122022161021643,,5.123633270825008,,3.173095650232949,0.008079784744097145,0.4100276358626571,,10.975773723448915,,1.4500424137406018,,1.3827701310589529,,4.578321793993243,,6.0852449194056115,,0.9616933496500641,,3.4085864760070828,0.04073300739776182,25.79166667,43.875,19.25,,22.66666667,51.375,24.63888889,0.0,31.45833333,40.16666667,22.95833333,50.875,21.29166667,40.875,23.58333333,56.29166667,20.41666667,43.08333333,,,30.16666667,42.0,17.41666667,61.58333333,,,23.603535354545457,43.0125
1428,2015-11-22,0.5333461336405407,,6.747284218102213,,,,,,,,9.01318741984366,0.027732037901623617,2.576263850638527,,4.355088280201256,,2.352467464827876,,1.2300829075879711,,8.506224635672911,,5.075148448092107,,0.8296620786353718,,4.578321793993243,,11.468346194264422,,1.20211668706258,,3.3413117429279957,0.03821862422506047,20.45833333,19.45833333,15.54166667,,18.66666667,23.5,19.22222222,0.0,23.08333333,18.04166667,17.70833333,22.625,18.16666667,19.08333333,18.25,23.33333333,16.16666667,19.125,,,21.66666667,19.16666667,14.0,33.875,,,18.44823232363636,19.820833333
1429,2015-11-23,1.0666922672810817,0.0787687170125329,4.9979883097053435,,1.1978457941238478,,0.16434420908527658,,,,6.008791613229108,,4.894901316213201,,3.3303616260362547,,1.641256370810146,,0.4100276358626571,,11.798956752707586,,2.1750636206109037,,4.14831039317686,,4.873697393605709,0.02181168621160614,8.425723734561616,,4.568043410837803,,3.5431359421652573,0.03746430927325007,13.5,94.75,12.375,,13.0,103.0,14.625,5e-324,16.25,76.83333333,13.54166667,90.45833333,13.5,85.79166667,13.95652174,95.09523809999999,9.157894737000001,70.0,,,19.5,88.45833333,8.578947368,105.3,,,13.453184592272727,80.96869047599999
1430,2015-11-24,1.3333653341013518,,3.4985918167937404,,0.4791383176495391,,,,,,7.135440040709564,,5.066652239589104,,3.8427249531187564,,1.6959649165038175,,1.2300829075879711,,7.408647263328017,,4.350127241221807,,4.4248644193886495,,4.282946194380775,0.06543505863481841,7.255484326983613,,2.1638100367126443,,3.2516120988225463,0.039727254128681284,30.47619048,51.29166667,23.52941176,,28.33333333,56.66666667,31.33333333,0.0,33.47619048,49.83333333,,49.95833333,25.71428571,43.69565217,27.23809524,62.125,27.9047619,52.20833333,,,36.45238095,48.58333333,20.57142857,75.08333333,,,28.502941175,48.94456521600001
1431,2015-11-25,1.0666922672810817,,2.74889357033794,,0.7187074764743087,,2.1364747181085955,,,,11.266484274804574,0.027732037901623617,3.77852031426984,,6.148359924990009,,2.352467464827876,,2.4601658151759427,,9.32940766493158,,5.075148448092107,,2.4889862359061152,,7.3843899903116785,,6.553340682436812,,3.8467733986002566,,3.991634162692505,0.036458556004169536,33.5,38.33333333,30.83333333,,26.45833333,44.75,29.25,0.0,36.25,42.16666667,,48.5,10.41176471,40.5,26.125,55.08333333,27.0,42.41666667,,,34.95833333,34.04166667,22.83333333,59.86956522,,,27.762009803,40.566123189
1432,2015-11-26,2.0000480011520283,,3.4985918167937404,,,,4.108605227131913,,,,11.266484274804574,0.027732037901623617,3.864395775957792,,3.5865432895775053,,4.431392201187394,,,,10.426985037276474,,5.800169654962407,,8.849728838777299,0.08168731131754962,5.31676079302441,,5.617149156374412,,4.3276200734252885,,4.59710676040429,0.04475602047408398,40.875,58.33333333,24.83333333,,31.41666667,57.08333333,35.18055556,0.0,28.45,57.90909091,,47.76190476,26.33333333,47.41666667,28.375,70.45833333,27.08333333,61.125,,,44.02083333,46.25,22.33333333,68.29166667,,,30.890138888000003,51.4629329
1433,2015-11-27,1.466701867511487,,1.4993964929116033,,0.7187074764743087,,3.779916808961361,,,,10.139835847324118,,2.7480147740144294,,3.8427249531187564,,3.0089700131519344,,,,13.1709284681387,,1.4500424137406018,,8.849728838777299,,4.282946194380775,0.02181168621160614,6.553340682436812,,4.087196736012772,,3.9804217071793233,0.05154485504037762,12.5,61.41666667,10.45833333,,11.5,62.91666667,12.69444444,0.0,16.79166667,59.125,,57.375,,,12.79166667,69.76190476,10.58333333,55.875,,,18.6875,,9.75,73.04347826,,,12.861882715555556,54.93921454499999
1434,2015-11-28,0.6666826670506759,,5.7476865561611445,,0.2395691588247696,,,,,,5.257692661575468,,2.83389023570238,,4.098906616660007,,1.6959649165038175,0.008079784744097145,0.4100276358626571,,9.055013321845355,,,,9.12628286498909,,4.873697393605709,,5.3831012748588085,,1.4425400244750959,,2.9825131665061977,0.044630301315448914,24.56521739,62.39130435,19.58333333,,22.75,63.375,24.0,0.0,25.45833333,47.20833333,,62.04166667,,,20.25,63.45833333,20.08333333,57.5,,,29.9375,,18.08333333,73.375,,,22.74567230111111,53.66870471
1435,2015-11-29,1.2000288006912163,,5.497787140675879,,0.7187074764743087,,,,,,8.262088468190019,0.027732037901623617,3.520893929205987,,2.3056349718712528,,3.0636785588456057,0.01615956948819429,0.8200552717253142,,6.311069890983127,,2.9000848274812037,,3.5952023407532776,,4.1352583945745405,0.02181168621160614,7.957627971530415,,3.125503386362708,,3.3749491094675395,0.03344129619692792,29.20833333,39.20833333,21.66666667,,25.41666667,41.625,26.63888889,0.0,28.25,31.125,,39.08333333,,,24.25,43.875,24.16666667,34.08333333,,,31.70833333,,19.66666667,46.70833333,,,25.663580247777777,34.46354166500001
1436,2015-11-30,1.0666922672810817,,5.24788772519061,,,,2.1364747181085955,,,,11.829808488544804,,5.066652239589104,,6.404541588531259,0.11350471871732425,3.829598198557007,0.02423935423229144,0.8200552717253142,,15.091688869742262,,6.5251908618327095,,6.637296629082974,,6.055199792055577,0.04362337242321227,9.83001102365522,,5.289313423075352,,5.0904548029842625,0.037841466749155284,38.57142857,57.08333333,17.83333333,,28.52631579,58.61904762,35.47619048,0.0,34.0,66.58333333,,60.375,,,36.19047619,66.33333333,28.57142857,63.875,,,40.69047619,,24.14285714,82.43478261,,,31.555834028888892,56.91297877750001
1437,2015-12-01,1.466701867511487,,3.4985918167937404,,0.2395691588247696,,2.4651631362791484,,,,9.764286371497297,,5.066652239589104,,5.635996597907507,,2.8448443760709194,,,,14.817294526656035,,0.7250212068703009,,8.849728838777299,0.04084365565877481,4.726009593799477,0.04362337242321227,6.0852449194056115,,3.125503386362708,,4.305582917061578,0.057076498020320575,42.16666667,,29.375,62.66666667,,,33.48611111,0.0,41.47916667,57.125,28.17391304,67.75,34.83333333,49.125,36.875,69.54166667,33.625,62.29166667,,,45.0,49.54545455,30.375,74.25,33.5,50.60869565,35.353562801818185,54.29041502099999
1438,2015-12-02,0.5333461336405407,,4.748088894220076,,,,2.793851554449702,,,,11.454259012717984,,4.293773084397545,,3.0741799624950046,,2.790135830377248,0.01615956948819429,,,11.250168066535142,,5.800169654962407,,5.254526498024021,,5.169072993218176,0.02181168621160614,7.255484326983613,,2.40423337412516,,4.014059073718867,0.048276156915865856,23.33333333,28.625,17.13043478,26.65217391,,,18.79861111,0.0,25.08333333,24.20833333,15.0,33.13043478,20.41666667,24.57142857,22.5,31.125,15.875,24.20833333,,,26.32291667,24.77083333,19.60416667,31.91666667,25.0,19.85714286,20.824042050909092,24.460486070909095
1439,2015-12-03,1.0666922672810817,,3.9983906477642734,,0.2395691588247696,,2.4651631362791484,,,,9.01318741984366,,4.637274931149348,,4.867451607283757,,3.173095650232949,0.02423935423229144,,,15.640477555914707,,0.7250212068703009,,3.5952023407532776,,5.021385193411943,,6.553340682436812,,5.529736760487868,,4.204670817442948,0.045007458791354114,21.95833333,13.625,16.33333333,19.17391304,,,21.77777778,5e-324,22.4375,14.27083333,14.875,14.70833333,20.33333333,17.26086957,24.08333333,16.5,16.08333333,15.8,,,27.36111111,10.77083333,18.75,18.0,28.91666667,7.619047619,21.17361111,13.429893656272727
1440,2015-12-04,0.4000096002304056,,1.4993964929116033,,0.2395691588247696,,2.4651631362791484,,,,9.200962157757068,0.055464075803247234,3.77852031426984,,2.561816635412504,,2.680718738989905,,,,16.738054928259597,,4.350127241221807,,4.14831039317686,,4.873697393605709,0.04362337242321227,6.553340682436812,,4.3276200734252885,,3.7898099634552436,0.04714468448815026,46.40909091,,37.09090909,44.25,,,42.34848485,0.0,45.27272727,36.75,32.09090909,49.04166667,42.13636364,36.625,42.04545455,51.125,39.40909091,38.375,,,44.85416667,36.4375,41.04545455,49.0,46.77272727,42.08333333,41.77048898181818,38.36875
1441,2015-12-05,0.5333461336405407,,2.9987929858232065,,0.2395691588247696,,,,,,9.200962157757068,0.027732037901623617,2.3186374655746738,,1.5370899812475023,,1.8053820078911604,0.008079784744097145,1.2300829075879711,,6.585464234069352,,4.350127241221807,,3.318648314541487,,1.6245657978685697,0.02181168621160614,6.553340682436812,,0.48084667482503207,,2.4443153018735004,0.042493075618652766,26.79166667,32.69565217,20.79166667,37.75,,,24.45138889,0.0,29.39583333,28.875,18.08333333,36.875,19.5,31.27272727,25.16666667,,21.125,31.20833333,,,31.54166667,28.27083333,22.22916667,32.75,,,23.907638890000005,28.855282899999995
1442,2015-12-06,1.3333653341013518,,6.747284218102213,,0.2395691588247696,,,,,,7.135440040709564,,3.0056411590782814,,2.3056349718712528,,1.9147990992785042,0.01615956948819429,0.4100276358626571,,9.32940766493158,,0.7250212068703009,,3.318648314541487,0.08168731131754962,6.202887591861813,0.06543505863481841,7.957627971530415,,,,3.1282750881775536,0.027406776582444684,39.217391299999996,40.875,28.625,47.08333333,,,32.83333333,0.0,43.70833333,36.45833333,29.375,52.04166667,,38.08333333,34.29166667,51.41666667,35.33333333,39.25,,,37.16666667,24.90909091,30.625,52.91304348,32.29166667,20.17391304,34.346739129999996,36.65494370545454
1443,2015-12-07,3.733422935483785,0.03938435850626645,2.9987929858232065,,1.1978457941238478,,1.8077862999380423,,,,10.327610585237526,,5.238403162965005,,1.7932716447887531,0.03783490623910808,2.571301647602562,0.008079784744097145,,,14.817294526656035,,2.9000848274812037,,3.318648314541487,,8.565892388761549,0.06543505863481841,6.553340682436812,,2.8850800489501918,,4.417707472193389,0.035075645259183795,26.80952381,25.33333333,20.5,24.70833333,,,24.04545455,0.0,26.13636364,24.35416667,22.31818182,25.69565217,22.61904762,25.66666667,24.13636364,30.75,21.40909091,22.95833333,,,27.86363636,25.04166667,21.71428571,32.83333333,27.20833333,29.375,24.06911649,24.24695322727273
1444,2015-12-08,1.0666922672810817,,2.249094739367405,,1.1978457941238478,,1.9721305090233188,,,,7.323214778622973,0.027732037901623617,3.864395775957792,,4.098906616660007,,1.4771307337291313,,,,7.683041606414242,,2.1750636206109037,,4.70141844560044,0.08168731131754962,3.69219499515584,,3.5107182227340066,,2.644656711537676,,2.9152384334271098,0.04953334850221654,25.33333333,23.29166667,19.375,23.5,23.625,26.15,26.625,0.0,27.9375,23.5,22.29166667,23.25,,18.75,26.95652174,,20.16666667,22.29166667,,,33.14583333,20.125,25.54166667,28.41666667,29.04166667,27.08333333,25.45816864363637,21.487121212727274
1445,2015-12-09,2.666730668202704,0.03938435850626645,1.9991953238821367,,0.9582766352990782,,0.9860652545116594,,,,5.069917923662059,,4.122022161021643,,4.6112699437425055,,1.039462368179759,,,,12.622139781966254,,5.800169654962407,,5.254526498024021,0.04084365565877481,4.873697393605709,,5.617149156374412,,0.9616933496500641,,3.18433736574346,0.032686981245117507,35.77272727,,,,33.08333333,34.625,32.94444444,5e-324,34.66666667,30.29166667,,,29.70833333,25.75,27.75,36.20833333,28.95833333,36.5,,,29.47916667,30.25,25.08333333,41.45833333,,,30.827370929999997,29.385416666250002
1446,2015-12-10,1.3333653341013518,0.03938435850626645,3.2486924013084733,,0.2395691588247696,,1.8077862999380423,,,,9.388736895670478,,4.207897622709594,,4.098906616660007,,1.1488794595671021,,,,15.91487189900093,,2.1750636206109037,,6.637296629082974,,4.1352583945745405,0.02181168621160614,3.276670341218406,,3.60635006118774,,3.5094985756257127,0.03570424105235913,23.25,33.5,15.95833333,42.91666667,21.30434783,35.28571429,23.43055556,0.0,26.29166667,31.25,19.27272727,,20.20833333,32.875,21.45833333,45.31818182,18.25,34.41666667,,,27.91666667,30.95833333,16.33333333,40.94736842,,,21.24311793818182,32.74679312
1447,2015-12-11,0.5333461336405407,,2.9987929858232065,,0.7187074764743087,,3.286884181705532,,,,8.63763794401684,,3.091516620766233,,3.0741799624950046,,1.3130050966481168,,,,7.683041606414242,,5.800169654962407,,5.254526498024021,0.08168731131754962,5.612136392636877,0.06543505863481841,3.276670341218406,,,,2.9600882554798367,0.039350096652776084,29.52380952,,19.71428571,,24.38095238,43.625,25.44444444,0.0,34.52380952,36.75,22.76190476,42.125,22.57142857,35.91666667,16.11111111,54.15,23.42857143,33.875,,,35.92857143,32.5,17.76190476,59.40909091,,,24.74098123909091,37.594528620000006
1448,2015-12-12,1.3333653341013518,,1.7492959083968702,,0.2395691588247696,,,,,,7.886538992363203,,2.490388388950576,,1.280908317706252,,0.1641256370810146,,,,7.134252920241798,,2.9000848274812037,,2.7655402621179057,,2.215316997093504,0.06543505863481841,6.0852449194056115,,0.24042333741251604,,2.007029536859433,0.03318985787965778,23.23809524,40.81818182,,,22.14285714,47.75,27.41269841,0.0,25.78947368,28.79166667,26.33333333,43.625,22.904761899999997,41.04166667,26.0,48.60869565,17.42857143,50.79166667,,,38.404761900000004,34.58333333,20.80952381,58.16666667,,37.82608696,25.046407684,39.27299676727272
1449,2015-12-13,0.9333557338709464,,2.74889357033794,,0.4791383176495391,,,,,,7.323214778622973,,4.207897622709594,,6.404541588531259,,1.2035880052607737,,2.4601658151759427,,14.542900183569815,,5.075148448092107,,2.7655402621179057,,3.1014437959309067,,6.0852449194056115,,1.6829633618876116,,3.19554982125664,0.022503729395677054,6.80952381,,,,12.5,26.08333333,12.34722222,0.0,20.66666667,11.56521739,17.25,18.5,13.875,19.66666667,16.54166667,23.29166667,7.541666667,20.66666667,,,18.54166667,16.26086957,11.54166667,25.79166667,,22.54166667,13.7615079377,18.436775364000002
1450,2015-12-14,1.3333653341013518,,3.748491232279008,,0.2395691588247696,,3.9442610180466375,,,,10.327610585237526,,5.8395313947806615,,5.892178261448757,,1.5318392794228028,,,,12.896534125052474,,5.800169654962407,,3.8717563669650685,,5.612136392636877,0.02181168621160614,6.787388563952413,,2.644656711537676,,4.159820995390223,0.035829960210994195,19.66666667,,,,17.625,40.70833333,19.02083333,0.0,21.0,24.17391304,8.55,37.66666667,14.66666667,36.375,16.91666667,41.56521739,16.75,34.375,,,22.04166667,23.91666667,11.33333333,53.85,,31.75,16.757083334,32.43807971
1451,2015-12-15,0.9333557338709464,,2.4989941548526717,,0.4791383176495391,,1.150409463596936,,,,9.200962157757068,0.055464075803247234,3.864395775957792,,4.867451607283757,,1.5865478251164744,,,,11.250168066535142,,3.625106034351505,0.2141535737110698,3.5952023407532776,,7.3843899903116785,0.04362337242321227,5.14905339334321,,6.010583435312897,,3.632835586270706,0.04664180785360998,22.125,,,,18.75,36.66666667,21.81944444,0.0,23.04166667,24.69565217,16.52173913,32.6,20.04166667,26.95833333,13.55,39.23809524,16.08333333,28.83333333,,,28.64583333,17.28571429,14.5,48.54545455,,31.72727273,19.507868357,28.655052230999996
1452,2015-12-16,0.5333461336405407,,,,0.9582766352990782,,1.3147536726822129,,,,8.82541268193025,,3.520893929205987,,9.478721551026263,,2.7354272846835763,,0.4100276358626571,,12.896534125052474,,1.4500424137406018,0.1070767868555349,2.7655402621179057,,3.1014437959309067,0.02181168621160614,5.617149156374412,,0.7212700122375479,,3.352524198441177,0.04073300739776182,21.45833333,,,,19.29166667,45.29166667,24.24305556,5e-324,27.875,18.79166667,18.08333333,39.23529412,20.54166667,31.79166667,24.25,42.16666667,17.33333333,33.45833333,,,33.72916667,16.38095238,6.315789474,63.8,,38.75,21.312134503399996,32.966624651000004
1453,2015-12-17,0.6666826670506759,,,,1.1978457941238478,,1.3147536726822129,,,,9.200962157757068,0.027732037901623617,4.809025854525251,,9.734903214567511,,2.8995529217645912,,0.4100276358626571,,10.975773723448915,,2.9000848274812037,,2.4889862359061152,,4.282946194380775,,3.276670341218406,,2.40423337412516,,3.5991982197311634,0.037590028431885136,25.08333333,,,,23.95833333,51.375,24.5,5e-324,26.41666667,22.13043478,21.79166667,,21.08333333,44.375,21.25,66.04166667,,,,,31.54166667,33.66666667,12.9,75.4,,49.75,23.169444444444444,42.842346015000004
1454,2015-12-18,0.6666826670506759,,,,0.4791383176495391,,0.3286884181705532,,,,9.576511633583886,,4.465524007773447,,2.817998298953753,,1.2035880052607737,,,,10.975773723448915,,4.350127241221807,,1.1062161048471624,,2.3630047968997383,0.02181168621160614,3.744766104249607,,5.289313423075352,,2.7919014227821166,0.04035584992185662,17.14285714,,,,13.23809524,75.16666667,15.33333333,0.0,22.23809524,52.91666667,13.14285714,71.83333333,14.71428571,68.04166667,13.9047619,100.91666670000001,,,,,18.76190476,67.83333333,9.80952381,99.54166667,,77.25,15.365079363333333,68.16666667111112
1455,2015-12-19,1.8667114677418928,,,,0.9582766352990782,,,,,,9.01318741984366,,3.2632675441421344,,6.91690491561376,,1.6959649165038175,,0.8200552717253142,,7.134252920241798,,1.4500424137406018,,0.2765540262117906,,1.9199413974810369,0.04362337242321227,5.14905339334321,,0.9616933496500641,,2.6012896790580373,0.031304070500131766,29.875,,,,27.4,84.54166667,29.31944444,0.0,31.66666667,77.95833333,26.0,79.54166667,26.91666667,64.45833333,27.70833333,79.04166667,25.875,71.45833333,,,31.02083333,93.55,19.58333333,96.125,,55.41666667,27.536527776999996,70.209166667
1456,2015-12-20,0.9333557338709464,,,,0.7187074764743087,,,,,,10.139835847324118,,2.4045129272626253,,2.561816635412504,,2.0242161906658467,,1.2300829075879711,,10.701379380362694,,3.625106034351505,,1.1062161048471624,,6.793638791086748,0.02181168621160614,8.191675853046016,,2.40423337412516,,3.1506999992039155,0.029166844803335625,45.82608696,,,,28.28571429,69.66666667,36.16666667,0.0,49.782608700000004,75.45454545,35.29166667,70.0,32.66666667,54.625,29.79166667,64.83333333,39.54166667,70.91666667,,,39.83333333,65.83333333,27.30434783,82.13043478,,56.95833333,36.449042446,61.041831356
1457,2015-12-21,0.6666826670506759,,,,0.2395691588247696,,0.4930326272558297,,,,8.63763794401684,0.027732037901623617,5.152527701277054,,7.1730865791550125,,1.5318392794228028,,0.4100276358626571,,10.975773723448915,,2.1750636206109037,,4.14831039317686,,4.282946194380775,0.02181168621160614,6.319292800921213,,0.48084667482503207,,3.229187187796184,0.03532708357645393,37.16666667,,,,14.84210526,71.25,28.75,0.0,37.04166667,48.29166667,26.375,76.16666667,23.66666667,58.66666667,20.70833333,75.58333333,18.95,65.85,,,41.875,53.5,16.47619048,84.42857143,,62.20833333,26.585162907999994,59.59452381
1458,2015-12-22,0.9333557338709464,,,,1.437414952948617,0.03538144196826035,0.9860652545116594,,,,9.200962157757068,0.027732037901623617,4.465524007773447,,3.5865432895775053,,1.4224221880354595,,0.4100276358626571,,13.719717154311144,,0.7250212068703009,,1.9358781834825345,,5.907511992249344,0.04362337242321227,6.0852449194056115,,0.7212700122375479,,3.229187187796184,0.0362071176868994,23.79166667,,,,15.59090909,60.91666667,21.83333333,0.0,20.625,50.79166667,18.625,58.41666667,18.47619048,44.35,22.29166667,64.91666667,16.41666667,61.79166667,,,30.54166667,46.375,15.125,79.73913043,,59.625,20.331709958,52.69224637800001
1459,2015-12-23,,,,,0.9582766352990782,,1.9721305090233188,,,,6.572115826969335,,4.122022161021643,,7.685449906237513,,0.9847538224860876,,,,6.859858577155572,,2.1750636206109037,,1.6593241572707436,,3.8398827949620737,,4.212861867280808,,5.048890085662835,,2.7582640562425738,0.0362071176868994,10.83333333,,,,5.7826086960000005,51.83333333,8.736111111,0.0,17.0,31.875,7.083333333,52.125,8.458333332999999,48.79166667,7.208333333,70.45833333,6.166666667,43.25,,,22.58333333,25.70833333,4.458333333,82.20833333,,54.41666667,9.8310386466,46.066666666
1460,2015-12-24,0.2666730668202704,,,,0.4791383176495391,,,,,,9.01318741984366,,3.606769390893938,,6.404541588531259,,0.8753367310987444,,,,11.250168066535142,,2.1750636206109037,,3.0420942883296966,,2.3630047968997383,,3.0426224597028058,,2.1638100367126443,,2.556439857005312,0.03092691302422657,32.57142857,,,,26.5,58.86363636,33.61904762,0.0,35.19047619,41.54166667,27.19047619,65.75,27.28571429,66.79166667,29.33333333,84.08333333,28.47368421,55.40909091,,,43.07142857,47.70833333,20.28571429,94.04166667,,67.38095238,30.352130326,58.157034632
1461,2015-12-25,0.8000192004608111,,,,0.9582766352990782,,,,,,11.454259012717984,0.027732037901623617,3.3491430058300846,,0.2561816635412504,,1.9695076449721751,0.02423935423229144,0.8200552717253142,,1.0975773723448918,,2.9000848274812037,,2.2124322096943247,,0.29537559961246723,0.02181168621160614,8.191675853046016,,2.8850800489501918,,2.399465479820776,0.02866396816879536,49.33333333,,37.16666667,92.79166667,41.125,139.875,42.13888889,5e-324,52.79166667,59.08333333,39.58333333,95.41666667,39.16666667,122.25,41.875,126.08333329999999,6.5,139.5555556,,,52.41666667,52.33333333,33.375,119.58333329999999,,83.73913043,39.58838383909091,93.70103205727273
1462,2015-12-26,0.2666730668202704,,1.2494970774263359,,0.7187074764743087,,2.300818927193872,,,,8.07431373027661,,4.551399469461399,,6.91690491561376,,0.9847538224860876,0.008079784744097145,0.8200552717253142,,9.055013321845355,,5.075148448092107,,3.8717563669650685,0.12253096697632446,4.282946194380775,0.02181168621160614,7.723580090014813,,,,3.1731249102302783,0.02690389994790441,33.5,,21.41666667,56.0,23.375,45.70833333,27.80555556,0.0,34.54166667,33.54166667,25.79166667,43.82608696,25.0,39.875,27.41666667,48.29166667,,,,,39.04166667,33.95833333,19.125,67.14285714,,49.5,27.701388891,41.78439441
1463,2015-12-27,0.5333461336405407,,3.748491232279008,,0.7187074764743087,,,,,,11.078709536891164,,4.637274931149348,,6.404541588531259,,1.6959649165038175,0.008079784744097145,,,15.366083212828483,,4.350127241221807,,3.5952023407532776,,2.0676291972872702,,7.489532208499213,,,,3.4982861201125326,0.03557852189372406,20.5,,16.875,33.16666667,26.25,21.15789474,25.48611111,0.0,28.20833333,18.75,22.70833333,20.58333333,23.83333333,25.125,24.08333333,38.95833333,,,,,28.45833333,13.44444444,18.83333333,34.16666667,,39.69565217,23.523611108999994,24.504799135000003
1464,2015-12-28,1.2000288006912163,0.03938435850626645,3.2486924013084733,,0.4791383176495391,,,,,,18.02637483968732,,4.809025854525251,,5.635996597907507,,1.641256370810146,,,,17.835632300604487,,5.075148448092107,0.5353839342776745,2.2124322096943247,,3.9875705947683073,,6.553340682436812,,,,4.070121351284773,0.03922437749414102,30.70833333,,18.08333333,63.875,,,22.55555556,0.0,32.25,28.33333333,21.0,34.625,20.125,28.95833333,21.45833333,32.34782609,,,,,31.29166667,24.33333333,16.54166667,51.94117647,,42.56521739,23.77932098777778,34.10880221555555
1465,2015-12-29,2.8000672016128387,,0.9995976619410686,,0.2395691588247696,,,,,,12.768682178111849,0.027732037901623617,4.036146699333694,,6.6607232520725095,,2.078924736359518,,0.4100276358626571,,9.878196351104023,,1.4500424137406018,,5.531080524235811,,4.282946194380775,0.04362337242321227,5.617149156374412,,,,3.5543483976784387,0.04563605458452945,18.70833333,,15.375,62.58333333,,38.60869565,19.79166667,0.0,22.66666667,22.125,17.75,35.22727273,18.66666667,31.45833333,21.41666667,41.47826087,14.125,39.5,,,31.6875,25.26086957,13.875,58.0952381,,35.09090909,19.406250000999997,35.402537515454554
1466,2015-12-30,0.8000192004608111,,1.9991953238821367,,0.7187074764743087,,1.8077862999380423,,,,10.890934798977757,,4.980776777901152,,8.197813233320014,,1.3130050966481168,,,,13.719717154311144,,5.075148448092107,,3.0420942883296966,,2.215316997093504,,7.489532208499213,,,,3.5319234866520763,0.03985297328731635,37.61904762,,26.9047619,57.75,,51.04166667,33.55555556,0.0,41.14285714,40.08333333,29.0,47.66666667,31.0,40.75,28.42857143,62.125,32.04761905,49.91304348,,,38.21428571,34.79166667,24.095238100000003,67.58333333,,53.125,32.200793651000005,45.89361001363636
1467,2015-12-31,0.6666826670506759,,1.9991953238821367,,0.4791383176495391,,1.4790978817674891,,,,9.952061109410707,,4.379648546085496,,5.635996597907507,,1.4771307337291313,,0.4100276358626571,,6.859858577155572,,2.1750636206109037,,3.318648314541487,,1.9199413974810369,,4.212861867280808,,2.1638100367126443,,2.8928135224007483,0.03960153497004621,36.08333333,,26.58333333,92.66666667,,64.47826087,31.43055556,0.0,37.75,49.83333333,32.95833333,66.66666667,27.83333333,61.29166667,32.875,93.29166667,27.625,63.58333333,,,40.83333333,51.79166667,23.625,93.33333333,,72.39130435,31.759722221000004,64.48435441454545
1468,2016-01-01,1.2000288006912163,,2.9987929858232065,,,,2.300818927193872,,,,11.829808488544804,0.027732037901623617,6.0971577798445145,,5.123633270825008,,2.2977589191342043,0.01615956948819429,0.4100276358626571,,6.311069890983127,,2.1750636206109037,,2.7655402621179057,,4.1352583945745405,,8.893819497592819,,0.7212700122375479,,3.778597507942062,0.032435542927847366,40.5,,33.04166667,141.25,,117.81818179999999,35.34722222,0.0,50.875,86.95833333,37.125,113.25,33.29166667,121.25,30.25,,37.83333333,111.58333329999999,,,39.0625,91.17391304,29.5,131.2083333,,109.5,36.682638889,102.399209477
1469,2016-01-02,0.8000192004608111,,0.9995976619410686,,0.9582766352990782,,3.451228390790808,,,,11.829808488544804,,5.238403162965005,,4.355088280201256,,1.9695076449721751,,,,10.152590694190248,,6.5251908618327095,,4.977972471812231,,1.7722535976748033,,4.9150055118276095,,,,3.4646487535729884,0.042367356460017686,41.875,,31.41666667,49.0,34.83333333,47.20833333,35.51388889,5e-324,38.25,30.375,34.375,45.45833333,31.79166667,42.20833333,31.45833333,64.95833333,30.5,35.0,50.26086957,33.28571429,46.39583333,29.875,26.20833333,68.82608696,,43.54545455,36.073243760000004,40.81171576
1470,2016-01-03,1.3333653341013518,,3.2486924013084733,,1.9165532705981565,,3.286884181705532,,,,10.515385323150936,0.027732037901623617,3.9502712376457416,,7.1730865791550125,,2.0242161906658467,0.01615956948819429,,,7.957435949500465,,2.9000848274812037,,4.977972471812231,,3.9875705947683073,,7.255484326983613,,2.40423337412516,,3.778597507942062,0.03884722001823581,25.875,,18.45833333,53.75,27.5,48.95833333,26.67361111,0.0,23.83333333,42.16666667,26.875,45.41666667,26.13043478,,23.625,57.125,21.20833333,43.16666667,38.65217391,32.65,33.0625,42.58333333,18.16666667,62.66666667,,39.25,25.83836553833333,42.521212121818174
1471,2016-01-04,1.7333749343317573,,3.4985918167937404,,0.7187074764743087,,3.1225399726202547,,,,7.886538992363203,,5.152527701277054,,4.867451607283757,,2.2977589191342043,0.008079784744097145,0.4100276358626571,,12.896534125052474,,3.625106034351505,,3.8717563669650685,0.12253096697632446,3.3968193955433734,,6.553340682436812,,0.24042333741251604,,3.711322774862975,0.042367356460017686,23.29166667,,20.5,35.125,23.66666667,34.95833333,22.59722222,0.0,27.10416667,25.0,22.58333333,26.16666667,24.16666667,26.41666667,16.16666667,39.56521739,21.54166667,25.16666667,33.75,29.70833333,26.8125,24.5,17.79166667,45.54166667,23.95833333,40.16666667,23.379273505384617,29.35960145
1472,2016-01-05,1.0666922672810817,,1.4993964929116033,,0.9582766352990782,,2.4651631362791484,,,,8.63763794401684,0.027732037901623617,2.0610110805108217,,4.355088280201256,,1.9695076449721751,,,,8.780618978759135,,3.625106034351505,,4.4248644193886495,0.04084365565877481,4.1352583945745405,0.04362337242321227,3.744766104249607,,0.7212700122375479,,2.8703886113743846,0.041613041508207285,65.0,,30.20833333,53.52173913,46.45833333,47.08333333,55.31944444,0.0,63.39583333,26.66666667,41.29166667,41.375,48.5,37.125,43.47826087,53.04761905,43.25,38.70833333,78.83333333,46.33333333,71.0,32.79166667,36.125,,61.25,53.375,52.62386194615385,39.09342650090909
1473,2016-01-06,0.6666826670506759,,2.9987929858232065,,0.9582766352990782,,1.8077862999380423,,,,9.200962157757068,0.027732037901623617,4.036146699333694,,0.5123633270825008,,1.4771307337291313,0.01615956948819429,,,6.859858577155572,,0.7250212068703009,,2.4889862359061152,,3.9875705947683073,,3.0426224597028058,,0.7212700122375479,,2.6349270455975806,0.03218410461057724,45.91666667,,34.33333333,60.66666667,43.125,50.375,48.61111111,0.0,46.25,35.79166667,40.08333333,48.20833333,45.0,41.25,31.27272727,55.85714286,32.375,46.04166667,66.26086957,34.33333333,54.29166667,41.45833333,39.4375,60.0,52.04347826,42.63157895,44.53851432384616,43.051143484166666
1474,2016-01-07,1.3333653341013518,,1.9991953238821367,,0.7187074764743087,,2.9581957635349783,,,,9.576511633583886,0.027732037901623617,5.3242786246529565,,5.635996597907507,,1.7506734621974889,,0.4100276358626571,,15.366083212828483,,2.9000848274812037,,6.637296629082974,0.08168731131754962,3.8398827949620737,,5.14905339334321,,1.9233866993001283,,3.8907220630738735,0.029544002279240825,23.33333333,,18.79166667,38.29166667,22.41666667,32.33333333,28.70833333,0.0,28.66666667,21.29166667,21.625,31.75,27.55,28.72727273,27.29166667,33.875,,29.875,40.66666667,18.65217391,34.875,22.45833333,23.875,40.28571429,,18.29166667,27.072727273636364,26.31931896666666
1475,2016-01-08,1.3333653341013518,,2.9987929858232065,,0.7187074764743087,,1.9721305090233188,,,,9.200962157757068,,4.379648546085496,,3.8427249531187564,,1.5865478251164744,0.008079784744097145,,,9.32940766493158,,3.625106034351505,,4.14831039317686,,3.2491315957371394,,7.021436445468013,,,,3.2179747322830026,0.04362454804636837,34.91666667,,28.0,43.04166667,32.75,35.91666667,34.6875,0.0,38.08333333,33.91666667,31.5,30.625,30.16666667,28.0,30.20833333,36.625,30.20833333,31.34782609,42.86363636,51.20833333,44.70833333,37.29166667,27.39583333,42.29166667,36.25,45.65217391,33.979895103846154,34.65972222333333
1476,2016-01-09,1.0666922672810817,,1.4993964929116033,,0.7187074764743087,,2.6295073453644253,,,,11.078709536891164,0.027732037901623617,3.3491430058300846,,3.8427249531187564,,0.8753367310987444,0.02423935423229144,0.4100276358626571,,4.66470383246579,,0.7250212068703009,,3.0420942883296966,,4.430633994187008,,4.4469097487964095,,0.9616933496500641,,2.7470516007293924,0.03608139852826433,35.0,,20.04761905,45.75,25.23809524,36.375,26.095238100000003,0.0,32.42857143,28.29166667,25.04761905,29.20833333,27.57142857,25.25,28.47619048,,23.42857143,25.54166667,36.095238099999996,27.41666667,33.71428571,25.58333333,24.38095238,44.42105263,30.28571429,34.125,28.293040294615384,29.269338118181818
1477,2016-01-10,1.7333749343317573,,1.9991953238821367,,0.9582766352990782,,2.9581957635349783,,,,13.519781129765489,,5.066652239589104,,2.3056349718712528,,1.4224221880354595,,,,5.4878868617244585,,4.350127241221807,,3.8717563669650685,,5.169072993218176,0.02181168621160614,6.553340682436812,,0.24042333741251604,,3.5094985756257127,0.0308011938655915,26.28571429,,20.23809524,,25.47619048,32.5,26.87301587,0.0,28.92857143,27.84210526,22.52380952,31.0,27.42857143,24.04166667,27.61904762,,22.04761905,23.95833333,33.55,25.2,30.16666667,25.29166667,22.95238095,,32.76190476,26.86363636,26.680891331538458,24.07748981
1478,2016-01-11,1.8667114677418928,,4.2482900632495415,,0.2395691588247696,,2.9581957635349783,,,,14.834204295159356,,3.0056411590782814,,7.941631569778763,,2.4071760105215474,0.02423935423229144,,,10.701379380362694,,3.625106034351505,,4.14831039317686,,4.1352583945745405,0.02181168621160614,4.9150055118276095,,0.9616933496500641,,3.935571885126599,0.039350096652776084,26.04166667,,20.54166667,53.08333333,24.66666667,41.04166667,26.09722222,0.0,23.75,27.20833333,22.70833333,40.83333333,23.5,33.54166667,25.33333333,,22.45833333,33.0,45.875,43.54166667,35.85416667,25.45833333,22.58333333,,37.54166667,41.57142857,27.457799145384612,33.92797619
1479,2016-01-12,2.8000672016128387,,2.4989941548526717,,1.1978457941238478,,3.286884181705532,,,,5.8210168753156974,0.027732037901623617,5.410154086340908,,5.892178261448757,,1.641256370810146,,,,7.957435949500465,,2.9000848274812037,,4.70141844560044,,6.941326590892979,0.04362337242321227,5.3831012748588085,,2.8850800489501918,,3.7561725969157,0.04412742468090864,16.6,,20.0,48.65217391,20.625,40.125,20.35416667,5e-324,23.3125,28.04166667,21.83333333,44.29166667,20.5,31.41666667,,,21.91666667,30.41666667,40.66666667,16.79166667,33.29166667,22.79166667,19.91666667,61.30434783,24.875,36.83333333,23.65763889,32.78771409909091
1480,2016-01-13,0.6666826670506759,,1.7492959083968702,,0.4791383176495391,,2.4651631362791484,,,,3.567720020354782,0.027732037901623617,3.9502712376457416,,4.867451607283757,,2.078924736359518,,,,2.4695490877760062,,3.625106034351505,,3.318648314541487,,3.3968193955433734,0.04362337242321227,3.978813985765208,,4.087196736012772,,2.6237145900843992,0.042115918142747566,16.58333333,,10.25,,13.16666667,22.83333333,14.59722222,0.0,19.875,14.58333333,13.66666667,24.5,13.08333333,24.625,15.66666667,22.25,10.79166667,21.33333333,,,24.60416667,14.625,10.04166667,,,10.83333333,14.756944445454543,17.287037035555553
1481,2016-01-14,1.466701867511487,,0.7496982464558015,,0.2395691588247696,,2.300818927193872,,,,4.694368447835239,0.027732037901623617,2.6621393123264783,,6.148359924990009,,1.7506734621974889,0.008079784744097145,,,8.231830292586688,,4.350127241221807,,3.5952023407532776,,4.430633994187008,0.04362337242321227,4.212861867280808,,3.8467733986002566,,2.847963700348023,0.02941828312060576,14.08333333,,13.91666667,,12.20833333,17.83333333,14.29166667,0.0,23.75,9.958333332999999,14.29166667,14.70833333,11.125,14.95833333,17.86956522,14.61904762,13.45833333,14.70833333,,,27.875,6.916666667,9.958333332999999,,,7.375,15.71162714118182,11.230820104444444
1482,2016-01-15,1.3333653341013518,,3.2486924013084733,,1.1978457941238478,,1.9721305090233188,,,,5.633242137402287,0.027732037901623617,4.809025854525251,,2.0494533083300035,,1.4224221880354595,0.02423935423229144,,,13.719717154311144,,4.350127241221807,,2.7655402621179057,,4.578321793993243,0.02181168621160614,5.14905339334321,,4.568043410837803,,3.3413117429279957,0.031932666293307106,23.25,,19.66666667,30.9047619,18.0,28.79166667,21.30555556,5e-324,32.20833333,14.95833333,19.875,26.04166667,18.04166667,30.33333333,19.5,34.875,22.125,11.75,,,35.9375,11.54166667,14.75,,,21.83333333,22.24179293,21.10297619
1483,2016-01-16,0.5333461336405407,,0.4997988309705343,,0.9582766352990782,,2.300818927193872,,,,3.004395806614553,,3.0056411590782814,,3.5865432895775053,,0.820628185405073,,,,8.780618978759135,,2.9000848274812037,,1.1062161048471624,,2.5106925967059714,,4.4469097487964095,,0.24042333741251604,,2.0294544478857963,0.03746430927325007,16.16666667,,8.583333332999999,51.375,11.0,42.20833333,11.75,5e-324,32.95833333,18.5,11.75,31.125,10.16666667,40.16666667,9.916666667000001,67.125,11.95833333,29.79166667,,,36.91666667,14.29166667,7.708333333,,,35.13043478,15.352272727545456,32.971376811999995
1484,2016-01-17,0.8000192004608111,,1.9991953238821367,,1.1978457941238478,,1.3147536726822129,,,,5.069917923662059,0.055464075803247234,2.9197656973903308,,6.91690491561376,,1.2582965509544453,0.02423935423229144,1.2300829075879711,,13.445322811224926,,3.625106034351505,,3.318648314541487,0.04084365565877481,3.8398827949620737,,4.4469097487964095,,,,2.825538789321661,0.0227551677129472,34.61904762,,26.52380952,50.45833333,29.71428571,48.20833333,32.12698413,0.0,40.28571429,22.79166667,31.0952381,56.66666667,30.23809524,45.83333333,33.95238095,73.54166667,26.38095238,36.5,,,42.33333333,19.66666667,25.28571429,,,43.69565217,32.050505050909095,39.736231884
1485,2016-01-18,0.8000192004608111,,2.9987929858232065,,0.7187074764743087,,2.1364747181085955,,,,12.017583226458216,0.027732037901623617,4.207897622709594,,4.355088280201256,,2.078924736359518,0.008079784744097145,,,10.152590694190248,,5.075148448092107,,3.318648314541487,,7.236702190505446,0.04362337242321227,4.4469097487964095,,4.3276200734252885,,3.8570846965343306,0.031681227976036966,38.5,,19.80952381,70.29166667,26.25,52.08333333,29.19444444,0.0,41.20833333,44.95833333,27.625,48.41666667,24.45833333,40.29166667,25.75,59.75,25.41666667,50.83333333,,,40.39583333,40.54166667,20.29166667,,,41.04166667,28.990891052727275,44.820833334
1486,2016-01-19,0.8000192004608111,,3.2486924013084733,,1.6769841117733868,,3.6155725998760846,,,,6.7598905648827445,,3.77852031426984,,6.6607232520725095,,1.641256370810146,,,,9.878196351104023,,2.9000848274812037,,1.6593241572707436,,3.3968193955433734,,6.787388563952413,,3.3659267237752233,,3.3188868319016334,0.043247390570463166,25.95833333,,19.0,74.29166667,23.95833333,69.54166667,25.44444444,0.0,30.45833333,53.08333333,25.125,61.625,22.625,52.66666667,23.20833333,74.5,21.875,62.70833333,,,30.20833333,50.79166667,18.70833333,,,54.9047619,24.233585856363632,55.411309524
1487,2016-01-20,1.0666922672810817,,2.4989941548526717,,0.7187074764743087,,2.6295073453644253,,,,5.633242137402287,0.055464075803247234,3.435018467518036,,4.867451607283757,,2.4071760105215474,0.01615956948819429,0.4100276358626571,,11.798956752707586,,2.1750636206109037,,3.0420942883296966,0.04084365565877481,3.8398827949620737,0.04362337242321227,8.191675853046016,,1.20211668706258,,3.2964619208752715,0.037212870955979936,29.91666667,,19.08333333,67.125,21.33333333,70.04166667,24.88888889,0.0,28.5,46.08333333,23.20833333,58.45833333,21.25,53.91666667,16.1,85.79166667,21.83333333,48.45833333,47.33333333,47.125,34.875,46.41666667,18.41666667,,,74.91666667,25.561574073333333,54.39393939454546
1488,2016-01-21,2.2667210679722984,,2.74889357033794,,0.9582766352990782,,2.9581957635349783,,,,4.31881897200842,,4.207897622709594,,16.139444803098772,,2.078924736359518,0.008079784744097145,,,11.798956752707586,,5.800169654962407,,3.0420942883296966,,7.5320777901179135,,7.489532208499213,,5.529736760487868,,4.384070105653847,0.0369614326387098,32.5,,21.25,73.66666667,25.79166667,58.0,27.77777778,0.0,39.5,39.85714286,26.75,53.75,24.875,54.54166667,26.33333333,85.29166667,27.5,43.125,55.25,44.95833333,42.58333333,33.82608696,15.45,,,50.5,30.46342592583333,48.865142105454545
1489,2016-01-22,0.9333557338709464,,3.2486924013084733,,1.437414952948617,,2.6295073453644253,,,,10.703160061064343,0.027732037901623617,3.2632675441421344,,7.941631569778763,,2.4071760105215474,,,,15.366083212828483,,,,4.4248644193886495,,3.3968193955433734,0.02181168621160614,6.553340682436812,,4.8084667482503205,,3.9804217071793233,0.04915619102631134,60.71428571,,30.22727273,63.0,42.75,52.29166667,42.81944444,0.0,52.95833333,46.95833333,42.16666667,49.20833333,36.125,45.79166667,31.79166667,72.125,37.0,44.21052632,62.91666667,59.58333333,55.875,44.91666667,29.70833333,,,60.33333333,43.75438912916666,48.9471690590909
1490,2016-01-23,1.7333749343317573,,0.7496982464558015,,1.437414952948617,,,,,,6.3843410890559245,0.055464075803247234,2.3186374655746738,,5.635996597907507,,0.8753367310987444,,0.8200552717253142,,12.622139781966254,,0.7250212068703009,,3.318648314541487,,4.430633994187008,,6.553340682436812,,1.6829633618876116,,2.7694765117557547,0.044630301315448914,38.904761900000004,,25.23809524,65.29166667,30.33333333,57.04166667,32.52380952,5e-324,39.42857143,37.08333333,31.85714286,52.875,29.76190476,46.625,29.42857143,66.04166667,28.28571429,48.83333333,57.42857143,44.625,45.78571429,39.54166667,25.095238100000003,74.08333333,,63.25,34.50595238166667,49.60763888916666
1491,2016-01-24,2.5333941347925686,,0.7496982464558015,,1.437414952948617,,0.6573768363411063,,,,11.266484274804574,0.027732037901623617,2.0610110805108217,,7.941631569778763,,1.9695076449721751,0.008079784744097145,,,7.134252920241798,,5.075148448092107,0.32123036056660464,3.5952023407532776,0.20421827829387407,6.055199792055577,0.06543505863481841,7.255484326983613,,0.24042333741251604,,3.3861615649807204,0.031052632182861632,46.375,,33.45833333,77.20833333,40.125,71.08333333,40.5,5e-324,68.5,38.08333333,41.91666667,67.33333333,37.20833333,61.375,36.83333333,87.58333333,38.5,59.70833333,71.625,47.33333333,61.0625,46.25,30.95833333,90.79166667,,65.375,45.58854166583334,59.343749998333344
1492,2016-01-25,1.6000384009216222,,6.4973848026169465,,1.6769841117733868,,0.4930326272558297,,,,14.646429557245948,0.055464075803247234,6.183033241532465,,2.561816635412504,,2.4618845562152187,,,,12.896534125052474,,9.425275689313912,,2.7655402621179057,,7.975141189536615,0.02181168621160614,6.319292800921213,,8.655240146850575,,4.933480425799727,0.037967185907790336,48.41666667,,24.75,90.125,28.0952381,70.45833333,39.63888889,0.0,50.20833333,40.91666667,25.75,63.75,35.25,57.79166667,40.83333333,77.79166667,31.54166667,59.45833333,66.9047619,46.26315789,57.52083333,55.5,29.70833333,90.33333333,,53.04166667,39.88483796250001,58.785818713333335
1493,2016-01-26,1.2000288006912163,,6.4973848026169465,,1.6769841117733868,,4.601637854387744,,,,7.886538992363203,0.027732037901623617,5.8395313947806615,,8.710176560402513,,2.790135830377248,0.01615956948819429,0.8200552717253142,,10.701379380362694,,2.1750636206109037,,8.296620786353719,,5.021385193411943,0.02181168621160614,6.787388563952413,,5.048890085662835,,4.7428686820756445,0.055316429799429634,17.55,,16.0,55.80952381,16.83333333,47.25,22.97222222,0.0,30.04166667,31.33333333,19.25,39.0,18.875,32.45833333,27.70833333,39.83333333,16.625,32.54166667,43.41666667,27.09090909,37.41666667,28.25,12.29166667,54.625,,52.61904762,23.248379630000002,36.734262265000005
1494,2016-01-27,2.0000480011520283,,2.74889357033794,,0.9582766352990782,,2.6295073453644253,,,,6.572115826969335,,4.7231503928373,,4.867451607283757,,2.078924736359518,0.008079784744097145,0.8200552717253142,,13.445322811224926,,5.800169654962407,,9.679390917412672,0.04084365565877481,4.873697393605709,0.08724674484642454,7.489532208499213,,7.453123459787995,,4.2943704615483975,0.053179204102633486,24.375,,18.83333333,45.3,19.82608696,34.72727273,24.86111111,0.0,30.0,28.65,19.0,34.29166667,21.45833333,27.58333333,25.79166667,44.91304348,18.58333333,22.08333333,37.375,17.08333333,33.95833333,19.5,17.79166667,46.08333333,,38.91666667,24.32115539416667,29.927665239166668
1495,2016-01-28,0.9333557338709464,,2.249094739367405,,2.156122429422926,,3.9442610180466375,,,,4.694368447835239,0.027732037901623617,4.207897622709594,,10.247266541650015,,2.9542614674582626,0.008079784744097145,,,10.701379380362694,,7.975233275573308,,7.190404681506555,,5.612136392636877,0.02181168621160614,6.0852449194056115,,3.60635006118774,,4.171033450903404,0.0481504377572308,14.0,,11.04166667,87.25,16.08333333,76.54166667,16.78472222,0.0,18.91666667,62.125,15.33333333,82.125,16.0,62.33333333,16.45833333,77.16666667,10.95833333,68.75,31.58333333,74.08333333,23.95833333,66.20833333,12.90909091,93.63636364,,72.29166667,17.002262204166666,68.54261363666667
1496,2016-01-29,2.400057601382433,,2.9987929858232065,,0.2395691588247696,,2.793851554449702,,,,5.257692661575468,0.027732037901623617,4.379648546085496,,7.685449906237513,,2.5165931019088905,,,,9.603802008017805,,6.5251908618327095,,5.807634550447602,,3.5445071953496066,0.08724674484642454,6.319292800921213,,3.60635006118774,,3.744960141402519,0.046767527012245055,7.761904762,,5.285714286,119.33333329999999,8.05,99.95833333,8.888888889,0.0,7.777777778,107.0952381,8.142857142999999,100.20833329999999,7.857142857,77.5,9.904761905,106.375,4.523809524,97.58333333,28.61904762,109.29166670000001,26.9047619,88.5,6.047619048,116.875,,109.16666670000001,10.813690476,94.32390872999999
1497,2016-01-30,1.466701867511487,,1.7492959083968702,,0.9582766352990782,,1.4790978817674891,,,,10.139835847324118,,4.637274931149348,,1.0247266541650015,,0.8753367310987444,,0.4100276358626571,,5.213492518638237,,8.700254482443611,,3.0420942883296966,,6.202887591861813,0.06543505863481841,7.255484326983613,,1.4425400244750959,,3.1506999992039155,0.0419901989841125,22.625,,16.25,88.0,20.41666667,74.08333333,23.18055556,0.0,33.41666667,23.95833333,20.04166667,78.0,15.91666667,63.45833333,17.625,86.66666667,16.04166667,60.45833333,45.13043478,31.19047619,37.72916667,51.47619048,14.66666667,103.83333329999999,,72.45833333,23.586679752500004,61.13194444083333
1498,2016-01-31,1.0666922672810817,,2.4989941548526717,,1.6769841117733868,,4.272949436217191,,,,15.021979033072764,,4.465524007773447,,0.7685449906237511,,1.2035880052607737,0.01615956948819429,2.8701934510386,,13.719717154311144,,1.4500424137406018,,2.4889862359061152,,7.827453389730381,0.02181168621160614,11.468346194264422,,,,4.238308183982491,0.03532708357645393,26.91666667,,25.5,52.45833333,28.04166667,44.20833333,29.29166667,5e-324,34.375,22.0,29.83333333,44.875,26.66666667,37.79166667,29.70833333,42.45833333,25.375,37.16666667,43.79166667,27.16666667,38.4375,35.375,22.875,57.17391304,,35.5,30.067708334166667,36.347826086666664
1499,2016-02-01,0.8000192004608111,,0.7496982464558015,,1.437414952948617,,1.8077862999380423,,,,12.017583226458216,,5.410154086340908,,13.57762816768627,,1.0941709138734306,0.008079784744097145,0.8200552717253142,,13.445322811224926,,2.1750636206109037,,4.977972471812231,,5.31676079302441,0.02181168621160614,9.361915260624018,,0.24042333741251604,,4.204670817442948,0.04752184196405546,27.125,,22.0,47.54166667,,43.0,26.18055556,0.0,25.20833333,35.08333333,25.91666667,39.125,24.66666667,32.25,23.79166667,,25.0,36.75,,,28.45833333,,19.25,47.0,,35.41666667,24.759722223,35.12962963
1500,2016-02-02,1.6000384009216222,,4.748088894220076,,2.3956915882476957,,3.779916808961361,,,,13.519781129765489,0.027732037901623617,6.183033241532465,,10.503448205191264,,2.2977589191342043,,,,15.640477555914707,,3.625106034351505,,4.4248644193886495,,7.827453389730381,0.02181168621160614,7.021436445468013,,7.933970134613028,,5.43804092389288,0.04714468448815026,25.70833333,,18.0,44.73913043,19.79166667,45.125,25.40277778,0.0,31.91666667,24.125,22.375,40.125,22.58333333,32.70833333,28.45833333,37.91666667,20.16666667,31.25,46.75,26.66666667,38.75,21.25,17.45833333,50.26086957,,41.52380952,26.44675925916667,32.974206349166664
1501,2016-02-03,2.133384534562163,,4.748088894220076,,2.3956915882476957,,3.779916808961361,,,,6.947665302796153,0.08319611370487084,7.299414243475827,,4.098906616660007,,2.790135830377248,,,,17.835632300604487,,3.625106034351505,,10.232498969836252,,3.3968193955433734,0.06543505863481841,6.319292800921213,,8.174393472025544,,5.023180069905175,0.060973791938007664,16.625,,8.5,41.66666667,13.34782609,33.85,15.59722222,0.0,18.625,28.34782609,11.79166667,33.54166667,11.75,,11.625,39.5,11.45833333,30.79166667,25.0,19.15,18.33333333,25.16666667,7.666666667,42.79166667,,31.35294118,14.193337358916667,29.650827329090916
1502,2016-02-04,2.8000672016128387,,4.2482900632495415,,1.1978457941238478,,3.779916808961361,,,,11.078709536891164,,8.072293398667384,,10.759629868732517,,3.173095650232949,0.008079784744097145,,,19.481998359121828,,6.5251908618327095,,9.12628286498909,,5.907511992249344,0.02181168621160614,6.553340682436812,,6.491430110137931,,5.908964055446489,0.056322183068510175,22.41666667,,21.0,45.375,22.875,37.625,23.06944444,0.0,25.47916667,26.41666667,22.95833333,33.375,23.125,33.08333333,16.41666667,50.45833333,20.5,31.16666667,32.45833333,29.20833333,28.27083333,24.43478261,17.625,56.9047619,24.91666667,66.95833333,23.162393162307694,36.2505175975
1503,2016-02-05,2.400057601382433,0.019692179253133223,3.748491232279008,,1.1978457941238478,,2.4651631362791484,,,,12.017583226458216,0.11092815160649447,6.955912396724023,,5.379814934366259,,3.0636785588456057,0.01615956948819429,0.4100276358626571,,10.975773723448915,,5.800169654962407,,8.573174812565508,,5.759824192443111,0.04362337242321227,7.723580090014813,,6.010583435312897,,5.0680298919579005,0.0662539966006805,66.25,,50.625,73.91666667,53.5,66.29166667,54.44444444,0.0,64.66666667,55.5,52.70833333,62.125,52.91666667,53.16666667,41.375,73.16666667,50.0,55.33333333,75.33333333,50.33333333,65.375,46.25,46.83333333,87.22222222,49.904761900000004,68.65,55.687118436153845,57.662962963333335
1504,2016-02-06,1.8667114677418928,,2.74889357033794,,1.9165532705981565,,2.793851554449702,,,,9.952061109410707,0.027732037901623617,4.036146699333694,,,,0.6017940026303868,,,,21.128364417639165,,2.9000848274812037,,6.637296629082974,,3.8398827949620737,0.02181168621160614,8.893819497592819,,0.7212700122375479,,3.7337476858893375,0.056825059703050435,44.54166667,,37.79166667,42.625,42.70833333,33.41666667,43.14583333,0.0,52.22916667,27.125,42.83333333,31.875,38.54166667,25.91666667,22.79166667,34.75,40.95833333,34.125,48.30434783,21.89473684,48.85416667,23.91666667,34.9375,43.0,40.04166667,20.17391304,41.35994983384615,28.234887490833334
1505,2016-02-07,2.5333941347925686,,3.748491232279008,,1.9165532705981565,,,,,,16.336402198466633,,5.152527701277054,,7.941631569778763,,0.9300452767924158,,0.8200552717253142,,12.347745438880036,,3.625106034351505,,5.531080524235811,,6.793638791086748,,8.425723734561616,,2.644656711537676,,4.50740711629884,0.04186447982547743,33.70833333,,31.625,39.75,33.04166667,29.41666667,34.3125,5e-324,38.25,20.04347826,33.58333333,31.08333333,30.83333333,22.08333333,28.54166667,30.58333333,32.79166667,29.66666667,35.20833333,15.16666667,36.27083333,20.875,26.91666667,42.25,,14.79166667,32.923611110833335,24.6425120775
1506,2016-02-08,3.2000768018432444,,2.9987929858232065,,0.9582766352990782,,4.272949436217191,,,,16.524176936380037,,7.213538781787876,,5.635996597907507,,2.2430503734405334,0.01615956948819429,,,21.402758760725387,,10.150296896184214,,12.998039231954158,,9.00895578818025,0.04362337242321227,8.659771616077219,,5.289313423075352,,6.278975087381468,0.05053910177129707,43.38095238,,34.47619048,46.91666667,41.0,37.75,39.52380952,0.0,48.95238095,30.375,38.28571429,34.79166667,35.71428571,31.25,44.0,34.16666667,40.04761905,32.58333333,44.23809524,28.95238095,45.725,29.0,31.92857143,47.26086957,43.14285714,30.625,40.80119047615384,31.972631988333337
1507,2016-02-09,2.0000480011520283,,3.4985918167937404,,2.156122429422926,0.0707628839365207,4.108605227131913,,,,8.82541268193025,,5.6677804714047575,,3.3303616260362547,,3.337221287313964,0.008079784744097145,,,17.56123795751827,,4.350127241221807,,9.955944943624461,,6.202887591861813,0.02181168621160614,4.9150055118276095,,6.972276784962963,,5.023180069905175,0.07040272883563771,32.125,,19.73913043,34.16666667,28.25,22.375,29.79166667,0.0,38.04166667,19.79166667,25.875,20.95833333,26.58333333,17.83333333,26.29166667,,26.5,19.33333333,29.0,,35.10869565,14.65,23.9375,30.95652174,31.7826087,18.09090909,28.69432831692308,19.815576416
1508,2016-02-10,1.466701867511487,,3.9983906477642734,,0.9582766352990782,,3.1225399726202547,,,,11.078709536891164,0.08319611370487084,5.3242786246529565,,8.197813233320014,,2.2430503734405334,0.008079784744097145,,,17.835632300604487,,4.350127241221807,,8.849728838777299,,6.498263191474277,0.02181168621160614,6.319292800921213,,8.174393472025544,,5.0680298919579005,0.056322183068510175,29.95833333,,20.08333333,,29.83333333,26.66666667,30.30555556,0.0,25.35416667,19.5,27.45833333,27.70833333,28.0,23.33333333,29.13043478,,22.25,19.79166667,35.75,24.16666667,35.8125,24.375,25.16666667,,28.58333333,23.47368421,28.283537717692305,21.00170565333333
1509,2016-02-11,0.8000192004608111,,5.497787140675879,,,,3.779916808961361,,,,12.017583226458216,,7.64291609022763,,4.867451607283757,,2.571301647602562,,,,17.835632300604487,,2.1750636206109037,,8.296620786353719,,5.907511992249344,0.02181168621160614,7.723580090014813,,6.491430110137931,,5.2474291801687984,0.056825059703050435,27.375,,22.58333333,51.41666667,23.375,34.125,23.72222222,0.0,24.875,24.625,23.91666667,37.0,21.66666667,28.875,24.04166667,,24.08333333,32.58333333,34.75,30.08333333,30.29166667,23.83333333,20.25,42.14285714,27.95833333,36.1,25.299145299230766,30.980411254545455
1510,2016-02-12,2.2667210679722984,,3.2486924013084733,,0.7187074764743087,,3.6155725998760846,,,,9.388736895670478,0.055464075803247234,6.011282318156563,,3.0741799624950046,0.03783490623910808,2.078924736359518,,,,13.445322811224926,,4.350127241221807,,7.190404681506555,,6.793638791086748,0.02181168621160614,4.9150055118276095,,0.48084667482503207,,4.204670817442948,0.05883656624121152,18.09090909,,7.421052632,,17.875,41.20833333,17.625,0.0,21.20833333,36.29166667,19.66666667,42.79166667,18.0,33.75,,,16.66666667,40.20833333,36.70833333,20.54166667,27.41666667,42.9,16.125,60.56521739,22.5,38.29166667,19.94196903266667,35.654855073
1511,2016-02-13,1.8667114677418928,,5.24788772519061,,0.9582766352990782,,,,,,10.327610585237526,0.027732037901623617,4.637274931149348,,9.478721551026263,,0.3829598198557007,,0.8200552717253142,,15.091688869742262,,2.9000848274812037,,7.466958707718346,,5.31676079302441,,10.29810678668642,,1.9233866993001283,,4.126183628850679,0.04714468448815026,33.45833333,,26.375,58.47619048,29.5,49.41666667,29.25,0.0,35.04166667,38.75,30.5,42.58333333,25.375,41.83333333,22.54166667,52.875,27.70833333,38.83333333,43.16666667,58.25,37.25,41.625,20.75,59.83333333,,50.22727273,30.076388889166665,44.39195526666668
1512,2016-02-14,2.133384534562163,,6.247485387131679,,1.6769841117733868,,,,,,4.882143185748649,,8.50167070710714,,7.685449906237513,,0.9847538224860876,,0.8200552717253142,,9.32940766493158,,8.700254482443611,,5.254526498024021,,10.190458186630119,0.02181168621160614,11.00025043123322,,4.087196736012772,,4.720443771049284,0.04626465037770478,51.5,,31.54166667,88.16666667,41.54166667,107.08333329999999,43.70833333,0.0,58.08333333,53.875,40.58333333,112.16666670000001,37.16666667,110.04166670000001,36.45833333,120.58333329999999,33.5,74.25,66.20833333,59.83333333,57.125,58.45833333,29.08333333,144.66666669999998,,78.0,43.874999999166675,83.92708333583333
1513,2016-02-15,1.0666922672810817,,4.2482900632495415,,2.156122429422926,,2.793851554449702,,,,17.6508253638605,,8.415795245419188,,4.6112699437425055,,4.26726656410638,0.01615956948819429,,,23.04912481924273,,5.075148448092107,,8.849728838777299,,9.89508258701765,0.02181168621160614,7.723580090014813,,6.972276784962963,,6.6265612082900835,0.05292776578536335,37.54166667,,25.8,100.8,37.41666667,78.25,38.15972222,0.0,52.58333333,48.75,40.08333333,70.20833333,36.625,60.875,33.75,87.54166667,31.58333333,56.45833333,64.375,75.04166667,52.27083333,52.58333333,26.04545455,94.59090909,,75.625,39.68619528583333,66.72702020166666
1514,2016-02-16,1.2000288006912163,,2.9987929858232065,,1.437414952948617,,3.779916808961361,,,,10.890934798977757,0.055464075803247234,9.703927170738453,,11.528174859356264,,3.6654725614759927,0.01615956948819429,0.4100276358626571,,20.03078704529427,,3.625106034351505,,8.849728838777299,,6.498263191474277,0.02181168621160614,5.851197037890012,,0.9616933496500641,,5.796839500314678,0.0743000227533248,46.23809524,,32.28571429,,44.80952381,65.58333333,46.67460317,5e-324,49.33333333,58.79166667,46.14285714,59.70833333,40.19047619,52.33333333,36.23809524,82.66666667,37.0,55.41666667,66.04761905,67.2,57.80952381,55.45833333,33.0,78.58333333,,82.33333333,44.647486772499995,59.8249999990909
1515,2016-02-17,0.8000192004608111,,3.748491232279008,,0.9582766352990782,,2.300818927193872,,,,11.266484274804574,,7.041787858411974,,12.040538186438766,,5.416146023673482,,,,15.640477555914707,,4.350127241221807,,7.190404681506555,,10.781209385855053,0.02181168621160614,9.361915260624018,,,,5.931388966472851,0.06499680501432982,35.75,,21.125,,26.08333333,56.0,29.25,5e-324,41.25,42.91666667,18.45,64.77777778,22.625,56.69565217,19.5,83.45833333,28.16666667,41.41666667,45.79166667,62.79166667,39.625,35.58333333,8.3125,93.73333333,,76.41666667,27.994097222500002,55.799099692727275
1516,2016-02-18,1.6000384009216222,,6.4973848026169465,,0.7187074764743087,,2.1364747181085955,,,,13.895330605592306,,7.299414243475827,,4.6112699437425055,0.03783490623910808,3.4466383787013064,,,,14.817294526656035,,5.075148448092107,,10.785607022259834,,8.861267988374015,0.04362337242321227,8.191675853046016,,4.3276200734252885,,5.684714945182865,0.06650543491795062,43.79166667,,25.5,,37.79166667,73.875,38.73611111,0.0,40.33333333,54.0,35.08333333,74.625,,,29.66666667,79.79166667,32.08333333,61.875,56.25,65.79166667,52.33333333,58.70833333,27.83333333,90.54166667,,81.625,38.127525251818184,64.083333334
1517,2016-02-19,2.2667210679722984,,3.9983906477642734,,0.9582766352990782,,3.6155725998760846,,,,9.764286371497297,0.027732037901623617,7.986417936979432,,7.941631569778763,,3.9390152899443502,,,,14.268505840483591,,1.4500424137406018,,8.296620786353719,,8.713580188567782,0.02181168621160614,8.191675853046016,,7.2127001223754785,,5.774414589288317,0.06373961342797914,44.16666667,,32.0,,38.125,74.70833333,39.40277778,0.0,47.04166667,62.83333333,35.75,82.25,,,23.7,94.35,34.83333333,68.375,60.41666667,79.66666667,48.52083333,63.375,26.41666667,97.70833333,,84.25,39.12487373818181,70.75166666599999
1518,2016-02-20,3.2000768018432444,,4.2482900632495415,,1.437414952948617,,,,,,8.262088468190019,,9.016923477234846,,7.1730865791550125,,1.4224221880354595,,0.4100276358626571,,10.701379380362694,,4.350127241221807,,4.70141844560044,,9.156643587986485,0.04362337242321227,16.851447469123233,,2.1638100367126443,,5.112879714010624,0.06474536669705969,42.75,,27.47826087,,39.33333333,73.0,40.84722222,0.0,41.375,54.95833333,38.41666667,71.33333333,,,34.0,94.04166667,31.33333333,56.66666667,59.69565217,69.09523809999999,48.60416667,60.75,28.54166667,96.375,,74.91666667,39.30684562999999,65.113690477
1519,2016-02-21,1.8667114677418928,,7.496982464558015,,0.2395691588247696,,2.9581957635349783,,,,7.698764254449793,,7.299414243475827,,6.148359924990009,,2.0242161906658467,,0.4100276358626571,,15.640477555914707,,5.075148448092107,,6.913850655294765,,10.63352158604882,0.04362337242321227,12.638585601842426,,0.24042333741251604,,5.236216724655618,0.05732793633759072,59.83333333,,39.91666667,,48.25,74.16666667,51.75,0.0,68.95833333,44.25,49.41666667,74.0,,,43.125,87.78260870000001,43.54166667,57.54166667,73.79166667,65.0,62.14583333,53.70833333,39.25,92.0,,74.77272727,52.725378788181814,62.322200264
1520,2016-02-22,2.8000672016128387,,5.997585971646413,,1.6769841117733868,,2.9581957635349783,,,,10.139835847324118,,10.734432710993863,,12.296719849980018,0.03783490623910808,4.704934929655751,,,,25.518673907018727,,6.5251908618327095,,11.338715074683414,,12.110399584111152,0.04362337242321227,8.893819497592819,,0.7212700122375479,,7.276883628054595,0.05871084708257645,49.52380952,,,,46.47619048,71.16666667,47.95238095,0.0,62.14285714,44.54166667,43.04761905,64.375,,,38.42857143,83.28571429,40.0,59.16666667,62.42857143,69.75,56.19047619,56.70833333,33.52380952,89.59090909,,76.29166667,47.97142857099999,61.48766233900001
1521,2016-02-23,3.2000768018432444,,4.9979883097053435,,2.874829905897234,,5.0946704816435755,,,,15.585303246812995,0.08319611370487084,10.219179940866157,,10.503448205191264,,4.540809292574737,0.01615956948819429,,,22.500336133070284,,3.625106034351505,,11.338715074683414,,11.667336184692454,,8.191675853046016,,,,7.344158361133683,0.08159173395415871,41.58333333,,32.875,,40.25,49.125,39.61805556,0.0,57.80952381,37.73913043,38.41666667,46.125,,,42.13043478,65.04545455,44.16666667,34.54166667,71.33333333,65.91666667,52.33333333,40.83333333,30.34782609,56.9,,58.69565217,44.62401577909091,45.492190382
1522,2016-02-24,4.000096002304057,0.03938435850626645,5.497787140675879,,2.3956915882476957,,5.9163915270699565,,,,15.397528508899589,,8.244044322043287,,4.355088280201256,,3.8843067442506793,0.008079784744097145,,,23.32351916232895,,4.350127241221807,,14.933917415436692,,18.0179115763605,,7.021436445468013,,7.933970134613028,,7.78144412614775,0.08234604890596912,46.63636364,,35.91666667,,37.66666667,70.83333333,37.91666667,5e-324,48.70833333,64.25,39.04166667,74.41666667,,,32.95833333,99.29166667,40.20833333,58.75,49.26315789,75.41666667,44.6875,61.33333333,29.54166667,104.1304348,,75.54166667,40.231395897272726,68.396376814
1523,2016-02-25,2.400057601382433,,3.748491232279008,,2.635260747072465,,5.423358899814127,,,,16.524176936380037,0.027732037901623617,7.986417936979432,,10.759629868732517,,3.391929833007635,,,,17.835632300604487,,7.25021206870301,,15.210471441648483,,16.245657978685696,,7.255484326983613,,5.529736760487868,0.035507593724526214,7.355370816646864,0.08724909609273675,46.95833333,,32.75,,42.41666667,75.9,42.36111111,5e-324,52.70833333,71.75,40.5,70.5,,,31.41666667,85.20833333,39.45833333,65.5,54.75,65.41666667,48.0,66.6,30.54166667,92.61904762,,76.43478261,41.987373737272726,66.99288302299999
1524,2016-02-26,3.2000768018432444,,4.498189478734808,,2.156122429422926,,5.259014690728852,,,,21.03077064630187,,10.648557249305913,,10.759629868732517,,3.391929833007635,0.01615956948819429,,,22.500336133070284,,4.350127241221807,,13.82770131058953,,14.473404381010893,0.02181168621160614,10.53215466820202,,7.453123459787995,,8.241154802188179,0.08247176806460417,52.58333333,,34.91666667,82.0,44.04166667,68.70833333,44.73611111,0.0,55.79166667,61.33333333,40.125,70.95833333,,,33.20833333,81.95833333,40.95238095,56.7,54.54166667,61.16666667,49.10416667,62.33333333,31.125,97.72727273,,73.95833333,43.73872655181818,65.16763085272727
1525,2016-02-27,2.8000672016128387,,0.9995976619410686,,1.6769841117733868,,4.272949436217191,,,,15.585303246812995,,6.0971577798445145,,3.3303616260362547,,0.8753367310987444,,0.4100276358626571,,18.11002664369072,,6.5251908618327095,,8.296620786353719,,9.00895578818025,,14.979064416998426,,1.20211668706258,,5.348341279787429,0.0924035815967745,30.91666667,,23.20833333,60.75,31.625,52.66666667,33.08333333,0.0,34.20833333,47.25,29.5,50.20833333,,,24.625,61.33333333,27.95833333,47.20833333,46.95238095,62.77777778,32.97916667,56.91666667,21.66666667,65.375,,55.04761905,30.61120129818181,50.86670274181818
1526,2016-02-28,2.0000480011520283,,7.746881880043283,,2.3956915882476957,,1.6434420908527656,,,,15.209753770986175,,9.961553555802304,,7.941631569778763,,2.352467464827876,0.01615956948819429,0.4100276358626571,,21.67715310381161,,9.425275689313912,,3.8717563669650685,,15.064155580235827,,9.127867379108418,,0.7212700122375479,,6.592923841750543,0.05996803866892712,35.19047619,,25.47619048,38.04166667,34.04761905,34.41666667,36.71428571,0.0,40.38095238,18.08695652,33.23809524,31.625,34.28571429,,33.61904762,46.125,29.28571429,26.625,51.52380952,31.04166667,39.97619048,27.16666667,23.42857143,45.68181818,,37.29166667,34.76388889,30.55473709545455
1527,2016-02-29,4.13343253571419,0.03938435850626645,2.9987929858232065,,0.9582766352990782,,3.451228390790808,,,,19.528572742994594,,12.967194714880586,,11.528174859356264,,4.431392201187394,0.008079784744097145,,,18.384420986776934,,4.350127241221807,,13.82770131058953,,16.245657978685696,0.02181168621160614,9.361915260624018,,7.2127001223754785,,8.431766545912257,0.0739228652774196,,,,,,,,,,,,,,,,,,,,,,,,,,,,
1528,2016-03-01,3.0667402684331093,,5.24788772519061,,0.9582766352990782,,8.381554663349105,,,,17.83860010177391,,12.623692868128787,,1.0247266541650015,,2.790135830377248,0.02423935423229144,,,21.402758760725387,,7.25021206870301,,12.721485205742367,,15.211843380042062,,7.489532208499213,,6.972276784962963,,7.78144412614775,0.09454080729357063,24.625,,16.45833333,47.375,,46.70833333,23.54166667,0.0,27.29166667,30.25,20.16666667,42.0,20.08333333,38.45833333,21.04166667,,17.66666667,39.58333333,,,27.04166667,45.25,13.625,61.14285714,,39.16666667,21.154166668000002,38.99345238
1529,2016-03-02,3.2000768018432444,,3.748491232279008,,0.7187074764743087,,7.066800990666892,,,,15.585303246812995,,8.759297092170993,,12.296719849980018,,3.391929833007635,,0.4100276358626571,,12.896534125052474,,5.075148448092107,,7.743512733930137,,12.110399584111152,,6.787388563952413,,5.048890085662835,,6.67141103034281,0.08724909609273675,34.125,,27.70833333,69.75,30.54166667,53.08333333,30.65277778,0.0,32.08333333,32.33333333,32.91666667,55.29166667,24.7826087,47.45454545,26.91666667,71.29166667,29.29166667,43.41666667,40.86956522,35.63157895,39.1875,30.41666667,21.95652174,78.91304348,,63.1,30.91935889833334,48.390208435000005
1530,2016-03-03,3.6000864020736496,,5.24788772519061,,1.1978457941238478,,7.395489408837445,,,,13.519781129765489,,9.102798938922797,,10.247266541650015,,3.4466383787013064,0.008079784744097145,,,15.366083212828483,,4.350127241221807,,9.955944943624461,,7.5320777901179135,,9.127867379108418,,10.81905018356322,,6.862022774066893,0.07480289938786508,22.66666667,,20.95833333,56.41666667,14.78947368,45.20833333,23.90277778,0.0,30.375,28.875,24.95833333,44.66666667,24.29166667,,23.79166667,60.625,21.0,37.20833333,44.20833333,32.29166667,28.91666667,31.91666667,20.79166667,66.79166667,,32.875,25.054215400000004,39.715909091818176
1531,2016-03-04,3.733422935483785,,3.2486924013084733,,1.437414952948617,,3.1225399726202547,,,,17.6508253638605,,8.58754616879509,,3.0741799624950046,,4.048432381331693,0.008079784744097145,,,16.738054928259597,,5.075148448092107,,8.020066760141928,,5.907511992249344,,8.425723734561616,,6.010583435312897,,6.0995757991705695,0.07694012508466122,34.0,,32.79166667,63.625,34.25,46.66666667,32.25,0.0,32.89583333,39.04166667,32.95833333,43.91666667,31.0,45.91304348,21.375,60.375,34.54166667,44.20833333,34.83333333,46.79166667,34.22916667,45.75,24.54166667,65.52173913,30.04166667,62.5,31.51602564153846,47.02581521833334
1532,2016-03-05,1.8667114677418928,0.019692179253133223,1.7492959083968702,,1.1978457941238478,,2.793851554449702,,,,17.6508253638605,0.027732037901623617,5.8395313947806615,,7.685449906237513,,1.039462368179759,,0.8200552717253142,,8.780618978759135,,2.1750636206109037,,2.7655402621179057,,5.169072993218176,,8.893819497592819,,,,4.193458361929767,0.06839122229747664,58.70833333,,50.08695652,102.80952380000001,55.70833333,84.125,57.0,0.0,62.41666667,84.04166667,53.91666667,88.33333333,54.0,69.04166667,36.04166667,92.54166667,52.66666667,82.08333333,66.04166667,75.38095238,63.85416667,74.91666667,46.875,102.70833329999999,56.875,82.54166667,54.93777870769231,78.21031745750001
1533,2016-03-06,1.6000384009216222,,4.498189478734808,,1.1978457941238478,,4.437293645302467,,,,17.08750115012027,,8.158168860355335,,6.6607232520725095,,1.3130050966481168,0.03231913897638858,,,10.975773723448915,,3.625106034351505,,3.5952023407532776,,7.089014390699212,,9.83001102365522,,2.8850800489501918,,5.135304625036987,0.04701896532951519,36.61904762,,28.23809524,47.16666667,31.23809524,40.125,34.38095238,0.0,39.42857143,47.70833333,28.66666667,35.625,30.57142857,30.0,19.0,42.58333333,25.42857143,40.25,54.71428571,33.08333333,42.71428571,35.54166667,31.45238095,49.5,42.42857143,34.875,34.22161172153846,36.3715277775
1534,2016-03-07,2.8000672016128387,,3.2486924013084733,,2.156122429422926,,3.1225399726202547,,,,17.83860010177391,,8.673421630483041,,2.817998298953753,,3.5013469243949777,,,,19.481998359121828,,6.5251908618327095,,13.274593258165948,,16.393345778491927,0.02181168621160614,11.00025043123322,,6.731853447550447,,7.254458717028233,0.05757937465486085,47.66666667,,42.52380952,29.08333333,44.66666667,22.29166667,45.23809524,0.0,50.61904762,18.30434783,42.71428571,22.41666667,41.38095238,21.95833333,39.33333333,27.95833333,42.14285714,20.125,49.33333333,13.70833333,51.52380952,18.91666667,37.404761900000004,30.54166667,,17.86363636,44.545634919166666,20.263998682500002
1535,2016-03-08,2.666730668202704,,3.748491232279008,,0.4791383176495391,,6.4094241543257855,,,,14.834204295159356,,7.900542475291482,,5.892178261448757,,2.352467464827876,,0.4100276358626571,,12.347745438880036,,3.625106034351505,,9.40283689120088,,8.418204588955316,0.04362337242321227,11.00025043123322,,6.731853447550447,,5.942601421986033,0.08134029563688858,41.5,,31.25,41.75,35.79166667,35.0,37.81944444,5e-324,44.54166667,26.08333333,31.58333333,30.75,32.0,25.5,35.0,44.75,29.89473684,25.5,40.41666667,27.29166667,46.39583333,28.375,29.33333333,46.54166667,34.79166667,29.75,36.17833445769231,30.107638889166665
1536,2016-03-09,1.6000384009216222,,2.9987929858232065,,0.4791383176495391,,2.1364747181085955,,,,12.017583226458216,,4.465524007773447,,7.685449906237513,,3.282512741620292,,,,12.347745438880036,,4.350127241221807,,6.913850655294765,,9.599706987405183,,5.14905339334321,,0.24042333741251604,,4.5858943048911085,0.0666311540765857,21.66666667,,16.08333333,23.70833333,20.625,18.66666667,20.23611111,0.0,31.66666667,14.95652174,20.16666667,17.79166667,22.83333333,14.04166667,17.77777778,,18.375,17.33333333,29.25,16.86956522,28.47916667,16.45833333,20.89583333,21.54166667,21.79166667,15.0,22.29594017153846,16.03343214818182
1537,2016-03-10,2.5333941347925686,,2.9987929858232065,,0.4791383176495391,,3.1225399726202547,,,,12.017583226458216,,3.3491430058300846,,3.0741799624950046,,1.3130050966481168,,,,11.250168066535142,,5.800169654962407,,5.807634550447602,,3.3968193955433734,,5.14905339334321,,4.3276200734252885,,3.632835586270706,0.05141913588174255,40.875,,24.625,,37.66666667,41.70833333,39.79166667,0.0,34.27083333,30.2173913,32.95833333,18.0,16.66666667,30.66666667,27.55555556,,28.625,36.375,36.95833333,23.95833333,42.35416667,31.66666667,30.04166667,,35.33333333,34.08333333,32.901709402307695,27.408413847777776
1538,2016-03-11,1.6000384009216222,,2.249094739367405,,1.6769841117733868,,3.1225399726202547,,,,11.266484274804574,,6.011282318156563,,5.892178261448757,,1.6959649165038175,,,,6.585464234069352,,2.9000848274812037,,3.8717563669650685,,8.713580188567782,0.02181168621160614,4.680957630312009,,5.048890085662835,,4.182245906416584,0.04073300739776182,16.83333333,,12.125,45.08695652,14.45833333,28.16666667,14.40277778,0.0,19.25,21.375,10.68181818,28.85,13.16666667,23.30434783,16.79166667,,13.875,24.20833333,26.125,24.625,21.54166667,21.22222222,12.625,36.79166667,19.5,31.0,16.25971251,25.87547211272727
1539,2016-03-12,1.7333749343317573,,2.74889357033794,,0.9582766352990782,,2.4651631362791484,,,,10.703160061064343,,5.496029548028859,,2.817998298953753,,1.4771307337291313,,1.6401105434506285,,3.841520803207121,,7.975233275573308,,4.4248644193886495,0.04084365565877481,6.793638791086748,0.02181168621160614,6.553340682436812,,2.1638100367126443,,3.7001103193497937,0.04689324617088012,23.79166667,,17.875,46.625,18.66666667,35.125,21.15277778,0.0,22.47916667,21.45833333,19.41666667,37.20833333,18.70833333,30.33333333,21.70833333,,16.45833333,27.08333333,36.45833333,13.33333333,27.33333333,,17.79166667,47.86363636,25.16666667,32.41666667,22.077457265384616,29.144696967999995
1540,2016-03-13,1.0666922672810817,,5.497787140675879,,0.7187074764743087,,2.4651631362791484,,,,13.14423165393867,,8.415795245419188,,7.685449906237513,,0.6017940026303868,,1.2300829075879711,,5.762281204810683,,7.25021206870301,,5.807634550447602,,5.759824192443111,,8.425723734561616,,0.48084667482503207,,4.361645194627484,0.04148732234957223,65.08333333,,47.125,56.875,55.125,44.75,56.63888889,0.0,77.375,31.70833333,53.95833333,44.45833333,11.83333333,,45.54166667,51.43478261,51.75,44.33333333,72.875,,85.25,43.29166667,41.04166667,57.56521739,,41.08695652,55.29976851833333,41.550362318
1541,2016-03-14,2.0000480011520283,,3.9983906477642734,,0.7187074764743087,,3.451228390790808,,,,15.585303246812995,,6.698286011660169,,7.429268242696263,,3.391929833007635,,1.2300829075879711,,13.445322811224926,,6.5251908618327095,,8.020066760141928,,10.485833786242583,,8.425723734561616,,9.136086821675606,,6.077150888144207,0.0489047527090412,69.08333333,,48.66666667,70.375,52.91666667,62.45833333,53.25,0.0,78.91666667,45.33333333,54.0,58.0,,,42.83333333,69.41666667,60.16666667,52.33333333,71.69565217,,78.58333333,42.08333333,42.08333333,77.75,,48.15,59.29051383363637,52.58999999900001
1542,2016-03-15,1.2000288006912163,,1.9991953238821367,,,,3.9442610180466375,,,,10.327610585237526,,5.581905009716809,,4.355088280201256,,1.7506734621974889,,,,7.408647263328017,,2.9000848274812037,,4.977972471812231,,6.941326590892979,0.02181168621160614,10.53215466820202,,5.7701600979003835,,4.204670817442948,0.0681397839802065,,,41.04166667,74.08333333,45.29166667,48.83333333,49.30555556,0.0,69.04166667,33.33333333,45.54166667,46.16666667,,,43.875,59.16666667,45.66666667,45.5,67.83333333,29.33333333,68.25,34.95238095,35.375,61.86363636,51.83333333,42.20833333,51.18686868818182,43.221910663636365
1543,2016-03-16,1.7333749343317573,,1.2494970774263359,,,,3.1225399726202547,,,,6.572115826969335,,6.354784164908367,,3.8427249531187564,,1.5865478251164744,,1.6401105434506285,,7.957435949500465,,3.625106034351505,,10.785607022259834,0.04084365565877481,4.873697393605709,,7.723580090014813,,5.529736760487868,,3.991634162692505,0.04714468448815026,,,40.70833333,77.70833333,48.45833333,52.625,51.29166667,0.0,58.45833333,42.04166667,46.375,51.45833333,43.25,45.20833333,36.0,61.42857143,45.43478261,47.94736842,64.33333333,40.875,61.29166667,43.33333333,34.91666667,65.58333333,46.25,51.29166667,48.06400966166667,48.291744986666664
1544,2016-03-17,0.8000192004608111,,1.9991953238821367,,2.3956915882476957,,3.451228390790808,,,,12.205357964371624,,7.471165166851728,,6.148359924990009,,2.0242161906658467,,0.4100276358626571,,11.250168066535142,,4.350127241221807,,8.573174812565508,,5.464448592830643,0.04362337242321227,6.319292800921213,,4.087196736012772,,4.686806404509738,0.04475602047408398,,,43.80952381,71.83333333,39.93333333,52.75,49.58730159,0.0,61.0952381,42.45833333,51.095238099999996,51.66666667,48.85714286,49.95833333,46.23809524,67.20833333,46.80952381,46.58333333,62.14285714,55.29166667,55.71428571,43.75,40.0,73.5,49.25,57.22727273,49.544378307500004,51.01893939333334
1545,2016-03-18,2.0000480011520283,,2.249094739367405,,0.2395691588247696,,2.793851554449702,,,,11.454259012717984,0.027732037901623617,7.041787858411974,,4.098906616660007,,1.9147990992785042,0.008079784744097145,,,3.841520803207121,,0.7250212068703009,,5.531080524235811,,8.418204588955316,0.02181168621160614,6.553340682436812,,,,3.991634162692505,0.05255060830945815,,,24.25,53.41666667,29.58333333,41.29166667,30.34722222,0.0,35.125,29.66666667,26.0,40.20833333,21.3,40.66666667,29.45833333,45.125,22.95833333,34.54166667,48.5,22.45,39.5625,33.41666667,20.45833333,62.0,40.0,34.0,30.628587961666668,36.3986111125
1546,2016-03-19,0.6666826670506759,,3.748491232279008,,0.4791383176495391,,2.793851554449702,,,,8.82541268193025,,3.77852031426984,,3.5865432895775053,,1.3677136423417882,0.03231913897638858,0.8200552717253142,,14.817294526656035,,2.1750636206109037,,1.1062161048471624,,4.726009593799477,,6.553340682436812,,0.24042333741251604,,3.2852494653620896,0.04475602047408398,,,19.75,34.13636364,26.625,20.5,28.59722222,0.0,26.29166667,18.75,24.25,17.83333333,24.70833333,19.75,24.41666667,24.14285714,18.79166667,18.52380952,36.83333333,12.16666667,30.45833333,14.95652174,18.20833333,34.85714286,32.125,17.86956522,25.921296295833333,19.457188343333335
1547,2016-03-20,1.466701867511487,0.03938435850626645,3.2486924013084733,,0.4791383176495391,,2.1364747181085955,,,,8.262088468190019,,5.410154086340908,,5.892178261448757,,2.0242161906658467,0.02423935423229144,,,6.0366755478969045,,2.9000848274812037,,3.8717563669650685,,5.021385193411943,,7.021436445468013,,0.48084667482503207,,3.4982861201125326,0.03683571348007473,,,20.58333333,58.20833333,26.45833333,47.33333333,26.51388889,5e-324,35.16666667,39.5,22.75,44.70833333,23.20833333,40.83333333,19.875,49.625,25.20833333,43.54166667,32.25,32.95833333,29.0625,45.08333333,19.0,60.54166667,26.45833333,43.95833333,25.544560184166667,42.19097222083334
1548,2016-03-21,2.2667210679722984,0.03938435850626645,4.2482900632495415,,0.2395691588247696,,1.3147536726822129,,,,8.44986320610343,,4.894901316213201,,5.892178261448757,,1.1488794595671021,0.008079784744097145,0.4100276358626571,,9.603802008017805,,2.1750636206109037,0.4283071474221396,5.807634550447602,,4.726009593799477,,5.851197037890012,,1.6829633618876116,0.035507593724526214,3.5094985756257127,0.03922437749414102,,,18.5,59.625,20.33333333,46.29166667,21.65277778,0.0,21.33333333,36.375,18.29166667,44.54166667,17.33333333,35.91666667,17.91666667,45.04347826,20.04166667,43.33333333,29.20833333,29.16666667,21.35416667,52.75,14.95833333,61.04166667,22.45833333,33.625,20.281828703333332,40.642512078333326
1549,2016-03-22,1.2000288006912163,,2.249094739367405,,0.2395691588247696,,3.6155725998760846,,,,8.262088468190019,,6.6124105499722186,,3.8427249531187564,,1.9147990992785042,0.008079784744097145,,,3.292732117034676,,2.1750636206109037,,4.14831039317686,,5.464448592830643,,4.4469097487964095,,3.3659267237752233,,3.4982861201125326,0.039350096652776084,,,22.54166667,64.52380952,22.45833333,51.20833333,24.40972222,0.0,25.25,39.0,20.91666667,49.75,21.0,44.41666667,14.52380952,53.0,20.91666667,48.0,37.29166667,33.41666667,28.9375,,16.16666667,62.59090909,26.20833333,47.08695652,23.385085979166664,44.81757652727273
1550,2016-03-23,0.9333557338709464,,2.9987929858232065,,0.9582766352990782,,2.300818927193872,,,,10.890934798977757,,3.77852031426984,,6.91690491561376,,2.8995529217645912,,1.2300829075879711,,11.798956752707586,,4.350127241221807,,4.70141844560044,,5.31676079302441,,4.9150055118276095,,2.40423337412516,,3.9804217071793233,0.03922437749414102,,,18.85714286,61.29166667,17.904761899999997,40.17391304,19.68253968,0.0,22.19047619,27.33333333,17.57142857,36.0,17.33333333,42.45833333,15.80952381,57.25,16.0,35.875,36.61904762,24.375,25.38095238,,14.80952381,69.0,27.04761905,32.34782609,20.767195766666667,38.73682476909091
1551,2016-03-24,1.0666922672810817,,4.2482900632495415,,0.7187074764743087,,2.1364747181085955,,,,11.266484274804574,,4.379648546085496,,6.6607232520725095,,1.6959649165038175,,,,11.524562409621366,,2.1750636206109037,,4.14831039317686,0.04084365565877481,8.418204588955316,0.02181168621160614,7.489532208499213,,2.644656711537676,,4.1373960843638615,0.044630301315448914,,,16.70833333,42.29166667,18.83333333,26.54166667,21.375,0.0,20.95833333,14.95833333,17.375,28.08333333,18.29166667,33.58333333,19.125,51.16666667,14.41666667,21.33333333,30.58333333,17.72727273,20.5,,13.95833333,49.59090909,23.375,26.70833333,19.624999999166665,28.362258952727277
1552,2016-03-25,1.2000288006912163,,2.249094739367405,,0.4791383176495391,,1.3147536726822129,,,,8.44986320610343,,5.581905009716809,,8.197813233320014,,1.2035880052607737,,,,7.134252920241798,,2.9000848274812037,,3.8717563669650685,,3.8398827949620737,,5.851197037890012,,2.8850800489501918,,3.352524198441177,0.046390369536339855,,,20.875,37.83333333,20.58333333,26.79166667,21.625,0.0,25.625,15.66666667,20.41666667,26.77272727,20.0,26.75,17.375,38.5,20.04166667,21.08333333,30.83333333,13.08695652,26.5,18.91666667,16.29166667,36.70833333,22.54166667,26.56521739,21.89236111166667,24.056241765
1553,2016-03-26,2.133384534562163,,0.9995976619410686,,1.1978457941238478,,2.4651631362791484,,,,5.633242137402287,,5.581905009716809,,3.0741799624950046,,1.5318392794228028,,,,6.311069890983127,,1.4500424137406018,,3.5952023407532776,,6.793638791086748,,8.425723734561616,,0.48084667482503207,,3.3300992874148148,0.037590028431885136,,,24.45833333,20.29166667,21.08333333,15.95833333,24.88888889,0.0,29.625,15.26086957,21.91666667,13.29166667,20.45833333,15.95833333,18.625,21.69565217,22.375,12.375,34.70833333,19.20833333,27.625,14.375,18.16666667,22.45833333,28.54166667,20.25,24.372685184999998,15.926932366666664
1554,2016-03-27,1.2000288006912163,,2.74889357033794,,0.7187074764743087,,2.1364747181085955,,,,6.196566351142516,,5.152527701277054,,4.6112699437425055,,0.6017940026303868,0.008079784744097145,,,3.0183377739484523,,2.1750636206109037,,3.0420942883296966,,5.021385193411943,,5.617149156374412,,4.8084667482503205,,2.926450888940292,0.037338590114615,,,31.125,30.5,34.41666667,21.91666667,34.59722222,0.0,43.75,18.22727273,35.45833333,22.41666667,30.20833333,24.95833333,26.45833333,33.83333333,33.25,17.45833333,45.70833333,23.91666667,38.75,20.52173913,25.83333333,34.95238095,32.73913043,34.22727273,34.3578904975,23.577388795
1555,2016-03-28,1.466701867511487,,0.7496982464558015,,1.437414952948617,,2.793851554449702,,,,7.323214778622973,,4.809025854525251,,4.6112699437425055,,1.4224221880354595,,,,10.426985037276474,,3.625106034351505,,3.5952023407532776,,5.612136392636877,0.02181168621160614,6.319292800921213,,0.7212700122375479,,3.363736653954358,0.03281270040375258,,,26.375,51.16666667,32.95833333,35.16666667,30.875,5e-324,31.41666667,31.875,32.58333333,29.875,29.83333333,32.375,19.625,48.29166667,18.84210526,29.42857143,46.66666667,31.33333333,38.83333333,30.20833333,22.25,52.56521739,36.5,45.5,30.563230993333335,34.81545462416667
1556,2016-03-29,1.466701867511487,,1.9991953238821367,,1.437414952948617,,3.1225399726202547,,,,9.01318741984366,,5.238403162965005,,5.635996597907507,,0.7659196397114014,,,,8.231830292586688,,,,6.084188576659392,0.04084365565877481,6.350575391668045,,4.9150055118276095,,7.453123459787995,,3.7673850524288817,0.0377157475905202,,,20.88235294,63.05,29.80952381,36.0,30.15873016,0.0,40.14285714,20.79166667,26.95238095,31.125,27.80952381,29.75,19.71428571,43.54166667,26.28571429,28.04166667,46.28571429,23.875,38.19047619,25.29166667,21.71428571,49.34782609,37.80952381,37.65217391,30.479614067499995,32.37222222333333
1557,2016-03-30,,,1.2494970774263359,,0.2395691588247696,,3.1225399726202547,,,,5.8210168753156974,,4.894901316213201,,3.3303616260362547,0.03783490623910808,1.2582965509544453,,0.4100276358626571,,8.780618978759135,,5.075148448092107,,9.12628286498909,,5.612136392636877,,5.617149156374412,,4.8084667482503205,,3.4085864760070828,0.04224163730138263,,,25.95,44.9,30.91666667,34.375,33.47916667,0.0,44.20833333,24.45833333,29.83333333,31.54166667,30.20833333,32.41666667,25.91304348,48.80952381,28.33333333,32.66666667,52.625,30.0,44.02083333,26.16666667,,,38.75,41.75,34.930731224545454,31.553138529090912
1558,2016-03-31,0.8000192004608111,,1.7492959083968702,,0.7187074764743087,,3.451228390790808,,,,4.506593709921829,,5.581905009716809,,3.0741799624950046,,1.4224221880354595,,,,9.878196351104023,,1.4500424137406018,,5.531080524235811,,4.873697393605709,,6.553340682436812,,4.568043410837803,,3.3861615649807204,0.03821862422506047,,,31.75,58.79166667,36.04166667,46.58333333,39.27777778,0.0,48.375,31.79166667,34.83333333,38.79166667,34.91304348,37.26086957,26.66666667,54.45833333,33.66666667,37.41666667,57.375,40.125,42.47916667,32.91666667,,26.0,40.25,49.70833333,38.693483751818185,37.820350242500005
1559,2016-04-01,0.2666730668202704,,1.7492959083968702,,0.9582766352990782,,1.8077862999380423,,,,3.3799452824413723,,5.152527701277054,,4.6112699437425055,,1.8053820078911604,,0.4100276358626571,0.06055607940030736,9.603802008017805,,1.4500424137406018,,5.531080524235811,,4.578321793993243,,6.787388563952413,,1.9233866993001283,,3.1282750881775536,0.037967185907790336,8.041666667000001,,6.041666667,67.08333333,,63.66666667,9.4375,0.0,10.16666667,39.26086957,8.375,61.875,9.625,63.41666667,9.5,27.0,6.541666667,54.33333333,,,16.22916667,52.5,6.0,,,46.125,8.9958333341,47.526086957000004
1560,2016-04-02,,,1.2494970774263359,,0.2395691588247696,,0.8217210454263828,,,,3.9432694961816015,,4.379648546085496,,1.280908317706252,,0.4376683655493722,,0.8200552717253142,,3.5671264601208983,,1.4500424137406018,,2.2124322096943247,,2.3630047968997383,,6.787388563952413,,1.4425400244750959,,1.9285423482671653,0.035075645259183795,39.04761905,,25.66666667,116.0,32.04761905,105.91666670000001,35.65079365,0.0,42.95238095,71.91666667,31.05555556,103.66666670000001,31.19047619,80.75,29.19047619,102.875,30.52380952,81.0,50.23809524,77.45833333,45.76190476,76.91666667,27.0,126.75,,93.08333333,35.0271164025,86.36111111666666
1561,2016-04-03,0.6666826670506759,,0.9995976619410686,,0.4791383176495391,,0.3286884181705532,,,,2.628846330787734,,5.410154086340908,,0.7685449906237511,,0.4376683655493722,,,,4.390309489379567,,0.7250212068703009,,0.8296620786353718,,7.236702190505446,,5.14905339334321,,0.48084667482503207,,2.175216369557152,0.021623695285231583,30.29166667,,26.25,39.65217391,30.25,25.625,28.43055556,5e-324,39.08695652,25.54545455,24.57894737,26.55555556,27.58333333,,24.25,29.45833333,29.125,22.70833333,37.04166667,25.66666667,31.10416667,24.73684211,24.29166667,37.58333333,,26.0,29.356996621666664,25.775608435454547
1562,2016-04-04,5.6001344032256775,0.019692179253133223,1.2494970774263359,,0.4791383176495391,,,,,,3.567720020354782,,4.7231503928373,,4.867451607283757,,2.078924736359518,,,,10.426985037276474,,4.350127241221807,,6.637296629082974,,5.31676079302441,,6.319292800921213,,4.3276200734252885,,3.688897863836613,0.02438951677520307,77.2,,42.42857143,75.25,54.0,58.0,51.79365079,0.0,58.30952381,49.25,50.38095238,58.875,47.47619048,48.08333333,36.14285714,61.70833333,46.85714286,50.95833333,56.71428571,38.04166667,46.85714286,45.125,39.85714286,80.58333333,52.04761905,57.04166667,50.7742368746154,51.90972222166667
1563,2016-04-05,0.5333461336405407,,1.7492959083968702,,0.4791383176495391,,1.6434420908527656,,,,6.196566351142516,,4.894901316213201,,1.280908317706252,,0.8753367310987444,,,,12.622139781966254,,2.1750636206109037,,5.531080524235811,,3.8398827949620737,0.02181168621160614,6.0852449194056115,,5.7701600979003835,,3.1282750881775536,0.041361603190937166,71.57142857,,45.38095238,82.95833333,60.76190476,79.45833333,64.55555556,0.0,80.59523809999999,69.79166667,55.38095238,72.79166667,55.04761905,64.5,41.0,84.875,56.38095238,72.04166667,86.95238095,75.29166667,83.30952381,70.875,44.904761900000004,93.70833333,64.0,76.25,62.29548229538462,70.21180555583334
1564,2016-04-06,2.0000480011520283,,1.9991953238821367,,,,1.6434420908527656,,,,4.882143185748649,,5.066652239589104,,1.5370899812475023,,1.3130050966481168,0.02423935423229144,,,10.426985037276474,,0.7250212068703009,,4.4248644193886495,,3.69219499515584,,6.319292800921213,,6.491430110137931,,3.1619124547170965,0.035075645259183795,42.04166667,,32.79166667,37.70833333,37.625,26.91666667,39.66666667,0.0,37.41666667,25.125,35.25,26.58333333,35.66666667,26.54166667,21.66666667,39.125,34.73913043,20.1,50.58333333,23.54166667,42.89583333,20.54166667,33.0625,42.0,44.20833333,37.57894737,37.50877926461539,27.14685672583333
1565,2016-04-07,0.6666826670506759,,2.4989941548526717,,1.437414952948617,,0.9860652545116594,,,,4.31881897200842,,4.465524007773447,,2.817998298953753,,1.860090553584832,,0.4100276358626571,,7.957435949500465,,2.1750636206109037,,3.5952023407532776,,5.907511992249344,,5.617149156374412,,5.7701600979003835,,3.1506999992039155,0.03545280273508899,44.25,,39.08333333,43.125,43.54166667,35.83333333,43.73611111,0.0,49.64583333,27.52173913,40.58333333,35.66666667,40.20833333,28.54166667,40.375,38.08333333,39.41666667,40.33333333,50.04166667,15.70833333,48.45833333,23.54166667,34.60416667,44.625,,21.83333333,42.82870370333333,29.567783815833337
1566,2016-04-08,1.7333749343317573,,2.74889357033794,,0.9582766352990782,,1.8077862999380423,,,,3.755494758268192,,5.581905009716809,,2.3056349718712528,,1.9695076449721751,0.008079784744097145,,,8.231830292586688,,2.1750636206109037,,5.254526498024021,,6.350575391668045,0.02181168621160614,7.255484326983613,,5.048890085662835,,3.5431359421652573,0.03532708357645393,32.70833333,,24.375,29.54545455,29.75,23.08333333,31.41666667,0.0,36.41666667,17.54545455,28.83333333,19.81818182,28.29166667,20.16666667,26.875,30.20833333,27.41666667,20.16666667,37.782608700000004,21.26315789,38.4375,20.29166667,25.29166667,30.68181818,30.54166667,22.79166667,30.625905798461538,21.29686669416667
1567,2016-04-09,0.9333557338709464,,1.4993964929116033,,0.2395691588247696,,0.6573768363411063,,,,4.131044234095009,,3.177392082454184,,0.5123633270825008,,0.7659196397114014,0.01615956948819429,,,10.152590694190248,,2.9000848274812037,,2.4889862359061152,,3.1014437959309067,,3.744766104249607,,2.644656711537676,,2.141579003017608,0.039727254128681284,11.79166667,,7.083333333,18.5,10.25,13.20833333,11.5,5e-324,17.25,9.583333332999999,10.16666667,14.75,12.75,11.5,13.91666667,,10.41666667,13.125,18.04166667,5.916666667,21.1875,11.08333333,11.25,16.95833333,12.75,8.208333332999999,12.950320514076925,11.166666665727274
1568,2016-04-10,0.13333653341013518,,1.7492959083968702,,0.2395691588247696,,2.4651631362791484,,,,5.257692661575468,,1.803384695446969,,2.3056349718712528,,0.7659196397114014,,0.4100276358626571,,15.640477555914707,,5.800169654962407,,3.0420942883296966,,4.430633994187008,,4.680957630312009,,2.644656711537676,,2.6237145900843992,0.024012359299297858,24.79166667,,20.625,,27.54166667,37.25,28.42361111,0.0,25.60416667,30.04166667,26.95833333,,,29.0,32.625,,22.125,33.54166667,41.0,33.95833333,33.1875,29.75,20.69565217,,31.82608696,37.0,27.950306965,28.817708333749998
1569,2016-04-11,0.4000096002304056,,2.9987929858232065,,0.7187074764743087,,1.6434420908527656,,,,5.633242137402287,,6.0971577798445145,,2.3056349718712528,,1.5865478251164744,0.008079784744097145,,,8.780618978759135,,1.4500424137406018,,6.084188576659392,,3.9875705947683073,,6.319292800921213,,6.251006772725416,,3.397374020493902,0.02941828312060576,15.20833333,,10.2173913,35.25,13.875,19.66666667,13.65277778,0.0,18.66666667,19.0,12.625,21.375,11.04545455,18.76190476,14.5,,13.125,17.79166667,19.0,17.41666667,16.79166667,16.58333333,12.60416667,23.3,14.79166667,17.08333333,14.315624895384616,18.74805194818182
1570,2016-04-12,0.9333557338709464,,2.74889357033794,,0.2395691588247696,,2.4651631362791484,,,,6.3843410890559245,,4.809025854525251,,1.7932716447887531,,1.6959649165038175,,,,10.426985037276474,,3.625106034351505,0.2141535737110698,5.254526498024021,,3.9875705947683073,0.06543505863481841,5.14905339334321,,6.010583435312897,,3.3413117429279957,0.03809290506642541,14.45833333,,10.83333333,32.41666667,12.29166667,21.25,15.23611111,0.0,16.45833333,24.13636364,13.16666667,21.625,13.375,17.08333333,20.79166667,,11.70833333,20.0,28.04166667,9.083333332999999,20.9375,,11.66666667,30.33333333,22.54166667,17.04166667,16.26976495769231,19.2969696973
1571,2016-04-13,1.8667114677418928,,1.7492959083968702,,,,2.9581957635349783,,,,4.694368447835239,,4.379648546085496,,2.0494533083300035,,1.9695076449721751,,0.4100276358626571,,4.9390981755520125,,2.1750636206109037,,4.70141844560044,0.04084365565877481,5.464448592830643,,4.212861867280808,,4.8084667482503205,,3.061000355098466,0.03746430927325007,48.04166667,,40.58333333,78.54166667,42.20833333,55.375,43.24305556,5e-324,51.54166667,46.08333333,42.875,54.95,40.04166667,52.08333333,27.66666667,68.25,40.08333333,50.79166667,58.20833333,46.04166667,49.375,47.08333333,,79.58333333,44.0,67.33333333,43.989004630000004,53.843055555
1572,2016-04-14,1.466701867511487,,1.7492959083968702,,0.2395691588247696,,3.1225399726202547,,,,4.131044234095009,,4.7231503928373,,4.867451607283757,,1.8053820078911604,0.01615956948819429,,,4.390309489379567,,0.7250212068703009,,7.466958707718346,,3.3968193955433734,,5.14905339334321,,4.3276200734252885,,3.072212810611646,0.03432133030737339,43.79166667,,30.79166667,67.83333333,39.5,56.45833333,41.68055556,0.0,42.77083333,32.33333333,37.04166667,60.20833333,39.5,79.45833333,32.75,68.125,31.95833333,44.75,55.16666667,49.29166667,47.04166667,44.125,,73.78260870000001,44.875,66.375,40.572337964166664,53.56174516833334
1573,2016-04-15,1.2000288006912163,,1.9991953238821367,,0.9582766352990782,,1.3147536726822129,,,,9.200962157757068,,3.77852031426984,,2.3056349718712528,,2.13363328205319,0.008079784744097145,,,7.408647263328017,,0.7250212068703009,,4.4248644193886495,,5.169072993218176,,6.553340682436812,,4.568043410837803,,3.3188868319016334,0.03444704946600845,40.20833333,,31.91666667,66.29166667,36.95833333,49.95833333,39.40277778,0.0,46.375,34.0,33.5,50.29166667,34.45833333,44.91666667,27.625,63.375,35.16666667,38.95833333,56.0,38.66666667,47.27083333,38.875,,67.75,41.45833333,66.66666667,39.1950231475,46.64583333416667
1574,2016-04-16,0.4000096002304056,,1.7492959083968702,,0.4791383176495391,,1.6434420908527656,,,,5.069917923662059,,2.490388388950576,,4.867451607283757,,1.039462368179759,0.008079784744097145,0.4100276358626571,,10.975773723448915,,2.9000848274812037,,2.2124322096943247,,2.806068196318438,,4.212861867280808,,1.6829633618876116,,2.3882530243075943,0.037212870955979936,46.19047619,,35.904761900000004,57.5,41.68421053,48.22727273,43.6031746,0.0,49.33333333,39.79166667,42.0,44.75,41.71428571,46.91666667,29.52380952,64.125,39.904761900000004,40.54166667,59.1,47.8,51.38095238,45.70833333,,65.79166667,43.95238095,76.41666667,43.69101225083333,48.13074495083333
1575,2016-04-17,0.2666730668202704,,3.748491232279008,,,,2.1364747181085955,,,,2.628846330787734,,2.0610110805108217,,4.355088280201256,,0.9300452767924158,,0.4100276358626571,,6.859858577155572,,0.7250212068703009,,2.4889862359061152,,7.827453389730381,0.13087011726963682,6.319292800921213,,1.4425400244750959,,2.5115900349525875,0.026778180789269343,61.375,,51.95833333,59.5,54.66666667,54.16666667,53.875,0.0,61.64583333,44.5,53.45833333,55.375,50.16666667,57.70833333,35.95833333,66.95833333,49.45833333,47.45833333,60.95833333,51.29166667,56.5,47.83333333,,76.23809524,51.5,63.08333333,53.46006944333334,52.0094246025
1576,2016-04-18,0.4000096002304056,,2.249094739367405,,0.7187074764743087,,2.300818927193872,,,,6.3843410890559245,,5.8395313947806615,,3.5865432895775053,,2.188341827746861,0.008079784744097145,0.4100276358626571,,13.994111497397368,,1.4500424137406018,,7.743512733930137,,6.498263191474277,,5.851197037890012,,1.4425400244750959,,3.8346597855079683,0.028161091534255087,33.41666667,,27.04545455,63.85,22.04761905,55.2,28.49305556,0.0,38.14583333,48.04166667,31.33333333,54.66666667,27.16666667,54.5,19.58333333,64.95454545,27.25,51.54166667,51.08333333,47.25,43.5,48.83333333,,69.58333333,35.20833333,69.91666667,32.02280242916667,52.36148989916666
1577,2016-04-19,1.2000288006912163,,0.9995976619410686,,0.2395691588247696,,3.9442610180466375,,,,5.069917923662059,0.027732037901623617,5.066652239589104,,5.123633270825008,,1.9147990992785042,0.008079784744097145,,,12.347745438880036,,2.9000848274812037,,4.977972471812231,0.04084365565877481,5.169072993218176,,4.680957630312009,,4.087196736012772,,3.56556085319162,0.04299595225319303,34.0,,25.33333333,84.125,31.125,58.75,33.43055556,0.0,44.0,46.70833333,29.58333333,59.45833333,29.08333333,53.25,14.0,57.75,28.08333333,52.95833333,49.33333333,45.41666667,44.25,49.29166667,,82.95454545,36.20833333,47.25,33.202546295,53.159406565000005
1578,2016-04-20,0.4000096002304056,,0.9995976619410686,,0.4791383176495391,,2.1364747181085955,,,,7.135440040709564,,4.894901316213201,,3.5865432895775053,0.07566981247821616,2.0242161906658467,0.008079784744097145,,,12.347745438880036,,1.4500424137406018,,6.084188576659392,,5.31676079302441,,6.0852449194056115,,6.010583435312897,,3.632835586270706,0.03997869244595142,24.0,,17.33333333,61.5,25.45833333,47.875,27.43055556,0.0,31.41666667,39.75,20.20833333,54.58333333,22.75,43.75,,,18.20833333,50.83333333,41.19047619,39.85714286,39.10416667,40.04166667,,61.08333333,32.20833333,36.08333333,27.209866521818185,43.21428571363637
1579,2016-04-21,1.3333653341013518,,2.4989941548526717,,0.4791383176495391,,2.9581957635349783,,,,5.445467399488877,,3.091516620766233,,7.1730865791550125,,1.5318392794228028,,0.4100276358626571,,8.780618978759135,,0.7250212068703009,,1.9358781834825345,,3.3968193955433734,0.06543505863481841,3.978813985765208,,3.3659267237752233,,2.8703886113743846,0.04073300739776182,33.54166667,,26.08333333,40.625,34.83333333,33.375,34.41666667,5e-324,33.02083333,21.29166667,32.41666667,35.375,32.91666667,26.04166667,,,26.70833333,31.54166667,40.095238099999996,19.85,36.79166667,24.65,,46.5,32.91666667,18.43478261,33.06737013090908,27.062252965454547
1580,2016-04-22,0.8000192004608111,,2.4989941548526717,,0.9582766352990782,,1.6434420908527656,,,,4.694368447835239,,3.864395775957792,,,,1.9695076449721751,0.008079784744097145,0.4100276358626571,,8.231830292586688,,3.625106034351505,,3.318648314541487,0.12253096697632446,3.69219499515584,0.02181168621160614,4.680957630312009,,5.289313423075352,,2.81432633380848,0.03218410461057724,32.14285714,,23.28571429,45.29166667,30.61904762,33.70833333,30.12698413,0.0,36.83333333,24.5,27.52631579,35.75,20.44444444,34.0,19.66666667,35.95833333,25.71428571,30.25,46.85714286,20.86956522,39.28571429,21.0,28.92307692,44.60869565,35.80952381,25.41666667,30.556546692307695,29.279438405833332
1581,2016-04-23,0.6666826670506759,,2.74889357033794,,,,1.150409463596936,,,,3.3799452824413723,,2.4045129272626253,,2.0494533083300035,,0.5470854569367153,,0.4100276358626571,,12.347745438880036,,4.350127241221807,,2.4889862359061152,,2.953755996124672,,3.276670341218406,,0.24042333741251604,,2.0518793589121587,0.031555508817401906,20.52173913,,13.91666667,59.75,16.70833333,40.41666667,20.31944444,0.0,26.25,31.29166667,16.41666667,46.75,17.29166667,45.66666667,14.08333333,53.16666667,12.91666667,43.66666667,43.20833333,22.08333333,32.85416667,29.5,15.33333333,61.20833333,31.33333333,31.70833333,21.627206428461534,38.767361111666666
1582,2016-04-24,0.9333557338709464,0.019692179253133223,3.2486924013084733,,0.7187074764743087,,1.6434420908527656,,,,3.3799452824413723,,3.6926448525818887,,,,1.3130050966481168,,,,12.896534125052474,,3.625106034351505,,1.6593241572707436,,3.2491315957371394,0.02181168621160614,3.744766104249607,,0.9616933496500641,,2.4443153018735004,0.023006606030217328,32.70833333,,27.83333333,33.08333333,28.83333333,25.125,29.5,0.0,36.875,18.70833333,28.29166667,25.70833333,28.33333333,23.375,19.20833333,30.69565217,28.75,23.54166667,40.625,21.41666667,35.5625,15.47826087,24.70833333,38.4,33.875,22.81818182,30.39262820384615,23.195869015833335
1583,2016-04-25,0.9333557338709464,,2.4989941548526717,,0.2395691588247696,,2.1364747181085955,,,,7.510989516536382,,4.379648546085496,,3.8427249531187564,,1.7506734621974889,,1.2300829075879711,,7.957435949500465,,2.1750636206109037,,4.14831039317686,,6.793638791086748,0.02181168621160614,3.744766104249607,,3.60635006118774,,3.3188868319016334,0.027406776582444684,36.91304348,,27.79166667,48.41666667,30.58333333,31.45833333,32.86111111,0.0,39.14583333,18.875,32.20833333,32.16666667,31.16666667,26.83333333,21.58333333,39.45833333,29.95833333,29.95833333,48.57142857,,43.41666667,18.04166667,26.5,53.75,32.20833333,36.22727273,33.30062178076923,30.47141873272727
1584,2016-04-26,0.4000096002304056,,2.74889357033794,,0.4791383176495391,,5.587703108899404,,,,5.445467399488877,,5.152527701277054,,3.5865432895775053,,2.8448443760709194,0.008079784744097145,,,11.524562409621366,,2.1750636206109037,,4.4248644193886495,,4.578321793993243,0.02181168621160614,4.4469097487964095,,8.174393472025544,,3.9243594296134177,0.037212870955979936,21.9375,,25.45833333,69.33333333,24.95833333,35.5,26.33333333,0.0,33.22916667,26.875,26.41666667,35.5,26.08333333,31.70833333,18.75,42.22727273,23.52380952,29.25,43.90909091,,34.64583333,22.54166667,20.91666667,49.08333333,29.66666667,35.04166667,27.37144105846153,34.27823691454545
1585,2016-04-27,0.9333557338709464,0.059076537759399673,1.7492959083968702,,0.2395691588247696,,2.9581957635349783,,,,6.008791613229108,,3.606769390893938,,2.0494533083300035,,2.2977589191342043,0.008079784744097145,,,4.390309489379567,,2.1750636206109037,,3.5952023407532776,,3.9875705947683073,0.02181168621160614,5.14905339334321,,4.8084667482503205,,2.8928135224007483,0.04400170552227357,46.95833333,,40.0,46.66666667,37.625,36.33333333,39.81944444,0.0,55.125,27.54166667,40.66666667,33.58333333,36.45833333,33.625,29.125,46.625,41.04166667,31.625,58.58333333,25.29166667,51.95833333,24.16666667,36.25,58.54545455,44.16666667,37.77272727,42.90598290538461,33.48137626333333
1586,2016-04-28,0.4000096002304056,,1.7492959083968702,,0.2395691588247696,,2.6295073453644253,,,,6.196566351142516,,3.520893929205987,,6.6607232520725095,,1.4224221880354595,,0.4100276358626571,,14.542900183569815,,2.1750636206109037,,3.318648314541487,,4.1352583945745405,0.02181168621160614,3.978813985765208,,5.048890085662835,,3.229187187796184,0.032435542927847366,54.66666667,,46.19047619,66.41666667,52.66666667,52.08333333,52.71428571,0.0,49.97619048,37.39130435,48.57142857,,65.08333333,47.05263158,34.65,55.80952381,44.23809524,49.16666667,64.47619048,35.66666667,62.4047619,37.29166667,41.66666667,,47.66666667,52.25,51.151648352307696,43.312845974999995
1587,2016-04-29,0.4000096002304056,,1.9991953238821367,,0.7187074764743087,,3.779916808961361,,,,5.257692661575468,,5.066652239589104,,2.3056349718712528,,2.680718738989905,,,,7.134252920241798,,0.7250212068703009,,4.14831039317686,,5.021385193411943,0.06543505863481841,2.574526696671605,,7.453123459787995,,3.363736653954358,0.0362071176868994,32.17391304,,26.41666667,48.08695652,25.75,39.625,30.27777778,5e-324,32.16666667,25.72727273,27.5,36.875,28.625,35.125,23.83333333,44.5,24.25,35.83333333,47.16666667,28.04166667,41.66666667,25.79166667,19.35,,37.0,37.73913043,30.47513006384615,32.485911486363634
1588,2016-04-30,0.2666730668202704,,1.4993964929116033,,0.4791383176495391,,1.150409463596936,,,,6.572115826969335,,2.9197656973903308,,0.7685449906237511,,0.27354272846835764,,0.4100276358626571,,2.4695490877760062,,1.4500424137406018,,3.318648314541487,0.08168731131754962,3.1014437959309067,,6.553340682436812,,0.7212700122375479,,1.9061174372408032,0.0377157475905202,39.45833333,,34.375,43.16666667,33.375,45.83333333,40.38888889,0.0,47.52083333,26.77777778,37.41666667,39.5,34.20833333,39.79166667,34.625,54.08333333,39.16666667,29.54166667,71.66666667,36.91666667,59.39583333,25.5,28.91666667,,62.95833333,59.45833333,43.34401709384615,36.41540404090909
1589,2016-05-01,1.0666922672810817,,2.74889357033794,,0.4791383176495391,,1.9721305090233188,,,,5.257692661575468,,3.0056411590782814,,3.0741799624950046,,0.3829598198557007,,1.2300829075879711,,9.32940766493158,,0.7250212068703009,,2.7655402621179057,,2.215316997093504,,10.29810678668642,,1.4425400244750959,,2.556439857005312,0.02137225696796145,20.0,,13.19047619,52.08333333,,40.125,19.42857143,0.0,20.28571429,18.66666667,15.0,38.375,18.95238095,33.5,19.71428571,40.95833333,14.71428571,35.79166667,,,25.61904762,18.75,12.14285714,53.79166667,,22.20833333,17.904761904,32.20454545454545
1590,2016-05-02,,,2.9987929858232065,,0.2395691588247696,,2.300818927193872,,,,3.567720020354782,,6.183033241532465,,5.379814934366259,,2.680718738989905,,,,17.012449271345822,,0.7250212068703009,,6.637296629082974,,6.793638791086748,0.04362337242321227,5.851197037890012,,6.491430110137931,,4.182245906416584,0.02866396816879536,47.75,,32.5,87.5,38.91666667,66.5,42.70833333,0.0,44.95833333,68.54166667,41.625,64.66666667,33.43478261,51.82608696,34.125,72.54166667,38.54166667,63.70833333,46.75,69.08333333,47.14583333,64.16666667,29.04166667,80.25,,65.5,39.7914402175,62.857035024999995
1591,2016-05-03,1.3333653341013518,,3.2486924013084733,,1.6769841117733868,,2.300818927193872,,,,6.7598905648827445,,4.122022161021643,,1.0247266541650015,,3.5560554700886486,0.01615956948819429,,,10.701379380362694,,2.9000848274812037,,4.977972471812231,,4.1352583945745405,0.02181168621160614,3.5107182227340066,,,,3.3749491094675395,0.04689324617088012,38.95238095,,28.76190476,40.08695652,35.38095238,31.125,36.04761905,0.0,44.38095238,24.45833333,32.42857143,29.34782609,30.85714286,,27.15,44.42857143,32.95238095,25.04166667,50.61904762,24.75,44.97619048,24.625,24.52380952,42.08333333,,32.2173913,35.58591269833333,28.92400715181818
1592,2016-05-04,0.9333557338709464,0.019692179253133223,2.4989941548526717,,1.1978457941238478,,2.793851554449702,,,,7.886538992363203,,3.435018467518036,,4.6112699437425055,0.03783490623910808,2.4071760105215474,0.008079784744097145,0.8200552717253142,,7.683041606414242,,5.800169654962407,,5.254526498024021,,5.759824192443111,,5.3831012748588085,,3.3659267237752233,,3.5431359421652573,0.037841466749155284,59.33333333,,42.625,70.16666667,55.33333333,63.33333333,55.15277778,5e-324,59.66666667,53.65217391,50.625,55.08333333,47.375,51.47826087,34.33333333,53.57142857,47.95833333,54.5,71.70833333,55.83333333,63.79166667,53.66666667,34.45833333,88.20833333,59.08333333,72.625,52.4188034176923,56.00987750083333
1593,2016-05-05,1.2000288006912163,,1.9991953238821367,,0.4791383176495391,,1.9721305090233188,,,,7.135440040709564,,4.379648546085496,,4.355088280201256,,1.7506734621974889,,1.2300829075879711,,14.268505840483591,,5.800169654962407,0.4283071474221396,4.977972471812231,,4.726009593799477,0.02181168621160614,6.319292800921213,,3.60635006118774,,3.632835586270706,0.039727254128681284,45.95833333,,35.0,56.79166667,44.41666667,46.20833333,46.95138889,0.0,46.02083333,51.25,43.20833333,44.58333333,42.16666667,36.91666667,29.04166667,46.5,39.04166667,44.16666667,57.125,55.375,56.1875,46.41666667,34.5,59.47826087,49.16666667,54.91304348,43.75267094076923,45.21663647416667
1594,2016-05-06,1.3333653341013518,,2.249094739367405,,0.4791383176495391,,1.9721305090233188,,,,3.1921705445279627,0.055464075803247234,4.7231503928373,,0.5123633270825008,,1.9147990992785042,0.01615956948819429,0.4100276358626571,0.06055607940030736,9.603802008017805,,1.4500424137406018,,4.4248644193886495,,4.430633994187008,,5.617149156374412,,5.7701600979003835,,3.072212810611646,0.04073300739776182,52.41666667,,39.75,37.70833333,49.125,30.25,48.18055556,0.0,50.08333333,24.5,46.16666667,33.75,42.91666667,25.29166667,29.91666667,35.0,41.45833333,28.83333333,61.625,21.95833333,52.625,27.375,36.45833333,39.16666667,50.91666667,26.09090909,46.27991453076924,27.49368686833333
1595,2016-05-07,0.9333557338709464,,1.9991953238821367,,0.7187074764743087,,1.150409463596936,,,,2.2532968549609147,,4.465524007773447,,3.3303616260362547,,1.0941709138734306,,1.2300829075879711,,9.32940766493158,,1.4500424137406018,,0.8296620786353718,,4.726009593799477,,3.744766104249607,,0.48084667482503207,,2.399465479820776,0.03444704946600845,40.79166667,,35.82608696,29.42857143,40.04166667,18.75,41.34722222,5e-324,45.1875,15.375,40.125,18.66666667,38.95833333,15.875,44.0,23.25,34.125,19.5,48.75,8.333333332999999,44.25,12.29166667,36.0,24.75,,14.39130435,40.78353965416667,16.717628537750002
1596,2016-05-08,0.5333461336405407,,2.249094739367405,,0.9582766352990782,,1.6434420908527656,,,,1.6899726412206861,,2.1468865421987724,,4.867451607283757,,1.2035880052607737,0.01615956948819429,0.4100276358626571,,8.780618978759135,,2.9000848274812037,,2.2124322096943247,,3.69219499515584,0.02181168621160614,5.851197037890012,,4.568043410837803,,2.421890390847138,0.02690389994790441,18.95833333,,14.04166667,31.0,17.70833333,19.25,19.20833333,0.0,23.89583333,19.29166667,18.29166667,16.20833333,18.25,16.54166667,17.43478261,20.33333333,15.125,17.91666667,25.20833333,15.125,23.27083333,17.41666667,18.45833333,20.91304348,21.0,22.34782609,19.296265327692307,18.028683575833337
1597,2016-05-09,0.6666826670506759,,3.4985918167937404,,0.9582766352990782,,1.150409463596936,,,,1.1266484274804571,,3.77852031426984,,1.7932716447887531,,2.790135830377248,0.01615956948819429,,,6.585464234069352,,1.4500424137406018,,4.977972471812231,,5.169072993218176,,3.5107182227340066,,1.9233866993001283,,2.6909893231634867,0.02715533826517455,9.619047619,,,30.75,9.916666667000001,26.66666667,14.54166667,0.0,12.20833333,19.54166667,9.125,26.375,12.54166667,19.04166667,17.04166667,,7.958333333,21.20833333,19.91666667,10.625,21.0625,23.125,11.22916667,29.95833333,17.08333333,13.25,13.520337302416664,20.049242424545454
1598,2016-05-10,0.13333653341013518,,0.9995976619410686,,0.4791383176495391,,0.8217210454263828,,,,1.314423165393867,,4.207897622709594,,4.098906616660007,,1.7506734621974889,,,,3.5671264601208983,,2.1750636206109037,,3.318648314541487,,3.5445071953496066,,3.276670341218406,,3.3659267237752233,,2.197641280583514,0.030172598072416162,21.625,,16.45833333,,22.375,31.0,22.88888889,0.0,22.47916667,25.54166667,21.625,,,28.70833333,25.54166667,,16.79166667,24.70833333,32.29166667,26.875,26.85416667,21.5,19.08333333,,29.25,41.375,23.105324075,24.963541666250002
1599,2016-05-11,0.2666730668202704,,2.4989941548526717,,0.4791383176495391,,1.150409463596936,,,,3.755494758268192,,2.83389023570238,,4.098906616660007,,2.0242161906658467,0.008079784744097145,,,11.250168066535142,,2.9000848274812037,,4.977972471812231,0.04084365565877481,3.3968193955433734,,4.680957630312009,,4.8084667482503205,,2.836751244834842,0.0246409550924732,20.0,,13.75,30.0,17.91666667,20.625,18.30555556,0.0,21.625,17.5,15.75,22.125,16.66666667,15.45833333,18.04166667,,15.66666667,16.95833333,25.95833333,19.0,21.3125,16.08333333,16.75,25.83333333,21.29166667,19.75,18.694978633846155,18.484848483636362
1600,2016-05-12,0.8000192004608111,,1.2494970774263359,,1.1978457941238478,,1.4790978817674891,,,,5.069917923662059,,4.122022161021643,,2.561816635412504,,1.3677136423417882,,0.8200552717253142,,8.780618978759135,,3.625106034351505,,3.5952023407532776,,3.9875705947683073,,4.212861867280808,,4.3276200734252885,,2.8031138782952985,0.03180694713467204,11.66666667,,10.45833333,24.26086957,12.08333333,18.16666667,14.0,0.0,14.125,15.20833333,12.45833333,20.45833333,12.625,13.625,18.16666667,,9.666666667000001,15.34782609,25.45833333,7.285714286,18.9375,,12.08333333,24.76470588,19.875,15.83333333,14.73878205053846,15.495078248599999
1601,2016-05-13,0.8000192004608111,,1.4993964929116033,,0.2395691588247696,,2.793851554449702,,,,2.2532968549609147,,1.9751356188228708,,2.561816635412504,,1.641256370810146,,,,9.603802008017805,,2.1750636206109037,,2.7655402621179057,,2.215316997093504,,5.851197037890012,,2.1638100367126443,,2.264916013662601,0.03142978965876684,43.58333333,,33.125,48.75,41.875,39.04166667,41.15277778,0.0,49.41666667,34.08333333,40.08333333,37.04166667,38.41666667,34.54166667,25.125,49.72727273,38.75,35.25,52.16666667,43.625,49.33333333,31.6,33.66666667,57.90909091,41.65217391,39.26086957,40.64204756615384,37.56921387916667
1602,2016-05-14,0.4000096002304056,,1.7492959083968702,,,,,,,,3.567720020354782,,3.091516620766233,,1.5370899812475023,,1.641256370810146,,0.4100276358626571,,5.4878868617244585,,2.9000848274812037,,1.9358781834825345,,1.3291901982561023,,3.276670341218406,,0.7212700122375479,,1.7827804265958098,0.02539527004428361,55.29166667,,44.04166667,56.45833333,51.875,55.33333333,56.34722222,0.0,58.70833333,43.25,48.95833333,50.29166667,53.125,45.58333333,40.16666667,54.33333333,47.25,49.29166667,68.91666667,55.2,52.6875,58.95833333,51.22916667,63.70833333,71.16666667,54.5,53.82799145384615,48.90902777666667
1603,2016-05-15,0.13333653341013518,,2.9987929858232065,,0.4791383176495391,,0.8217210454263828,,,,1.6899726412206861,,3.091516620766233,,3.0741799624950046,,1.6959649165038175,0.008079784744097145,,,4.9390981755520125,,5.075148448092107,0.2141535737110698,1.9358781834825345,,2.658380396512205,,3.276670341218406,,0.48084667482503207,,1.950967259293528,0.01998934622297571,27.91666667,,31.41666667,42.375,29.83333333,36.91666667,30.06944444,5e-324,42.95833333,44.14285714,31.83333333,38.04166667,28.08333333,34.26086957,18.47826087,39.33333333,27.91666667,35.08333333,48.95833333,33.19047619,37.72916667,30.82608696,29.0625,47.91666667,36.625,32.5,32.37546451076923,34.54891304416667
1604,2016-05-16,0.4000096002304056,,1.4993964929116033,,1.1978457941238478,,2.6295073453644253,,,,3.9432694961816015,,4.7231503928373,,3.3303616260362547,,2.8448443760709194,0.008079784744097145,0.4100276358626571,,6.859858577155572,,1.4500424137406018,,1.3827701310589529,0.12253096697632446,4.873697393605709,0.02181168621160614,3.744766104249607,,3.8467733986002566,,3.016150533045741,0.02187513360250172,36.04761905,,26.14285714,39.79166667,30.9047619,34.0,36.66666667,0.0,46.47619048,22.30434783,28.14285714,33.08333333,31.04761905,32.04166667,23.76190476,46.14285714,28.19047619,29.25,63.04761905,33.05,44.80952381,25.29166667,28.26190476,54.63636364,45.66666667,39.82608696,36.08974359,32.45149907583333
1605,2016-05-17,0.6666826670506759,,0.9995976619410686,,0.7187074764743087,,2.300818927193872,,,,2.8166210687011435,,4.637274931149348,,1.5370899812475023,,1.9147990992785042,,0.4100276358626571,,7.957435949500465,,0.7250212068703009,,4.70141844560044,,3.8398827949620737,,3.978813985765208,,4.087196736012772,,2.7358391452162114,0.03381845367283312,44.70833333,,43.54166667,53.23809524,44.125,39.79166667,43.31944444,0.0,53.95833333,29.29166667,45.95833333,39.33333333,44.75,34.91666667,31.86956522,50.57142857,40.5,36.83333333,66.58333333,35.0,53.54166667,29.0,40.08333333,55.04347826,51.58333333,45.17391304,46.50171869076923,37.34946514833333
1606,2016-05-18,1.3333653341013518,,2.4989941548526717,,0.2395691588247696,,1.150409463596936,,,,2.628846330787734,,3.2632675441421344,,1.7932716447887531,,1.2582965509544453,,,,9.878196351104023,,2.1750636206109037,,3.318648314541487,0.04084365565877481,2.658380396512205,0.04362337242321227,3.744766104249607,,4.568043410837803,,2.399465479820776,0.03067547470695644,29.375,,33.91666667,69.45833333,32.29166667,51.41666667,31.88888889,0.0,42.27272727,36.86363636,34.5,58.5,34.54166667,44.125,25.33333333,59.5,32.66666667,44.45833333,63.04166667,32.625,44.66666667,33.66666667,35.3125,68.875,44.56521739,41.782608700000004,37.259435915384614,45.10593708833333
1607,2016-05-19,0.4000096002304056,,0.9995976619410686,,0.4791383176495391,,0.6573768363411063,,,,5.8210168753156974,,3.9502712376457416,,3.3303616260362547,,1.1488794595671021,,0.4100276358626571,,5.762281204810683,,2.1750636206109037,,6.637296629082974,,3.5445071953496066,0.04362337242321227,3.276670341218406,,2.644656711537676,,2.489165123926225,0.02690389994790441,42.625,,42.125,58.82608696,45.25,45.0,39.48611111,0.0,51.29166667,41.04166667,45.20833333,44.73913043,42.08333333,39.375,27.95833333,53.70833333,41.375,43.91666667,57.0,33.70833333,44.77083333,37.20833333,36.875,65.0,41.83333333,51.61904762,42.913995725384616,42.84521652833333
1608,2016-05-20,0.4000096002304056,,1.4993964929116033,,1.6769841117733868,,1.150409463596936,,,,2.628846330787734,,2.490388388950576,,0.7685449906237511,,1.4771307337291313,,,,8.780618978759135,,1.4500424137406018,,3.0420942883296966,,4.578321793993243,,6.553340682436812,,5.7701600979003835,,2.5115900349525875,0.02790965321698496,69.5,,59.0,68.58333333,61.66666667,52.04166667,60.93055556,0.0,78.625,42.5,58.95833333,53.70833333,52.125,47.04166667,39.08695652,60.86363636,60.29166667,47.625,72.0,44.54166667,66.4375,40.58333333,47.83333333,65.70833333,55.86956522,55.52173913,60.178813638461534,48.22655906833333
1609,2016-05-21,,,4.498189478734808,,0.4791383176495391,,1.150409463596936,,,,4.31881897200842,,3.606769390893938,,1.5370899812475023,,0.4923769112430438,0.01615956948819429,0.4100276358626571,,7.683041606414242,,2.1750636206109037,,1.6593241572707436,,4.873697393605709,,3.5107182227340066,,0.7212700122375479,,2.197641280583514,0.028161091534255087,60.08333333,,49.83333333,59.5,59.125,55.66666667,57.625,0.0,60.89583333,46.54166667,55.95833333,56.25,52.91666667,48.75,37.91304348,65.0952381,50.83333333,50.45833333,58.47826087,48.05,65.29166667,51.20833333,49.97916667,69.16666667,51.41666667,63.68181818,54.64227982153846,51.19739357916668
1610,2016-05-22,0.5333461336405407,,4.498189478734808,,,,0.8217210454263828,,,,1.1266484274804571,,3.435018467518036,,5.892178261448757,,1.5865478251164744,,0.4100276358626571,,7.683041606414242,,2.1750636206109037,,1.6593241572707436,,4.430633994187008,,3.5107182227340066,,1.9233866993001283,,2.421890390847138,0.0246409550924732,70.76190476,,58.47619048,50.45833333,67.76190476,42.125,65.31746032,0.0,74.85714286,35.16666667,64.0952381,43.04166667,59.0952381,38.16666667,44.42857143,44.375,62.19047619,41.08333333,73.42857143,26.0,79.0,40.58333333,55.42857143,52.68181818,61.42857143,33.13043478,64.32844933,37.234354413333335
1611,2016-05-23,0.8000192004608111,,2.74889357033794,,1.1978457941238478,,1.4790978817674891,,,,2.0655221170475047,,4.894901316213201,,3.5865432895775053,,2.5165931019088905,,0.8200552717253142,,7.683041606414242,,1.4500424137406018,,8.296620786353719,,6.941326590892979,0.06543505863481841,4.680957630312009,,4.8084667482503205,,3.453436298059808,0.02715533826517455,45.09090909,,45.54166667,47.16666667,50.625,40.66666667,49.75694444,5e-324,54.02083333,27.75,50.625,39.20833333,50.875,38.43478261,19.33333333,42.57142857,41.29166667,35.16666667,61.66666667,35.5,59.79166667,32.16666667,45.3125,60.0,50.375,45.16666667,48.02355283615384,36.98315648833333
1612,2016-05-24,0.6666826670506759,,0.9995976619410686,,0.4791383176495391,,3.1225399726202547,,,,1.314423165393867,,4.379648546085496,,1.7932716447887531,,1.2582965509544453,,,,6.859858577155572,,1.4500424137406018,,2.2124322096943247,,2.953755996124672,,2.106430933640404,,3.8467733986002566,,2.2200661916098765,0.03872150085960074,57.95833333,,46.375,57.13043478,48.45833333,41.5,49.77083333,0.0,62.27083333,36.25,48.0,42.95833333,42.38095238,36.95238095,30.29166667,50.04347826,47.58333333,39.5,61.25,24.45833333,62.0,32.125,41.52083333,58.25,47.79166667,47.0,49.665521976923074,38.84733005416667
1613,2016-05-25,0.4000096002304056,,1.4993964929116033,,1.437414952948617,,2.300818927193872,,,,1.6899726412206861,,3.177392082454184,,5.123633270825008,,1.641256370810146,,0.8200552717253142,,7.134252920241798,,2.1750636206109037,,3.8717563669650685,,3.1014437959309067,,4.680957630312009,,2.1638100367126443,,2.4667402128998632,0.02489239340974333,54.625,,42.16666667,49.83333333,50.5,39.0,51.47222222,0.0,55.08333333,33.54166667,48.29166667,39.875,46.83333333,48.875,32.60869565,49.04761905,44.04545455,34.63157895,61.29166667,27.5,54.5625,28.29166667,42.27083333,57.2,53.58333333,22.9,49.025746596153844,35.89132205583333
1614,2016-05-26,1.3333653341013518,,0.4997988309705343,,0.4791383176495391,,0.9860652545116594,,,,3.9432694961816015,,3.3491430058300846,,2.817998298953753,,1.5865478251164744,,0.8200552717253142,,9.603802008017805,,2.9000848274812037,,2.7655402621179057,,3.2491315957371394,,3.5107182227340066,,3.8467733986002566,,2.5115900349525875,0.027658214899714817,44.54166667,,35.25,60.45833333,39.33333333,45.375,40.36111111,0.0,48.375,37.58333333,34.0,40.6,35.125,43.08333333,21.20833333,55.29166667,34.125,43.13636364,32.0,40.94117647,47.47916667,37.95833333,32.5,67.16666667,36.71428571,51.91666667,37.00099206307692,43.62590612
1615,2016-05-27,0.2666730668202704,,1.2494970774263359,,0.2395691588247696,,2.300818927193872,,,,3.567720020354782,,2.4045129272626253,,2.3056349718712528,,0.9300452767924158,,0.8200552717253142,,9.055013321845355,,1.4500424137406018,,3.0420942883296966,,3.69219499515584,0.02181168621160614,4.4469097487964095,,2.644656711537676,,2.2200661916098765,0.028161091534255087,47.5,,29.41666667,50.69565217,37.13636364,43.23809524,45.5,0.0,40.66666667,37.20833333,37.875,43.54166667,40.625,38.08333333,27.25,58.58333333,30.625,41.33333333,63.70833333,37.47826087,52.64583333,32.66666667,35.625,57.5,50.83333333,37.40909091,41.49286130538462,39.8114804875
1616,2016-05-28,0.8000192004608111,,1.9991953238821367,,0.2395691588247696,,2.300818927193872,,,,2.0655221170475047,,2.6621393123264783,,3.5865432895775053,,0.820628185405073,0.008079784744097145,,,10.426985037276474,,,,1.1062161048471624,,2.5106925967059714,0.04362337242321227,5.617149156374412,,1.6829633618876116,,2.1303665475044267,0.02489239340974333,57.80952381,,51.66666667,45.45833333,56.28571429,35.66666667,56.20634921,0.0,64.47619048,30.29166667,55.42857143,35.875,52.04761905,30.54166667,31.76190476,44.375,53.19047619,34.04166667,59.47619048,32.25,55.9047619,31.5,44.85714286,44.75,51.0,42.65217391,53.08547008692308,33.95018116
1617,2016-05-29,0.4000096002304056,0.059076537759399673,2.74889357033794,,,,1.6434420908527656,,,,1.877747379134096,,3.091516620766233,,3.0741799624950046,,0.6565025483240584,,,,7.134252920241798,,4.350127241221807,,2.7655402621179057,,3.9875705947683073,0.06543505863481841,4.4469097487964095,,2.8850800489501918,,2.175216369557152,0.0238866401406628,47.95833333,,39.91666667,35.125,46.33333333,33.54166667,47.25,0.0,51.52083333,21.91666667,46.54166667,31.66666667,42.20833333,27.70833333,25.625,35.16666667,40.33333333,27.29166667,53.54166667,28.29166667,52.9375,28.875,37.66666667,47.875,46.65217391,25.33333333,44.49888517230769,28.565972223333336
1618,2016-05-30,1.0666922672810817,,1.9991953238821367,,0.2395691588247696,,1.9721305090233188,,,,3.9432694961816015,,4.379648546085496,,1.7932716447887531,,1.9695076449721751,,1.2300829075879711,,10.426985037276474,,1.4500424137406018,,2.7655402621179057,,4.282946194380775,0.06543505863481841,4.212861867280808,,0.48084667482503207,,2.7582640562425738,0.02438951677520307,41.41666667,,29.95833333,55.875,38.60869565,45.91666667,39.95833333,0.0,40.875,38.20833333,38.08333333,45.20833333,36.58333333,42.04166667,21.16666667,52.5,33.0,42.16666667,48.94444444,,47.875,37.5,29.75,57.91666667,34.79166667,31.45833333,37.000882570769235,40.799242424545454
1619,2016-05-31,0.4000096002304056,,1.4993964929116033,,0.2395691588247696,,1.6434420908527656,,,,3.004395806614553,,3.0056411590782814,,2.3056349718712528,,1.7506734621974889,,,,4.115915146293344,,2.9000848274812037,,4.977972471812231,,3.9875705947683073,0.04362337242321227,4.212861867280808,,3.125503386362708,,2.320978291228508,0.03092691302422657,54.83333333,,39.79166667,53.0,38.85714286,43.375,48.97916667,5e-324,56.83333333,30.875,44.625,40.95833333,42.04166667,35.16666667,27.16666667,47.5,45.625,42.30434783,55.375,27.25,55.79166667,35.25,37.75,54.782608700000004,44.54166667,40.904761900000004,45.55471611846153,37.6138932025
1620,2016-06-01,0.8000192004608111,,1.9991953238821367,,0.4791383176495391,,2.9581957635349783,,,,2.2532968549609147,,4.207897622709594,,1.7932716447887531,,1.860090553584832,0.008079784744097145,0.4100276358626571,,8.506224635672911,,3.625106034351505,,3.5952023407532776,,1.6245657978685697,,3.978813985765208,,6.251006772725416,,2.6909893231634867,0.026023865837458943,23.14285714,,14.54166667,40.91666667,,21.91666667,21.125,0.0,25.66666667,16.77272727,17.83333333,18.79166667,18.375,17.70833333,16.45833333,28.58333333,15.125,20.20833333,,,28.95833333,13.25,13.83333333,35.20833333,,19.16666667,19.505952379999997,21.13842975181818
1621,2016-06-02,0.13333653341013518,,0.7496982464558015,,0.4791383176495391,,1.9721305090233188,,,,5.445467399488877,,4.637274931149348,,0.2561816635412504,,1.5318392794228028,,0.4100276358626571,,7.134252920241798,,2.1750636206109037,,4.14831039317686,0.04084365565877481,2.3630047968997383,,5.617149156374412,,2.8850800489501918,,2.5452274014921312,0.030172598072416162,48.41666667,,26.41666667,77.70833333,31.75,71.08333333,36.01388889,0.0,46.33333333,49.20833333,32.16666667,71.70833333,30.08333333,62.41666667,28.0,88.66666667,29.54166667,54.20833333,54.29166667,72.41666667,50.33333333,54.79166667,22.25,97.04166667,,72.77272727,36.29976851916666,64.3352272725
1622,2016-06-03,0.4000096002304056,,1.7492959083968702,,,,0.9860652545116594,,,,2.2532968549609147,,3.435018467518036,,1.280908317706252,,1.3130050966481168,,,,4.9390981755520125,,1.4500424137406018,,3.8717563669650685,0.04084365565877481,2.658380396512205,,2.574526696671605,,3.60635006118774,,1.9621797148067088,0.028538249010160287,44.29166667,,33.04166667,38.45833333,42.83333333,33.125,43.88888889,0.0,49.83333333,27.91304348,39.66666667,32.375,39.70833333,,37.217391299999996,48.80952381,38.29166667,27.20833333,58.25,28.5,51.72916667,25.35,32.16666667,54.70833333,,36.125,42.57656501666666,32.05205157090909
1623,2016-06-04,0.13333653341013518,,1.9991953238821367,,0.2395691588247696,,1.150409463596936,,,,4.694368447835239,,3.091516620766233,,1.0247266541650015,,0.3282512741620292,,,,5.213492518638237,,2.1750636206109037,,3.5952023407532776,,2.953755996124672,,7.021436445468013,,0.9616933496500641,,1.984604625833072,0.022000852761136787,56.16666667,,37.0,87.0,53.79166667,61.375,52.625,0.0,60.35416667,55.41666667,50.66666667,53.83333333,48.75,52.95833333,32.42857143,,44.16666667,56.95833333,75.29166667,60.125,65.77083333,56.75,36.25,75.0,58.16666667,75.875,51.64835165,57.75378787818182
1624,2016-06-05,,,2.4989941548526717,,0.2395691588247696,,1.3147536726822129,,,,5.633242137402287,,2.4045129272626253,,1.5370899812475023,,0.4923769112430438,,,,7.408647263328017,,1.4500424137406018,,1.9358781834825345,,2.0676291972872702,,3.978813985765208,,1.20211668706258,,1.838842704161716,0.02225229107840692,46.66666667,,33.95833333,53.66666667,44.625,45.54166667,46.375,0.0,48.60416667,32.2,43.0,42.75,43.25,39.625,28.04166667,58.63157895,35.125,37.47619048,61.375,51.375,54.33333333,41.79166667,33.45454545,67.13043478,47.66666667,57.33333333,43.57502913769232,43.96012812916666
1625,2016-06-06,0.6666826670506759,,2.9987929858232065,,1.1978457941238478,,2.1364747181085955,,,,6.008791613229108,,3.864395775957792,,3.8427249531187564,,2.2430503734405334,,0.4100276358626571,,6.585464234069352,,2.1750636206109037,,3.8717563669650685,,3.69219499515584,0.02181168621160614,3.978813985765208,,3.60635006118774,,2.9937256220193778,0.020617942016151046,39.45833333,,36.625,52.125,40.08333333,39.08333333,39.95833333,0.0,34.16666667,34.94736842,40.29166667,41.29166667,41.56521739,29.73913043,27.58333333,43.08333333,33.95833333,38.83333333,51.875,20.82608696,39.91666667,23.25,39.0625,,43.45833333,26.90909091,39.07713210615385,31.82621303454545
1626,2016-06-07,0.9333557338709464,,1.9991953238821367,,,,2.793851554449702,,,,3.755494758268192,,3.435018467518036,,3.3303616260362547,,1.8053820078911604,0.008079784744097145,0.4100276358626571,,5.213492518638237,,4.350127241221807,,4.977972471812231,,3.3968193955433734,,3.276670341218406,,2.8850800489501918,,2.590077223544856,0.03356701535556298,29.66666667,,29.41666667,33.0,32.25,25.04166667,32.19444444,0.0,32.58333333,21.16666667,32.5,25.83333333,30.79166667,20.04347826,32.33333333,27.04166667,25.83333333,28.5,43.30434783,16.47619048,42.5625,16.25,25.02083333,37.25,,18.125,32.371427133333334,22.394000173333335
1627,2016-06-08,0.4000096002304056,,0.4997988309705343,,,,1.9721305090233188,,,,4.131044234095009,,4.293773084397545,,2.0494533083300035,,2.13363328205319,,,,9.055013321845355,,2.9000848274812037,,2.4889862359061152,,3.1014437959309067,,3.5107182227340066,,4.8084667482503205,,2.6685644121371244,0.02904112564470056,18.20833333,,12.83333333,21.58333333,14.91666667,12.0,15.79166667,0.0,20.9375,9.875,13.66666667,13.04166667,12.16666667,13.91666667,13.04166667,,14.625,11.75,22.91666667,5.583333333,22.625,7.875,13.58333333,15.0,16.83333333,9.458333332999999,16.318910256923076,10.91666666690909
1628,2016-06-09,0.5333461336405407,,0.9995976619410686,,,,2.4651631362791484,,,,4.694368447835239,,2.83389023570238,,3.0741799624950046,,1.8053820078911604,0.01615956948819429,0.4100276358626571,,7.957435949500465,,0.7250212068703009,,2.2124322096943247,,2.953755996124672,,5.3831012748588085,,5.7701600979003835,,2.6012896790580373,0.029921159755146032,27.375,,22.56521739,44.33333333,25.58333333,25.29166667,29.70138889,0.0,33.20833333,19.04166667,24.58333333,26.33333333,25.86363636,20.72727273,29.58333333,,26.83333333,21.95833333,35.08333333,13.5,35.4375,21.45833333,22.4375,37.76190476,31.16666667,19.83333333,28.417069945384615,22.749016134545453
1629,2016-06-10,1.0666922672810817,,1.4993964929116033,,0.9582766352990782,,2.4651631362791484,,,,7.698764254449793,,4.293773084397545,,4.098906616660007,,1.3677136423417882,,0.4100276358626571,,8.231830292586688,,0.7250212068703009,,1.1062161048471624,,4.1352583945745405,,3.978813985765208,,6.010583435312897,,3.0385754440721033,0.029166844803335625,24.79166667,,18.66666667,,25.95833333,36.04166667,26.66666667,5e-324,25.4375,27.73913043,23.375,,,27.08333333,27.25,,21.125,24.45833333,33.45833333,25.625,30.58333333,24.58333333,22.83333333,,28.91304348,39.13636364,25.75490640083333,25.583395091249997
1630,2016-06-11,0.4000096002304056,,0.7496982464558015,,1.1978457941238478,,2.6295073453644253,,,,3.9432694961816015,0.027732037901623617,2.7480147740144294,,1.0247266541650015,,0.9300452767924158,,0.4100276358626571,,7.408647263328017,,3.625106034351505,,4.4248644193886495,,2.5106925967059714,,2.8085745781872054,,,,2.007029536859433,0.03406989199010325,29.19047619,,23.904761899999997,37.29166667,28.66666667,29.20833333,30.07936508,0.0,28.33333333,25.83333333,26.71428571,30.66666667,28.66666667,23.41666667,34.33333333,,24.80952381,27.25,41.19047619,28.66666667,32.26190476,27.41666667,28.0952381,30.25,36.47619048,35.64705882,30.20940170923077,26.877005348181818
1631,2016-06-12,0.8000192004608111,,2.249094739367405,,,,1.6434420908527656,,,,2.628846330787734,,3.606769390893938,,3.8427249531187564,,1.5865478251164744,0.008079784744097145,,,7.134252920241798,,4.350127241221807,,3.0420942883296966,,2.215316997093504,,7.021436445468013,,2.40423337412516,,2.5003775794394056,0.022503729395677054,21.28571429,,19.19047619,55.20833333,18.28571429,32.83333333,20.06349206,0.0,19.83333333,22.20833333,19.71428571,35.34782609,20.95238095,24.75,23.76190476,,17.61904762,26.0,35.47619048,8.913043477999999,33.61904762,,21.04761905,,24.0,29.54166667,22.68070818076923,26.089170692
1632,2016-06-13,0.8000192004608111,,1.7492959083968702,,0.9582766352990782,,1.8077862999380423,,,,4.506593709921829,,5.238403162965005,,2.3056349718712528,0.03783490623910808,1.7506734621974889,0.008079784744097145,2.0501381793132856,,10.152590694190248,,4.350127241221807,,3.318648314541487,,3.9875705947683073,0.06543505863481841,3.0426224597028058,,6.010583435312897,,3.1282750881775536,0.028035372375620017,,,32.125,28.375,35.5,20.70833333,34.51388889,0.0,39.77083333,21.95833333,35.95833333,19.08333333,34.66666667,16.5,34.20833333,21.66666667,32.91666667,22.70833333,36.58333333,9.666666667000001,35.08333333,17.04166667,31.08333333,22.79166667,31.75,10.45833333,34.51331018416667,17.579861110583334
1633,2016-06-14,0.4000096002304056,,3.2486924013084733,,0.4791383176495391,,2.4651631362791484,,,,3.3799452824413723,,5.3242786246529565,,2.0494533083300035,,2.0242161906658467,,,,7.683041606414242,,0.7250212068703009,,1.9358781834825345,,2.215316997093504,,3.0426224597028058,,2.40423337412516,,2.6012896790580373,0.035075645259183795,,,29.375,41.375,36.20833333,24.125,35.375,0.0,38.45833333,30.95833333,33.58333333,25.75,33.95833333,20.875,34.125,26.20833333,33.29166667,27.625,35.66666667,12.28571429,39.02083333,17.95833333,29.91666667,37.29166667,17.0,20.85714286,32.998263888333334,23.775793650833332
1634,2016-06-15,0.5333461336405407,,2.249094739367405,,0.9582766352990782,,2.300818927193872,,,,4.694368447835239,,3.177392082454184,,4.6112699437425055,,1.6959649165038175,,0.8200552717253142,,6.859858577155572,,2.9000848274812037,,2.4889862359061152,,3.2491315957371394,,5.3831012748588085,,3.3659267237752233,,2.7022017786766677,0.029166844803335625,,,20.25,10.36842105,21.0,8.708333332999999,21.42857143,0.0,19.28571429,10.09090909,21.61904762,11.04761905,21.33333333,9.260869565,21.38095238,14.16666667,16.52380952,11.0,27.57142857,6.583333333,22.61904762,6.260869565,18.95238095,12.875,,9.0,21.08766233727273,9.113501804666667
1635,2016-06-16,0.6666826670506759,,2.249094739367405,,0.4791383176495391,,2.1364747181085955,,,,6.7598905648827445,0.027732037901623617,4.293773084397545,,3.3303616260362547,,1.4224221880354595,,0.4100276358626571,,4.390309489379567,,2.1750636206109037,,3.318648314541487,,2.658380396512205,,3.744766104249607,,2.1638100367126443,,2.5676523125184936,0.030298317231051232,,,30.0,29.375,34.91304348,19.04347826,31.61805556,5e-324,31.91666667,19.56521739,34.375,17.0,31.91666667,18.5,30.41666667,23.83333333,30.79166667,19.54166667,34.625,13.83333333,32.08333333,14.375,28.625,23.39130435,,19.22727273,31.93464536818182,18.140467171666668
1636,2016-06-17,,,2.9987929858232065,,0.4791383176495391,,1.8077862999380423,,,,2.2532968549609147,,4.122022161021643,,2.817998298953753,,1.5865478251164744,,0.8200552717253142,,8.780618978759135,,1.4500424137406018,,1.6593241572707436,,3.3968193955433734,,3.276670341218406,,2.8850800489501918,,2.421890390847138,0.028789687327430424,,,31.33333333,41.75,40.16666667,35.41666667,43.25,0.0,40.02083333,26.91666667,38.782608700000004,34.80952381,38.91666667,29.41666667,42.40909091,38.04166667,31.95833333,33.875,53.17391304,28.5,45.20833333,29.95833333,31.66666667,49.19047619,,28.25,39.71694963454546,31.343750000833335
1637,2016-06-18,0.5333461336405407,,2.9987929858232065,,,,2.793851554449702,,,,2.8166210687011435,,2.4045129272626253,,2.3056349718712528,,1.5318392794228028,0.008079784744097145,,,5.213492518638237,,0.7250212068703009,,2.2124322096943247,,3.2491315957371394,,6.553340682436812,,1.20211668706258,,2.197641280583514,0.02715533826517455,42.59090909,,35.125,41.61904762,42.04166667,30.875,42.01388889,0.0,46.54166667,27.79166667,39.04166667,27.20833333,37.45833333,28.5,37.375,34.82608696,37.65217391,29.41666667,45.875,31.45833333,43.91666667,29.95833333,35.33333333,42.47826087,,32.875,40.41377543583334,29.750560731666667
1638,2016-06-19,0.5333461336405407,,2.74889357033794,,,,1.4790978817674891,,,,3.004395806614553,,3.3491430058300846,,5.379814934366259,,1.2035880052607737,,,,4.390309489379567,,2.9000848274812037,,1.6593241572707436,,3.2491315957371394,0.04362337242321227,3.978813985765208,,1.9233866993001283,,2.1864288250703328,0.0246409550924732,32.34782609,,28.25,27.125,33.75,17.66666667,34.82638889,0.0,37.8125,16.54166667,31.66666667,14.71428571,33.79166667,15.875,33.16666667,16.86363636,26.73913043,15.55,39.45833333,16.66666667,34.5,16.16666667,30.91666667,25.05,,16.375,33.102153785,16.549549062500002
1639,2016-06-20,0.6666826670506759,,4.2482900632495415,,0.9582766352990782,,2.300818927193872,,,,2.0655221170475047,,4.379648546085496,,1.5370899812475023,,1.6959649165038175,,,,9.603802008017805,,1.4500424137406018,,4.977972471812231,0.04084365565877481,2.658380396512205,,4.4469097487964095,,5.289313423075352,,2.836751244834842,0.02451523593383813,19.83333333,,12.625,24.58333333,17.375,15.91666667,17.63194444,0.0,25.22916667,11.70833333,15.83333333,14.54166667,16.25,18.58333333,14.95833333,18.0,16.0,14.20833333,25.41666667,11.57142857,15.3,10.25,15.27083333,19.18181818,,15.33333333,17.643634258333332,14.489853894999998
1640,2016-06-21,,,2.74889357033794,,0.4791383176495391,,3.9442610180466375,,,,4.131044234095009,,3.0056411590782814,,2.561816635412504,,2.2977589191342043,,,,6.0366755478969045,,2.1750636206109037,,4.70141844560044,,3.1014437959309067,0.02181168621160614,3.276670341218406,,2.40423337412516,,2.6125021345712183,0.03180694713467204,21.0,,16.80952381,21.20833333,19.38095238,14.625,19.404761899999997,0.0,22.88095238,12.83333333,20.19047619,14.75,18.61904762,12.08333333,17.80952381,21.0,16.25,12.95,27.23809524,15.41666667,25.38095238,13.08333333,17.33333333,19.95833333,,15.16666667,20.19146825333333,14.422916665833334
1641,2016-06-22,0.13333653341013518,,2.74889357033794,,0.4791383176495391,,1.8077862999380423,,,,5.445467399488877,,4.7231503928373,,4.355088280201256,,1.6959649165038175,,,,9.055013321845355,,1.4500424137406018,,2.4889862359061152,,2.3630047968997383,,3.744766104249607,,6.731853447550447,,2.926450888940292,0.029292563961970695,34.0,,27.625,28.75,33.33333333,22.33333333,34.64583333,0.0,36.625,22.375,32.0,19.20833333,32.16666667,19.625,30.75,24.70833333,30.13636364,19.25,39.17391304,17.55,38.875,20.66666667,27.375,27.83333333,,20.79166667,33.058842500833336,20.257638888333336
1642,2016-06-23,0.13333653341013518,,1.9991953238821367,,0.7187074764743087,,3.286884181705532,,,,5.069917923662059,,4.122022161021643,,1.0247266541650015,,1.860090553584832,,,,12.622139781966254,,,,1.3827701310589529,,3.5445071953496066,0.04362337242321227,5.3831012748588085,,3.60635006118774,,2.8928135224007483,0.03281270040375258,37.47826087,,28.29166667,43.08333333,35.125,32.41666667,35.79166667,0.0,37.85416667,28.5,33.91666667,31.08333333,28.23809524,26.0,33.125,40.20833333,29.875,33.25,42.08695652,16.904761899999997,42.54166667,27.70833333,28.0,46.125,,24.28571429,34.36034549833333,29.13045634833333
1643,2016-06-24,0.9333557338709464,,1.2494970774263359,,,,0.9860652545116594,,,,2.628846330787734,,3.3491430058300846,,1.0247266541650015,,1.1488794595671021,0.008079784744097145,,,4.390309489379567,,0.7250212068703009,,1.6593241572707436,,2.5106925967059714,,2.574526696671605,,4.3276200734252885,,1.8500551596748969,0.032435542927847366,29.33333333,,21.91666667,54.54166667,28.75,46.375,29.25,5e-324,32.375,32.55555556,27.83333333,43.04166667,28.08695652,37.43478261,26.375,50.75,22.95833333,43.41666667,46.33333333,32.83333333,38.60416667,36.16666667,24.29166667,60.59090909,,35.43478261,29.675649154166663,39.42841915666666
1644,2016-06-25,0.2666730668202704,,2.4989941548526717,,,,1.3147536726822129,,,,3.755494758268192,,3.091516620766233,,3.3303616260362547,,0.4923769112430438,0.008079784744097145,,,7.134252920241798,,1.4500424137406018,,0.5531080524235812,,2.0676291972872702,,3.5107182227340066,,4.087196736012772,,1.950967259293528,0.02074366117478612,36.5,,21.79166667,49.04166667,31.0,42.95833333,33.55555556,0.0,34.6875,29.375,28.79166667,40.45833333,29.41666667,32.20833333,31.33333333,48.33333333,28.91666667,39.375,38.85714286,27.73684211,40.5625,36.29166667,23.39583333,55.58333333,,28.5,31.56737764666667,35.821820175000006
1645,2016-06-26,0.2666730668202704,,3.4985918167937404,,,,1.150409463596936,,,,3.9432694961816015,,2.83389023570238,,1.7932716447887531,,1.2582965509544453,0.02423935423229144,,,7.408647263328017,,,,0.8296620786353718,,3.1014437959309067,,3.0426224597028058,,,,1.9173298927539841,0.02187513360250172,27.29166667,,19.66666667,26.58333333,25.41666667,26.83333333,29.06944444,0.0,31.125,16.25,23.41666667,26.625,27.91304348,20.59090909,26.20833333,32.66666667,23.625,23.58333333,33.08695652,17.46153846,31.70833333,17.0,19.125,34.20833333,,15.79166667,26.471064814999995,21.466176184166667
1646,2016-06-27,0.13333653341013518,,1.9991953238821367,,0.4791383176495391,,2.9581957635349783,,,,4.882143185748649,,4.122022161021643,,2.817998298953753,,3.173095650232949,,,,9.32940766493158,,0.7250212068703009,,3.5952023407532776,,3.5445071953496066,0.02181168621160614,5.3831012748588085,,6.972276784962963,,3.3188868319016334,0.02149797612659652,31.38095238,,23.61904762,32.20833333,30.80952381,23.66666667,31.92063492,5e-324,36.904761900000004,19.40909091,29.04761905,,31.0952381,18.45833333,,30.375,,20.91666667,37.5,17.95238095,38.54761905,19.16666667,23.88095238,29.95833333,,17.95454545,31.470634921,20.915092482727275
1647,2016-06-28,0.5333461336405407,,1.9991953238821367,,0.4791383176495391,,2.1364747181085955,,,,3.9432694961816015,,3.864395775957792,,3.0741799624950046,,2.2430503734405334,,0.4100276358626571,,7.683041606414242,,2.9000848274812037,,3.318648314541487,0.04084365565877481,3.3968193955433734,0.02181168621160614,5.851197037890012,,3.60635006118774,,2.847963700348023,0.037212870955979936,38.75,,28.04166667,27.60869565,35.13043478,18.76190476,37.25,0.0,41.95833333,16.875,32.17391304,,33.29166667,17.45833333,,27.29166667,,19.0,43.29166667,20.45833333,46.14583333,17.16666667,26.6875,27.79166667,,19.16666667,36.272101449000004,19.234448522727277
1648,2016-06-29,0.5333461336405407,,1.9991953238821367,,0.4791383176495391,,1.9721305090233188,,,,5.069917923662059,,3.9502712376457416,,1.0247266541650015,,1.2035880052607737,0.04847870846458287,,,8.780618978759135,,2.1750636206109037,,5.254526498024021,0.04084365565877481,3.2491315957371394,,4.680957630312009,,2.8850800489501918,,2.6125021345712183,0.031932666293307106,40.125,,32.04166667,31.91304348,37.16666667,24.95833333,37.84027778,0.0,44.75,21.04166667,35.58333333,22.91666667,34.83333333,20.58333333,35.25,35.25,,26.6,46.904761900000004,30.73684211,46.52083333,20.91666667,30.0,30.39130435,,25.79166667,38.274170273636365,24.258293606666665
1649,2016-06-30,0.6666826670506759,,2.249094739367405,,0.2395691588247696,,3.286884181705532,,,,5.257692661575468,,2.7480147740144294,,2.561816635412504,,2.188341827746861,,0.8200552717253142,,9.055013321845355,,2.9000848274812037,,3.0420942883296966,,3.69219499515584,,5.14905339334321,,3.125503386362708,,2.8591761558612045,0.029292563961970695,42.45833333,,29.5,40.95833333,41.70833333,32.75,44.78472222,0.0,43.14583333,22.54166667,27.63157895,27.36842105,39.91666667,22.95833333,40.75,34.66666667,,31.79166667,50.26086957,18.19047619,49.875,23.75,33.02083333,46.70833333,,23.52380952,40.27747006636364,27.100642230000002
1650,2016-07-01,0.2666730668202704,,0.7496982464558015,,0.4791383176495391,,2.6295073453644253,,,,4.31881897200842,,3.9502712376457416,,1.5370899812475023,,1.4224221880354595,0.02423935423229144,0.4100276358626571,,6.311069890983127,,2.9000848274812037,,4.14831039317686,,3.2491315957371394,0.02181168621160614,3.0426224597028058,,5.7701600979003835,,2.5340149459789503,0.032058385451942166,29.25,,16.83333333,,,24.84210526,22.34722222,5e-324,30.45833333,17.08333333,20.08333333,21.91666667,20.33333333,19.45833333,20.95833333,25.58333333,20.66666667,16.75,,,30.85416667,15.08333333,16.375,32.66666667,,16.29166667,22.815972221000003,18.967543859000003
1651,2016-07-02,0.2666730668202704,,2.249094739367405,,0.4791383176495391,,0.4930326272558297,,,,3.755494758268192,,1.2022564636313129,,2.0494533083300035,,0.7659196397114014,,0.4100276358626571,,5.4878868617244585,,0.7250212068703009,,3.0420942883296966,,2.5106925967059714,0.10905843105803067,3.978813985765208,,3.60635006118774,,1.726718149029904,0.028412529851525217,34.625,,24.5,61.13043478,30.5,47.91666667,30.97222222,0.0,38.125,26.13043478,28.66666667,52.79166667,27.5,45.25,26.0,63.625,26.75,40.125,59.91666667,63.91666667,40.60416667,35.79166667,22.58333333,75.83333333,,52.91666667,32.56192129666666,47.11896135333333
1652,2016-07-03,0.4000096002304056,,2.74889357033794,,0.4791383176495391,,,,,,4.131044234095009,,1.4598828486951654,,2.561816635412504,,1.3130050966481168,,,,9.603802008017805,,0.7250212068703009,,3.318648314541487,,2.0676291972872702,0.06543505863481841,4.212861867280808,,1.6829633618876116,,1.9733921703198904,0.01936075042980037,38.70833333,,27.70833333,41.66666667,34.54166667,36.0,36.90277778,0.0,49.70833333,31.69565217,33.20833333,32.0,34.375,,33.08333333,40.04166667,30.41666667,31.08333333,54.66666667,31.08333333,44.5625,26.38095238,24.58333333,46.60869565,,31.70833333,36.872106480833345,31.660784866363635
1653,2016-07-04,0.5333461336405407,,2.9987929858232065,,0.4791383176495391,,2.4651631362791484,,,,5.069917923662059,,4.122022161021643,,3.8427249531187564,,1.039462368179759,0.008079784744097145,0.8200552717253142,,7.683041606414242,,,,6.084188576659392,,3.9875705947683073,,5.851197037890012,,3.125503386362708,,2.904025977913929,0.022126571919771854,57.70833333,,44.70833333,71.70833333,56.79166667,62.75,56.15277778,0.0,61.29166667,55.375,55.0,57.41666667,47.5,52.36363636,34.04166667,,49.95833333,51.25,73.83333333,90.125,62.4375,59.08333333,41.75,78.95833333,69.375,88.25,54.657585469999994,60.66184572909091
1654,2016-07-05,0.9333557338709464,,1.2494970774263359,,0.2395691588247696,,1.9721305090233188,,,,2.4410715928743243,,2.490388388950576,,1.0247266541650015,,1.5865478251164744,,0.8200552717253142,,4.66470383246579,,2.1750636206109037,,3.5952023407532776,,2.3630047968997383,0.02181168621160614,2.8085745781872054,,0.9616933496500641,,1.87248007070126,0.03256126208648245,45.58333333,,30.5,42.04166667,40.625,36.375,43.32638889,5e-324,43.3125,29.75,35.29166667,34.39130435,35.625,32.83333333,27.58333333,44.73913043,34.16666667,29.70833333,62.16666667,40.625,50.375,28.0,26.125,56.10526316,48.375,57.08333333,40.23504273538461,35.97103038333333
1655,2016-07-06,1.0666922672810817,,1.2494970774263359,,0.2395691588247696,,1.6434420908527656,,,,3.567720020354782,,3.520893929205987,,1.280908317706252,,1.860090553584832,,1.2300829075879711,,6.0366755478969045,,3.625106034351505,,4.977972471812231,,3.1014437959309067,,3.744766104249607,,4.087196736012772,,2.5228024904657684,0.02099509949205625,47.66666667,,33.29166667,56.91666667,42.5,52.91666667,43.70138889,0.0,53.0,32.66666667,40.16666667,48.54166667,39.33333333,45.73913043,26.25,63.45833333,37.625,43.125,67.20833333,39.08333333,50.375,42.75,31.0,66.33333333,50.29166667,43.20833333,43.26228632538462,44.561594202500004
1656,2016-07-07,1.0666922672810817,,0.7496982464558015,,0.4791383176495391,,3.1225399726202547,,,,3.755494758268192,,3.606769390893938,,1.5370899812475023,,2.13363328205319,,1.2300829075879711,,7.408647263328017,,1.4500424137406018,,3.0420942883296966,,1.9199413974810369,,3.276670341218406,,3.60635006118774,,2.5115900349525875,0.02828681069289015,34.125,,29.5,41.04166667,30.875,36.16666667,32.58333333,0.0,37.5,27.25,31.91666667,35.375,30.5,29.16666667,33.0,48.625,29.95833333,36.375,40.5,21.08333333,40.14583333,24.625,29.10416667,47.76190476,,31.60869565,33.3090277775,31.589911145833337
1657,2016-07-08,1.7333749343317573,0.0787687170125329,0.9995976619410686,,0.4791383176495391,,1.4790978817674891,,,,3.567720020354782,,2.7480147740144294,,3.0741799624950046,,1.4224221880354595,,1.2300829075879711,,5.762281204810683,,0.7250212068703009,,3.318648314541487,,3.1014437959309067,,4.680957630312009,,3.8467733986002566,,2.365828113281232,0.028161091534255087,15.70833333,,15.45833333,12.41666667,15.70833333,8.75,18.44444444,0.0,18.77083333,9.826086957000001,16.625,9.041666667000001,17.20833333,7.833333333,19.58333333,,15.0,10.375,23.83333333,3.708333333,23.3125,6.608695652000001,15.41666667,12.04166667,17.33333333,6.666666667,17.87713675,7.933465086272727
1658,2016-07-09,0.4000096002304056,,2.9987929858232065,,0.7187074764743087,,0.4930326272558297,,,,4.31881897200842,,3.3491430058300846,,2.3056349718712528,,1.3130050966481168,,0.4100276358626571,,3.292732117034676,,2.1750636206109037,,2.7655402621179057,,1.9199413974810369,,4.9150055118276095,,1.9233866993001283,,2.06309181442534,0.026526742471999213,39.33333333,,31.28571429,45.45833333,38.04761905,33.5,38.82539683,0.0,43.21428571,25.04166667,35.23809524,33.29166667,33.904761900000004,26.95833333,31.14285714,,35.42857143,27.75,49.14285714,29.91666667,46.16666667,29.45833333,28.42857143,47.86956522,42.23809524,35.29166667,37.87667887692308,30.412384717272722
1659,2016-07-10,0.13333653341013518,,6.4973848026169465,,1.1978457941238478,,2.300818927193872,,,,7.135440040709564,,2.6621393123264783,,2.561816635412504,,0.8753367310987444,,,,8.506224635672911,,2.1750636206109037,,2.4889862359061152,,3.3968193955433734,,4.4469097487964095,,2.644656711537676,,2.6573519566239434,0.02313232518885239,28.61904762,,20.66666667,,25.71428571,38.5,26.5,0.0,30.71428571,31.58333333,25.38095238,,,33.04545455,28.04761905,,22.904761899999997,30.875,33.71428571,37.79166667,33.02380952,32.375,23.38095238,,29.23809524,42.5,27.325396824166663,30.83380681875
1660,2016-07-11,0.6666826670506759,,0.4997988309705343,,0.4791383176495391,,2.793851554449702,,,,3.755494758268192,,3.2632675441421344,,0.7685449906237511,,1.5318392794228028,,,,6.859858577155572,,2.9000848274812037,0.7495375079887442,2.7655402621179057,,3.69219499515584,0.02181168621160614,3.744766104249607,,3.8467733986002566,,2.365828113281232,0.02979544059651096,23.91666667,,18.66666667,45.25,23.45833333,37.08333333,23.75,5e-324,24.79166667,32.45833333,22.79166667,38.04166667,22.83333333,27.5,24.75,,17.95652174,32.38095238,37.83333333,28.5,27.39583333,26.95652174,20.41666667,46.69565217,28.20833333,46.94736842,24.366847826153844,32.89216618545454
1661,2016-07-12,1.2000288006912163,,0.7496982464558015,,0.7187074764743087,,2.1364747181085955,,,,4.506593709921829,,1.6316337720710672,,3.5865432895775053,,2.078924736359518,0.008079784744097145,0.8200552717253142,,7.134252920241798,,0.7250212068703009,,3.5952023407532776,,1.3291901982561023,,4.9150055118276095,,2.40423337412516,,2.298553380202145,0.026526742471999213,22.95833333,,17.20833333,63.91666667,20.79166667,41.25,20.27777778,0.0,22.45833333,37.91666667,19.58333333,46.75,17.75,35.58333333,19.58333333,,13.63157895,37.875,34.33333333,14.95652174,35.45833333,26.125,16.95833333,,20.08333333,39.75,21.62123256692308,34.412318841
1662,2016-07-13,0.6666826670506759,,1.2494970774263359,,0.9582766352990782,,2.300818927193872,,,,3.3799452824413723,,2.1468865421987724,,6.6607232520725095,,1.5318392794228028,,0.4100276358626571,,3.292732117034676,,0.7250212068703009,,3.8717563669650685,,1.7722535976748033,,3.0426224597028058,,4.3276200734252885,,2.197641280583514,0.02577242752018881,30.25,,20.66666667,33.75,28.25,35.95833333,30.16666667,5e-324,32.95833333,24.375,28.04166667,32.66666667,28.16666667,27.79166667,29.91666667,38.54166667,25.63636364,31.04545455,38.33333333,27.125,35.9375,25.45,24.95833333,50.04166667,32.08333333,33.41666667,29.643502331538464,30.013510102499996
1663,2016-07-14,0.4000096002304056,,0.7496982464558015,,0.7187074764743087,,2.300818927193872,,,,2.8166210687011435,,3.177392082454184,,0.7685449906237511,,1.641256370810146,,,,6.585464234069352,,1.4500424137406018,,4.14831039317686,,2.953755996124672,,3.744766104249607,,2.8850800489501918,,2.2088537360966947,0.0246409550924732,29.875,,23.625,,25.25,32.33333333,27.0,0.0,25.95833333,23.56521739,25.0,33.33333333,24.16666667,23.70833333,28.75,35.125,21.25,31.66666667,30.7826087,16.3,32.125,24.33333333,22.52083333,43.90909091,27.75,23.08695652,26.465649386923076,26.123751346363637
1664,2016-07-15,,,1.7492959083968702,,0.2395691588247696,,1.6434420908527656,,,,3.1921705445279627,,3.77852031426984,,4.6112699437425055,,1.4771307337291313,,0.4100276358626571,,6.311069890983127,,1.4500424137406018,,2.4889862359061152,,1.6245657978685697,,2.574526696671605,,2.644656711537676,,2.152791458530789,0.02476667425110827,40.57142857,,29.76190476,64.25,36.76190476,58.79166667,40.38095238,0.0,38.16666667,54.70833333,35.04761905,51.45833333,34.0,47.125,34.61904762,62.58333333,34.095238099999996,59.33333333,52.38095238,55.54166667,46.57142857,56.58333333,30.28571429,65.0,43.095238099999996,62.70833333,38.13369963461538,53.17361111
1665,2016-07-16,0.2666730668202704,,1.7492959083968702,,0.4791383176495391,,2.6295073453644253,,,,3.755494758268192,,2.7480147740144294,,1.5370899812475023,,0.8753367310987444,,,,7.957435949500465,,0.7250212068703009,,4.14831039317686,,2.5106925967059714,0.04362337242321227,3.744766104249607,,1.20211668706258,,2.06309181442534,0.024138078457932928,35.5,,29.45833333,51.79166667,32.20833333,44.20833333,31.72916667,0.0,36.375,35.625,31.41666667,40.79166667,28.45833333,39.91666667,27.82608696,49.61904762,30.375,39.375,45.45833333,37.83333333,43.3125,34.5,25.72916667,55.70833333,38.08333333,46.625,33.53309643230769,39.666170635
1666,2016-07-17,0.5333461336405407,,1.7492959083968702,,0.9582766352990782,,0.3286884181705532,,,,3.1921705445279627,,2.576263850638527,,2.0494533083300035,,1.4771307337291313,,0.4100276358626571,,6.585464234069352,,0.7250212068703009,,1.9358781834825345,,2.953755996124672,,3.978813985765208,,1.20211668706258,,1.950967259293528,0.02313232518885239,44.95833333,,31.29166667,27.125,38.95833333,25.375,43.27083333,0.0,46.4375,18.43478261,38.29166667,22.875,34.66666667,18.33333333,35.66666667,32.08333333,35.45833333,23.95833333,48.54166667,24.66666667,54.70833333,21.79166667,30.1875,29.54166667,44.875,19.91666667,40.5625,22.008454106666665
1667,2016-07-18,0.4000096002304056,,0.9995976619410686,,0.4791383176495391,,3.1225399726202547,,,,4.506593709921829,,4.894901316213201,,1.7932716447887531,,1.6959649165038175,0.008079784744097145,0.4100276358626571,,6.859858577155572,,0.7250212068703009,,2.7655402621179057,,3.1014437959309067,,5.14905339334321,,2.1638100367126443,,2.6461395011107616,0.02187513360250172,37.20833333,,28.54166667,32.0,32.16666667,24.33333333,36.66666667,5e-324,41.125,18.95652174,31.58333333,24.0,24.38095238,18.7,27.54166667,29.25,31.375,23.125,43.625,18.71428571,45.95833333,18.70833333,30.41666667,,40.875,18.70833333,34.72802197846154,20.590527949090905
1668,2016-07-19,0.2666730668202704,,1.7492959083968702,,0.4791383176495391,,2.793851554449702,,,,5.257692661575468,,2.490388388950576,,2.817998298953753,,1.5865478251164744,,0.8200552717253142,,6.311069890983127,,1.4500424137406018,,1.9358781834825345,,2.0676291972872702,,2.574526696671605,,4.087196736012772,,2.25370355814942,0.029669721437875888,27.875,,25.91666667,18.73913043,26.33333333,15.33333333,27.5625,0.0,30.66666667,15.79166667,28.75,12.95833333,26.625,12.375,29.16666667,19.70833333,24.625,14.83333333,34.13636364,14.25,30.52083333,14.45833333,31.5625,,30.625,14.16666667,28.79734848538461,13.874011856363637
1669,2016-07-20,0.4000096002304056,,0.4997988309705343,,0.7187074764743087,,2.1364747181085955,,,,5.445467399488877,,3.606769390893938,,1.0247266541650015,,2.13363328205319,0.008079784744097145,0.8200552717253142,,4.9390981755520125,,2.1750636206109037,,2.2124322096943247,,3.1014437959309067,0.08724674484642454,3.0426224597028058,,3.3659267237752233,,2.399465479820776,0.02526955088564853,32.20833333,,32.25,19.95833333,31.72727273,14.55,35.08333333,0.0,35.75,13.54166667,35.125,12.29166667,33.20833333,12.58333333,34.95833333,16.08333333,29.16666667,13.83333333,41.0,13.375,36.33333333,14.29166667,35.58333333,17.72727273,37.95833333,16.60869565,34.642482516153855,13.737025142500002
1670,2016-07-21,0.9333557338709464,,1.9991953238821367,,0.7187074764743087,,1.6434420908527656,,,,4.506593709921829,0.027732037901623617,2.9197656973903308,,3.8427249531187564,,1.3677136423417882,,0.4100276358626571,,7.683041606414242,,0.7250212068703009,,3.0420942883296966,,2.5106925967059714,,3.276670341218406,,4.568043410837803,,2.433102846360319,0.02690389994790441,33.52941176,,26.57142857,28.41666667,29.95238095,23.08333333,31.57142857,0.0,36.35714286,17.95833333,25.89473684,18.6,28.95238095,17.70833333,30.0952381,24.20833333,29.19047619,21.25,34.95238095,16.20833333,32.80952381,16.54545455,27.33333333,26.58333333,33.66666667,19.45833333,30.836656119230767,19.16837121083333
1671,2016-07-22,0.4000096002304056,,0.7496982464558015,,0.7187074764743087,,1.4790978817674891,,,,3.755494758268192,,3.606769390893938,,1.280908317706252,,0.7112110940177299,0.008079784744097145,,,5.762281204810683,,2.9000848274812037,,3.318648314541487,,3.2491315957371394,0.02181168621160614,4.680957630312009,,3.125503386362708,,2.1303665475044267,0.027281057423809613,30.29411765,,10.18181818,20.0,25.29166667,20.45833333,24.86111111,0.0,28.4375,17.73913043,23.5,21.04166667,27.58823529,19.10526316,20.58333333,28.25,21.45833333,21.625,35.66666667,16.04166667,31.02083333,20.45833333,21.22916667,26.41666667,27.5,16.0,25.200983248461533,18.928005021666667
1672,2016-07-23,0.13333653341013518,,1.2494970774263359,,0.7187074764743087,,1.8077862999380423,,,,3.3799452824413723,,2.9197656973903308,,0.2561816635412504,,0.7659196397114014,,,,6.585464234069352,,1.4500424137406018,,1.3827701310589529,,1.7722535976748033,,5.851197037890012,,0.48084667482503207,,1.7603555155694477,0.0238866401406628,22.875,,20.0,20.66666667,21.04166667,15.58333333,22.02777778,5e-324,24.91666667,12.04166667,20.08333333,16.625,18.70833333,14.52173913,19.54166667,20.5,20.33333333,15.04166667,24.04166667,8.375,23.41666667,11.16666667,19.25,23.83333333,21.5,10.58333333,21.36431624,14.078200483333331
1673,2016-07-24,0.9333557338709464,,4.2482900632495415,,0.7187074764743087,,2.6295073453644253,,,,3.9432694961816015,,2.576263850638527,,0.2561816635412504,,0.9300452767924158,0.008079784744097145,,,4.390309489379567,,0.7250212068703009,,1.1062161048471624,,2.806068196318438,,5.617149156374412,,1.6829633618876116,,2.0518793589121587,0.01973790790570557,39.60869565,,29.83333333,32.45833333,33.66666667,29.08333333,36.51388889,0.0,40.3125,20.75,31.75,25.45833333,29.79166667,22.375,29.70833333,30.79166667,33.25,28.20833333,39.79166667,16.41666667,38.91666667,23.45833333,26.83333333,31.45833333,34.91666667,21.25,34.222570606153845,23.475694443333335
1674,2016-07-25,0.13333653341013518,,0.4997988309705343,,0.2395691588247696,,1.9721305090233188,,,,4.694368447835239,,2.83389023570238,,3.0741799624950046,,0.6017940026303868,,,,7.683041606414242,,,,2.2124322096943247,,3.2491315957371394,0.06543505863481841,2.574526696671605,,3.60635006118774,,2.0294544478857963,0.023006606030217328,39.95833333,,29.39130435,38.28571429,35.75,33.33333333,37.20833333,0.0,42.33333333,25.33333333,34.16666667,31.45833333,19.0,25.44444444,4.0,40.70833333,32.79166667,26.75,47.08333333,33.16666667,47.70833333,26.91666667,27.6875,38.52173913,40.54166667,33.70833333,33.66311315461539,29.46890815416667
1675,2016-07-26,0.2666730668202704,,1.4993964929116033,,0.7187074764743087,,1.9721305090233188,,,,6.008791613229108,,4.293773084397545,,1.280908317706252,,1.5865478251164744,,,,7.957435949500465,,1.4500424137406018,,3.5952023407532776,,4.873697393605709,,3.0426224597028058,,2.1638100367126443,,2.6685644121371244,0.0227551677129472,44.125,,31.29166667,37.66666667,36.625,28.25,40.31944444,5e-324,45.85416667,21.86956522,36.58333333,27.75,33.375,19.95833333,,34.04166667,36.08333333,25.875,43.20833333,14.79166667,55.04166667,20.45833333,30.875,32.7826087,38.91666667,15.70833333,39.358217592500004,23.262681160000003
1676,2016-07-27,1.0666922672810817,,0.24989941548526715,,0.2395691588247696,,3.779916808961361,,,,4.31881897200842,,3.091516620766233,,3.0741799624950046,,1.8053820078911604,0.02423935423229144,0.4100276358626571,,6.859858577155572,,3.625106034351505,,3.318648314541487,,2.215316997093504,0.02181168621160614,3.978813985765208,,3.125503386362708,,2.5228024904657684,0.029921159755146032,40.95238095,,25.38095238,50.83333333,33.57142857,45.25,38.03174603,0.0,40.73809524,31.54166667,31.47619048,39.66666667,31.61904762,36.625,,51.75,29.42857143,39.5,57.75,34.5,49.52380952,34.45833333,27.21428571,57.14285714,41.66666667,36.20833333,37.27943121666667,38.1230158725
1677,2016-07-28,0.9333557338709464,,0.4997988309705343,,0.7187074764743087,,2.1364747181085955,,,,1.877747379134096,,2.490388388950576,,1.7932716447887531,,1.2035880052607737,0.01615956948819429,,,7.134252920241798,,0.7250212068703009,,3.0420942883296966,,2.0676291972872702,,3.0426224597028058,,3.3659267237752233,,1.9285423482671653,0.02828681069289015,23.95833333,,17.33333333,39.58333333,21.33333333,28.25,23.34027778,0.0,23.10416667,21.79166667,20.625,27.45833333,20.54166667,22.0,,32.875,17.41666667,30.25,34.375,15.5,28.39583333,17.66666667,19.70833333,35.75,26.375,18.20833333,23.04224537,24.111111110833335
1678,2016-07-29,0.13333653341013518,,1.9991953238821367,,0.2395691588247696,,0.8217210454263828,,,,1.1266484274804571,,2.4045129272626253,,1.280908317706252,,1.2035880052607737,,,,5.213492518638237,,2.1750636206109037,,4.14831039317686,,2.953755996124672,,5.14905339334321,,2.644656711537676,,1.8612676151880785,0.021623695285231583,39.5,,28.29166667,39.625,28.26315789,29.21052632,36.65277778,0.0,45.64583333,23.04166667,34.625,28.04166667,33.125,27.0,,36.54166667,37.66666667,28.45833333,33.875,20.95833333,37.6875,22.25,29.5625,39.56521739,29.95833333,27.375,34.57111963916667,26.838950864999997
1679,2016-07-30,0.8000192004608111,,0.4997988309705343,,0.4791383176495391,,1.3147536726822129,,,,4.31881897200842,,1.4598828486951654,,1.5370899812475023,,1.0941709138734306,,,,4.66470383246579,,0.7250212068703009,,1.1062161048471624,,0.8861267988374016,,3.0426224597028058,,1.4425400244750959,,1.4688316722267365,0.020869380333421183,29.66666667,,19.20833333,26.0,28.20833333,22.70833333,28.47222222,0.0,32.54166667,17.91666667,26.25,20.29166667,25.58333333,17.95833333,25.04166667,26.91666667,23.81818182,23.35,40.04166667,20.875,34.72916667,22.33333333,21.04166667,28.04166667,33.33333333,23.47826087,28.302787490769227,20.822493961666666
1680,2016-07-31,0.2666730668202704,,1.4993964929116033,,0.4791383176495391,,1.150409463596936,,,,1.877747379134096,,3.9502712376457416,,2.561816635412504,,1.0941709138734306,0.008079784744097145,0.4100276358626571,,3.292732117034676,,2.9000848274812037,,2.2124322096943247,0.04084365565877481,2.658380396512205,,4.212861867280808,,2.1638100367126443,,1.9397548037803465,0.016469209781193823,28.45833333,,22.0,39.35294118,25.79166667,33.04166667,27.05555556,0.0,33.47916667,23.04166667,25.25,30.79166667,23.33333333,25.125,23.91666667,32.95833333,24.83333333,29.83333333,36.43478261,30.1,39.02083333,30.33333333,22.125,40.45833333,30.5,23.875,27.861436269230772,28.242606209166667
1681,2016-08-01,0.8000192004608111,,1.2494970774263359,,0.4791383176495391,,2.1364747181085955,,,,6.196566351142516,,3.606769390893938,,0.5123633270825008,,1.7506734621974889,,0.4100276358626571,,8.231830292586688,,1.4500424137406018,,1.1062161048471624,,2.3630047968997383,0.04362337242321227,2.3404788151560045,,3.8467733986002566,,2.399465479820776,0.02174941444386665,26.375,,20.16666667,,14.1,29.79166667,20.59722222,5e-324,34.16666667,18.79166667,20.95833333,22.20833333,20.83333333,21.95833333,20.5,34.16666667,20.58333333,19.91666667,,,33.75,18.70833333,16.5,37.04166667,,22.79166667,22.593686868181816,22.537500000999998
1682,2016-08-02,0.5333461336405407,,0.9995976619410686,,0.9582766352990782,,1.8077862999380423,,,,5.445467399488877,,2.9197656973903308,,2.817998298953753,,1.2035880052607737,,,,5.213492518638237,,0.7250212068703009,,2.4889862359061152,0.12253096697632446,2.658380396512205,0.02181168621160614,2.3404788151560045,,3.60635006118774,,2.141579003017608,0.02690389994790441,28.375,,21.54166667,80.875,24.5,66.54166667,24.45833333,5e-324,32.33333333,60.83333333,25.29166667,58.08333333,22.54166667,54.54166667,21.45833333,81.20833333,21.45833333,56.83333333,38.875,84.0,32.58333333,73.04166667,18.375,79.625,,84.0,25.98263888833333,64.9652777775
1683,2016-08-03,0.5333461336405407,,1.7492959083968702,,0.9582766352990782,,1.9721305090233188,,,,1.877747379134096,,2.9197656973903308,,,,1.8053820078911604,,0.4100276358626571,,6.585464234069352,,1.4500424137406018,,3.5952023407532776,,3.2491315957371394,0.04362337242321227,3.276670341218406,,4.568043410837803,,2.2312786471230566,0.024012359299297858,27.20833333,,22.95833333,32.45833333,30.0,26.45833333,31.52777778,0.0,33.20833333,22.30434783,28.91666667,23.125,29.83333333,,28.45833333,33.33333333,20.33333333,24.0,38.79166667,17.3,36.89583333,,23.875,49.41666667,,28.95652174,29.333912035833333,25.735253623000006
1684,2016-08-04,0.4000096002304056,0.019692179253133223,0.9995976619410686,,0.4791383176495391,,3.451228390790808,,,,3.1921705445279627,,3.091516620766233,,0.2561816635412504,,2.4071760105215474,0.008079784744097145,,,4.115915146293344,,0.7250212068703009,,3.0420942883296966,,2.806068196318438,,3.276670341218406,,5.7701600979003835,,2.3770405687944134,0.0250181125683784,64.66666667,,40.125,80.625,54.70833333,74.625,54.89583333,0.0,63.54166667,59.58333333,50.08333333,63.375,47.91666667,62.125,28.91666667,,48.75,64.875,62.79166667,74.0,62.5625,64.5,35.45833333,88.95833333,54.16666667,89.25,51.429487179999995,65.62878787818181
1685,2016-08-05,0.4000096002304056,,0.7496982464558015,,1.1978457941238478,,,,,,3.3799452824413723,,3.9502712376457416,,1.5370899812475023,,1.1488794595671021,,0.4100276358626571,,5.762281204810683,,1.4500424137406018,,2.2124322096943247,,1.7722535976748033,,2.8085745781872054,,3.60635006118774,,1.9397548037803465,,50.33333333,,39.45833333,36.95833333,49.66666667,35.375,53.30555556,0.0,52.10416667,29.79166667,47.625,34.5,49.45833333,32.66666667,39.33333333,38.91666667,39.91666667,28.70833333,65.54166667,37.5,60.5,28.875,38.86956522,58.6,56.375,40.5,49.42212467538461,33.53263888916666
1686,2016-08-06,0.13333653341013518,,0.7496982464558015,,0.9582766352990782,,0.8217210454263828,,,,2.2532968549609147,,1.717509233759018,,4.6112699437425055,,1.039462368179759,,,,4.66470383246579,,0.7250212068703009,,1.3827701310589529,,1.6245657978685697,,4.212861867280808,,1.20211668706258,,1.558531316332186,0.02665246163063428,50.66666667,,37.5,54.94736842,46.08333333,48.0,48.77777778,5e-324,52.20833333,34.875,43.04166667,47.29166667,43.875,33.20833333,31.75,43.25,38.0,48.66666667,65.75,23.125,57.3125,35.45833333,34.79166667,56.04347826,50.125,29.33333333,46.14476495769231,37.8499316675
1687,2016-08-07,0.4000096002304056,,2.74889357033794,,0.2395691588247696,,,,,,3.567720020354782,,1.717509233759018,,1.280908317706252,,1.2582965509544453,0.008079784744097145,,,6.311069890983127,,0.7250212068703009,,1.1062161048471624,,2.0676291972872702,,3.744766104249607,,0.9616933496500641,,1.614593593898092,0.02174941444386665,46.217391299999996,,36.5,50.16666667,40.625,37.33333333,44.02777778,0.0,49.0625,33.66666667,39.54166667,37.41666667,36.29166667,27.125,40.5,45.52173913,39.625,37.28571429,46.70833333,20.45833333,47.72916667,27.70833333,35.39583333,52.375,,33.875,41.852027979166664,33.57770445166667
1688,2016-08-08,0.6666826670506759,,1.7492959083968702,,0.2395691588247696,,1.4790978817674891,,,,2.2532968549609147,,2.7480147740144294,,3.8427249531187564,,0.9300452767924158,,,,5.4878868617244585,,3.625106034351505,,2.4889862359061152,,3.3968193955433734,,4.4469097487964095,,2.40423337412516,,2.06309181442534,0.01747496305027436,16.14285714,,11.52380952,22.04166667,16.14285714,13.75,17.52380952,0.0,14.30952381,17.16666667,16.52380952,13.375,16.95238095,12.65217391,14.0,,11.71428571,15.25,28.42857143,6.958333333,25.0,12.54166667,14.52380952,21.375,22.38095238,11.08333333,17.320512818461534,13.290349143909088
1689,2016-08-09,0.5333461336405407,,1.7492959083968702,,0.2395691588247696,,2.1364747181085955,,,,4.506593709921829,,2.6621393123264783,,1.5370899812475023,,1.7506734621974889,0.008079784744097145,0.8200552717253142,,7.957435949500465,,2.9000848274812037,,4.4248644193886495,0.08168731131754962,2.215316997093504,,2.106430933640404,,3.125503386362708,,2.309765835715326,0.018103558843449698,27.16666667,,21.41666667,48.875,26.08333333,33.16666667,27.76388889,0.0,29.41666667,32.20833333,23.58333333,33.0,23.66666667,27.54166667,24.375,,24.79166667,26.91666667,43.70833333,32.33333333,36.4375,28.41666667,20.45833333,49.13636364,33.5,40.25,27.874465812307694,31.985881543636367
1690,2016-08-10,0.4000096002304056,,0.9995976619410686,,0.2395691588247696,,0.8217210454263828,,,,2.628846330787734,,2.7480147740144294,,0.7685449906237511,,0.9300452767924158,0.01615956948819429,,,5.762281204810683,,1.4500424137406018,,2.4889862359061152,,1.9199413974810369,,3.0426224597028058,,2.40423337412516,,1.6482309604376355,0.02313232518885239,23.25,,19.41666667,,23.45833333,18.08333333,24.64583333,5e-324,24.16666667,17.33333333,23.5,,22.82608696,15.625,26.16666667,,19.41666667,15.625,23.2,15.76470588,26.83333333,16.08333333,22.9375,,24.0,20.66666667,23.37059643307692,14.8976715675
1691,2016-08-11,1.7333749343317573,,0.4997988309705343,,0.2395691588247696,,1.4790978817674891,,,,3.3799452824413723,0.027732037901623617,1.88926015713492,,5.379814934366259,,1.3677136423417882,,0.4100276358626571,,4.66470383246579,,2.9000848274812037,,3.0420942883296966,,2.215316997093504,0.02181168621160614,2.106430933640404,,3.60635006118774,,2.0518793589121587,0.025898146678823872,23.45833333,,16.95833333,53.0,19.33333333,44.95833333,20.90972222,0.0,21.0,38.82608696,17.20833333,47.91666667,17.66666667,36.625,20.91666667,,17.91666667,39.04166667,25.625,27.91304348,25.29166667,37.20833333,16.14583333,58.125,21.625,34.61904762,20.311965811538464,38.02119800545454
1692,2016-08-12,0.4000096002304056,,1.2494970774263359,,0.4791383176495391,,2.4651631362791484,,,,3.3799452824413723,,2.6621393123264783,,0.7685449906237511,,0.9300452767924158,0.01615956948819429,0.8200552717253142,,6.585464234069352,,1.4500424137406018,,3.5952023407532776,0.04084365565877481,1.6245657978685697,,4.212861867280808,,4.3276200734252885,,2.0406669033989773,0.0184807163193549,39.375,,24.58333333,75.25,30.79166667,59.375,32.20138889,0.0,35.29166667,53.5,28.625,63.91666667,16.0,47.6,32.79166667,,28.79166667,51.45833333,43.0,39.04166667,39.89583333,43.08333333,26.33333333,,28.0,54.63636364,31.206196581538464,48.786136364
1693,2016-08-13,0.6666826670506759,,1.4993964929116033,,0.4791383176495391,,,,,,2.4410715928743243,,2.3186374655746738,,1.0247266541650015,,1.2582965509544453,0.02423935423229144,0.4100276358626571,,4.390309489379567,,1.4500424137406018,,3.5952023407532776,,2.0676291972872702,,3.744766104249607,,,,1.5921686828717296,0.023006606030217328,44.875,,32.29166667,40.83333333,39.5,36.08333333,42.66666667,0.0,44.95833333,25.04166667,36.83333333,35.66666667,34.91666667,31.79166667,36.375,,36.0,30.58333333,61.04166667,29.20833333,54.0625,29.91666667,32.08333333,52.63636364,45.91666667,42.54166667,41.655448718461535,32.20936639181818
1694,2016-08-14,0.2666730668202704,,1.9991953238821367,,0.4791383176495391,,2.300818927193872,,,,1.314423165393867,,2.83389023570238,,4.355088280201256,,1.2582965509544453,,0.4100276358626571,,1.6463660585173376,,,,1.9358781834825345,0.04084365565877481,4.282946194380775,,2.574526696671605,,0.7212700122375479,,1.8276302486485343,0.022880886871582257,47.75,,35.095238099999996,39.47826087,42.04761905,28.83333333,45.93650794,0.0,49.57142857,25.45833333,38.85714286,21.91666667,39.66666667,27.04166667,40.71428571,,37.76190476,25.66666667,63.44444444,31.05555556,58.0952381,27.65217391,37.14285714,42.217391299999996,54.33333333,37.81818182,45.41666666692308,27.921657284545457
1695,2016-08-15,0.4000096002304056,,1.2494970774263359,,0.7187074764743087,,2.793851554449702,,,,1.877747379134096,0.027732037901623617,3.520893929205987,,2.3056349718712528,,0.820628185405073,,0.4100276358626571,0.06055607940030736,6.0366755478969045,,6.5251908618327095,,4.14831039317686,,1.9199413974810369,,4.680957630312009,,0.24042333741251604,,2.06309181442534,0.01785212052617956,33.41666667,,23.83333333,39.25,30.58333333,28.95833333,32.09722222,0.0,35.29166667,27.75,27.83333333,26.5,25.875,27.08333333,26.625,,27.5,26.25,44.58333333,25.625,39.5,23.70833333,22.66666667,35.82608696,38.375,34.42857143,31.398504273076924,26.852696216363633
1696,2016-08-16,0.8000192004608111,,1.7492959083968702,,0.2395691588247696,,,,,,3.567720020354782,,3.6926448525818887,,2.0494533083300035,,1.9147990992785042,0.008079784744097145,0.8200552717253142,,6.311069890983127,,1.4500424137406018,,2.4889862359061152,,3.1014437959309067,,6.319292800921213,,0.48084667482503207,,2.298553380202145,0.020492222857515976,21.125,,17.75,26.125,19.79166667,20.95833333,20.08333333,0.0,27.08333333,16.58333333,20.29166667,17.95833333,19.625,17.41666667,20.0,,18.16666667,18.91666667,28.58333333,19.79166667,30.97916667,18.70833333,18.52083333,26.17391304,23.5,20.875,21.96153846153846,18.50065876090909
1697,2016-08-17,0.8000192004608111,,1.2494970774263359,,,,3.1225399726202547,,,,3.9432694961816015,,4.379648546085496,,2.561816635412504,,1.4224221880354595,,,,7.408647263328017,,5.075148448092107,,1.6593241572707436,,2.215316997093504,,3.276670341218406,,,,2.320978291228508,0.02313232518885239,20.91666667,,19.04166667,40.04761905,21.54166667,27.04166667,22.59722222,0.0,27.16666667,17.26086957,20.33333333,28.52173913,20.625,23.83333333,21.82608696,,21.33333333,20.38095238,28.72727273,11.76470588,28.33333333,14.625,20.64583333,39.77272727,6.444444444,,21.50250202723077,22.324861328
1698,2016-08-18,0.5333461336405407,,1.2494970774263359,,0.2395691588247696,,1.9721305090233188,,,,3.567720020354782,,3.77852031426984,,1.7932716447887531,,2.078924736359518,0.01615956948819429,0.4100276358626571,,6.859858577155572,,2.9000848274812037,,3.5952023407532776,,1.7722535976748033,0.02181168621160614,2.574526696671605,,3.8467733986002566,,2.3770405687944134,0.02577242752018881,24.83333333,,18.83333333,27.29166667,22.0,16.80952381,24.875,0.0,22.875,15.40909091,22.70833333,16.95833333,25.29166667,16.125,29.08333333,,19.58333333,16.45833333,33.16666667,6.75,33.47916667,8.583333332999999,22.79166667,25.90909091,27.95833333,,25.190705127692304,15.029437229300001
1699,2016-08-19,0.5333461336405407,0.03938435850626645,0.7496982464558015,,,,0.8217210454263828,,,,3.004395806614553,,3.0056411590782814,,1.0247266541650015,,0.5470854569367153,0.02423935423229144,,,5.762281204810683,,0.7250212068703009,,2.2124322096943247,,2.215316997093504,,4.4469097487964095,,1.4425400244750959,,1.6482309604376355,0.026023865837458943,27.58333333,,29.54166667,36.70833333,27.16666667,20.875,27.36111111,5e-324,32.875,19.41666667,28.125,18.83333333,25.25,18.70833333,25.625,,28.5,20.58333333,31.95833333,11.58333333,29.8125,16.04166667,26.33333333,31.26315789,26.20833333,,28.18002136692308,19.401315787999998
1700,2016-08-20,0.5333461336405407,0.019692179253133223,0.7496982464558015,,0.2395691588247696,,1.150409463596936,,,,0.5633242137402287,,1.6316337720710672,,1.7932716447887531,,1.039462368179759,0.02423935423229144,,,6.585464234069352,,2.1750636206109037,,1.1062161048471624,,1.476877998062336,,2.574526696671605,,,,1.2894323840158373,0.02665246163063428,38.095238099999996,,37.095238099999996,38.0,40.0,22.16666667,37.58730159,0.0,46.5,14.33333333,39.57142857,23.66666667,37.23809524,18.0,37.52380952,,35.76190476,26.16666667,35.85714286,12.41666667,39.28571429,18.54166667,34.30952381,34.33333333,32.57142857,,37.79975580076923,20.762500001
1701,2016-08-21,1.0666922672810817,,2.4989941548526717,,0.2395691588247696,,0.9860652545116594,,,,3.1921705445279627,,2.490388388950576,,1.5370899812475023,,0.7659196397114014,,,,7.134252920241798,,0.7250212068703009,,1.1062161048471624,,1.6245657978685697,0.06543505863481841,3.5107182227340066,,0.9616933496500641,,1.7042932380035414,0.0184807163193549,26.45833333,,21.16666667,38.29166667,24.33333333,27.83333333,25.94444444,0.0,35.1875,17.95652174,24.66666667,28.0,24.33333333,22.20833333,27.0,,24.875,22.54166667,36.125,14.58333333,35.45833333,18.08695652,20.58333333,41.04166667,29.29166667,,27.340277776923077,23.054347825999997
1702,2016-08-22,0.9333557338709464,,1.7492959083968702,,0.2395691588247696,,1.150409463596936,,,,4.31881897200842,,3.9502712376457416,,2.3056349718712528,,0.8753367310987444,0.01615956948819429,,,7.957435949500465,,0.7250212068703009,,1.6593241572707436,,2.3630047968997383,,3.5107182227340066,,2.644656711537676,,2.175216369557152,0.014457703243032747,28.45833333,,,36.5,27.79166667,32.58333333,28.0,0.0,33.47916667,27.375,27.875,25.66666667,25.30434783,32.13043478,25.75,,25.95833333,28.16666667,41.08333333,25.83333333,36.83333333,26.66666667,23.20833333,38.95833333,27.27272727,,29.25121459083334,27.388043478000004
1703,2016-08-23,1.2000288006912163,,1.7492959083968702,,0.9582766352990782,,1.9721305090233188,,,,3.3799452824413723,,1.4598828486951654,,2.0494533083300035,,0.9847538224860876,,,,9.055013321845355,,1.4500424137406018,,2.2124322096943247,,2.3630047968997383,,2.8085745781872054,,2.1638100367126443,,1.9397548037803465,0.019109312112530242,36.04545455,,,39.29166667,33.5,31.16666667,33.65277778,0.0,40.375,24.375,23.45,25.65,29.41666667,27.41666667,27.83333333,,30.25,25.95833333,34.375,20.625,35.83333333,26.41666667,26.39583333,43.95652174,33.79166667,28.125,32.076588805,26.634683795454546
1704,2016-08-24,0.4000096002304056,,2.4989941548526717,,0.7187074764743087,,3.1225399726202547,,,,4.694368447835239,,2.4045129272626253,,1.7932716447887531,,0.9300452767924158,,,,8.231830292586688,,1.4500424137406018,,3.5952023407532776,,2.953755996124672,0.06543505863481841,2.106430933640404,,5.289313423075352,,2.332190746741688,0.02438951677520307,27.58333333,,,42.41666667,24.58333333,33.91666667,30.33333333,0.0,24.875,23.34782609,23.66666667,33.875,26.70833333,21.79166667,26.54166667,,20.75,28.125,33.125,17.66666667,33.875,20.125,20.91666667,44.79166667,31.0,22.83333333,26.996527777500003,26.262681160909093
1705,2016-08-25,0.5333461336405407,,0.7496982464558015,,0.2395691588247696,,0.9860652545116594,,,,5.069917923662059,,2.83389023570238,,1.280908317706252,,1.3130050966481168,,,,3.841520803207121,,1.4500424137406018,,1.3827701310589529,,2.953755996124672,,3.276670341218406,,3.8467733986002566,,1.950967259293528,0.02174941444386665,38.70833333,,,31.16666667,37.58333333,32.33333333,40.05555556,0.0,39.125,21.125,36.58333333,29.33333333,36.45833333,24.09090909,37.08333333,,30.375,26.25,47.83333333,26.625,42.97916667,29.5,31.22916667,37.17391304,40.60869565,25.95454545,38.21854871083334,25.77751826454546
1706,2016-08-26,0.5333461336405407,,1.9991953238821367,,0.2395691588247696,,1.4790978817674891,,,,2.4410715928743243,,1.6316337720710672,,2.3056349718712528,,1.2582965509544453,,,,5.213492518638237,,3.625106034351505,,0.8296620786353718,,2.0676291972872702,,3.744766104249607,,2.8850800489501918,,1.7379306045430851,0.02614958499609401,36.904761900000004,,,54.59090909,32.28571429,46.33333333,34.904761900000004,0.0,40.19047619,32.625,32.8,43.66666667,29.76190476,32.58333333,30.19047619,,31.75,33.7,39.14285714,31.66666667,41.66666667,32.625,28.07142857,55.375,32.23809524,30.41666667,34.15892857083333,35.78023415999999
1707,2016-08-27,1.3333653341013518,,0.7496982464558015,,1.437414952948617,,,,,,2.0655221170475047,,1.88926015713492,,1.0247266541650015,,1.1488794595671021,0.008079784744097145,,,5.213492518638237,,1.4500424137406018,,1.1062161048471624,,2.953755996124672,,3.5107182227340066,,1.6829633618876116,,1.614593593898092,0.02187513360250172,39.83333333,,28.66666667,44.45833333,33.375,36.5,35.88194444,5e-324,39.02083333,30.04347826,33.65,38.66666667,33.25,32.42105263,28.70833333,,33.70833333,30.20833333,43.0,38.29166667,47.29166667,30.45833333,27.20833333,47.375,37.04166667,35.58333333,35.433547007692304,33.09147250454546
1708,2016-08-28,0.6666826670506759,,3.748491232279008,,,,,,,,4.131044234095009,,2.3186374655746738,,3.0741799624950046,,0.7659196397114014,,,,6.585464234069352,,1.4500424137406018,,1.9358781834825345,,0.8861267988374016,,3.5107182227340066,,0.24042333741251604,,1.681868326977179,0.019486469588435442,42.26086957,,29.75,35.125,37.20833333,26.91666667,36.36111111,0.0,43.22916667,22.375,35.08333333,,42.625,26.05882353,28.5,,35.58333333,23.54166667,40.69565217,27.75,44.83333333,22.66666667,32.35416667,45.93333333,37.58333333,33.91304348,37.38981791076924,26.428020035000003
1709,2016-08-29,1.0666922672810817,,2.249094739367405,,,,1.6434420908527656,,,,2.2532968549609147,,2.9197656973903308,,2.817998298953753,,1.4224221880354595,0.02423935423229144,0.4100276358626571,,6.585464234069352,,3.625106034351505,,4.70141844560044,,3.8398827949620737,,4.4469097487964095,,3.8467733986002566,,2.4443153018735004,0.018103558843449698,35.95833333,,24.54166667,36.83333333,32.33333333,29.54166667,35.17361111,0.0,37.875,24.95454545,29.625,,30.66666667,21.54166667,31.04166667,,28.83333333,27.91666667,47.33333333,25.08333333,42.875,26.91666667,34.70833333,,37.58333333,21.5,34.50373931538462,23.809764310000002
1710,2016-08-30,0.8000192004608111,,0.7496982464558015,,0.2395691588247696,,3.6155725998760846,,,,6.3843410890559245,0.055464075803247234,3.77852031426984,,2.561816635412504,,2.078924736359518,0.01615956948819429,0.4100276358626571,,6.0366755478969045,,1.4500424137406018,0.5353839342776745,2.2124322096943247,,3.3968193955433734,0.02181168621160614,2.8085745781872054,,4.8084667482503205,,2.7582640562425738,0.0188578737952601,39.79166667,,30.875,49.20833333,35.70833333,37.125,38.23611111,0.0,45.20833333,29.83333333,34.875,32.08333333,33.375,24.0,36.625,,34.25,34.16666667,52.375,31.04166667,45.54166667,31.83333333,36.20833333,44.25,43.375,25.875,38.957264956923076,30.856060605454545
1711,2016-08-31,1.6000384009216222,,2.4989941548526717,,0.2395691588247696,,0.9860652545116594,,,,3.567720020354782,,2.9197656973903308,,4.098906616660007,0.07566981247821616,2.13363328205319,0.008079784744097145,0.4100276358626571,,10.426985037276474,,2.9000848274812037,,2.7655402621179057,0.04084365565877481,4.282946194380775,,3.5107182227340066,,5.048890085662835,,2.8591761558612045,0.027406776582444684,42.04347826,,30.75,52.70833333,41.16666667,38.45833333,40.81944444,0.0,41.375,29.375,37.83333333,33.43478261,34.45833333,27.08333333,33.08333333,,34.16666667,30.125,45.0,34.75,45.39583333,34.375,35.16666667,50.72727273,38.79166667,37.04166667,38.46541713076923,33.461701999999995
1712,2016-09-01,0.13333653341013518,,3.2486924013084733,,0.4791383176495391,,4.272949436217191,,,,4.882143185748649,,3.864395775957792,,1.0247266541650015,,2.0242161906658467,,,,7.134252920241798,,0.7250212068703009,,2.7655402621179057,,4.430633994187008,,3.978813985765208,,,,2.6685644121371244,0.03092691302422657,26.83333333,,23.41666667,,24.70833333,31.0,24.93055556,0.0,41.66666667,18.65217391,25.25,27.16666667,23.08695652,27.36363636,23.91666667,37.79166667,23.83333333,25.16666667,,,39.04166667,17.375,19.91666667,44.875,,26.20833333,26.96371322,25.559914361
1713,2016-09-02,0.8000192004608111,,1.9991953238821367,,0.4791383176495391,,1.4790978817674891,,,,5.445467399488877,,4.809025854525251,,1.7932716447887531,,1.5318392794228028,0.01615956948819429,1.2300829075879711,,10.152590694190248,,5.800169654962407,,2.4889862359061152,0.04084365565877481,3.1014437959309067,0.02181168621160614,3.978813985765208,,5.048890085662835,,2.926450888940292,0.032058385451942166,25.79166667,,18.375,64.25,20.83333333,53.95833333,22.22222222,5e-324,31.875,48.95833333,20.25,50.875,19.625,39.75,19.16666667,50.625,20.04166667,47.91666667,30.0,61.0,23.75,55.625,15.75,64.04166667,,53.125,22.306712963333336,49.177083333333336
1714,2016-09-03,0.8000192004608111,,3.4985918167937404,,0.4791383176495391,,0.8217210454263828,,,,4.882143185748649,0.027732037901623617,2.490388388950576,,2.3056349718712528,,1.4224221880354595,,,,6.0366755478969045,,2.9000848274812037,,1.1062161048471624,,1.9199413974810369,,6.319292800921213,,0.24042333741251604,,2.1079416364780643,0.029921159755146032,28.4,,20.33333333,8.047619048,25.45833333,8.708333332999999,27.05555556,0.0,31.08333333,8.041666667000001,23.58333333,8.52173913,25.29166667,,23.91304348,4.470588235,19.76190476,11.0,,,33.82608696,,25.1,11.375,,4.733333333,25.800599159090904,7.210919971777778
1715,2016-09-04,0.9333557338709464,,4.748088894220076,,0.2395691588247696,,1.8077862999380423,,,,3.755494758268192,,2.83389023570238,,2.3056349718712528,,1.6959649165038175,0.008079784744097145,,,7.134252920241798,,3.625106034351505,,1.6593241572707436,,4.430633994187008,0.02181168621160614,6.0852449194056115,,0.48084667482503207,,2.5340149459789503,0.03281270040375258,54.29166667,,45.0,80.33333333,53.70833333,61.79166667,52.47222222,0.0,63.85416667,53.20833333,52.08333333,57.875,45.95833333,57.91666667,31.08333333,71.29166667,48.20833333,58.5,62.5,56.04166667,57.27083333,58.20833333,37.79166667,78.56521739,46.875,66.45833333,50.08440170846154,58.3491847825
1716,2016-09-05,0.6666826670506759,,3.4985918167937404,,0.7187074764743087,,1.9721305090233188,,,,4.694368447835239,,4.122022161021643,,2.561816635412504,,2.2430503734405334,0.008079784744097145,0.8200552717253142,,6.311069890983127,,2.9000848274812037,,2.2124322096943247,,4.578321793993243,0.04362337242321227,4.4469097487964095,,5.7701600979003835,,3.016150533045741,0.023635201823392658,52.5,,40.83333333,55.91666667,49.75,50.375,53.55555556,0.0,58.72916667,36.58333333,47.91666667,48.25,49.125,47.25,32.875,52.125,43.04166667,40.79166667,65.79166667,47.29166667,62.4375,42.70833333,39.875,57.34782609,53.08333333,53.13043478,49.96260683846154,44.31416062833333
1717,2016-09-06,0.6666826670506759,,3.2486924013084733,,0.9582766352990782,,1.6434420908527656,,,,6.196566351142516,,4.465524007773447,,0.5123633270825008,,1.860090553584832,0.008079784744097145,0.4100276358626571,,6.585464234069352,,3.625106034351505,,3.5952023407532776,0.12253096697632446,5.464448592830643,0.06543505863481841,5.617149156374412,,4.568043410837803,,3.094637721638009,0.028412529851525217,48.095238099999996,,48.61904762,61.83333333,50.42857143,51.54166667,49.96825397,0.0,53.42857143,34.25,51.904761900000004,43.91666667,49.19047619,41.75,48.44444444,50.40909091,47.14285714,49.41666667,68.09523809999999,30.45833333,53.16666667,41.41666667,44.14285714,61.66666667,60.57142857,40.04166667,51.78449328461538,42.22506313249999
1718,2016-09-07,1.0666922672810817,,2.249094739367405,,0.9582766352990782,,3.779916808961361,,,,5.069917923662059,,3.77852031426984,,3.3303616260362547,0.03783490623910808,3.173095650232949,,0.4100276358626571,,5.762281204810683,,2.9000848274812037,,4.14831039317686,,3.9875705947683073,,3.5107182227340066,,2.8850800489501918,,3.1506999992039155,0.03381845367283312,38.76190476,,28.85714286,39.5,36.14285714,29.95833333,39.11111111,0.0,38.14285714,28.33333333,34.19047619,31.05555556,33.61904762,25.83333333,37.66666667,37.34782609,32.23809524,29.29166667,51.95238095,28.125,45.83333333,27.16666667,30.19047619,41.58333333,,31.65217391,37.22552910000001,29.153935184999998
1719,2016-09-08,0.6666826670506759,,4.498189478734808,,0.4791383176495391,,4.437293645302467,,,,4.882143185748649,,4.036146699333694,,2.561816635412504,,1.641256370810146,,1.6401105434506285,,5.762281204810683,,2.1750636206109037,,3.5952023407532776,,6.941326590892979,0.02181168621160614,4.4469097487964095,,6.491430110137931,,3.352524198441177,0.03469848778327859,33.27272727,,31.66666667,35.5,31.83333333,25.0,32.55555556,0.0,41.20833333,23.79166667,34.625,24.95833333,31.75,21.13043478,31.125,,32.25,28.33333333,36.625,14.16666667,36.375,20.95833333,28.95833333,29.54166667,31.41666667,19.21052632,33.35858585846154,22.053723736363636
1720,2016-09-09,,,2.74889357033794,,0.7187074764743087,,3.286884181705532,,,,5.8210168753156974,,3.091516620766233,,2.561816635412504,,2.188341827746861,0.040398923720485716,,,2.4695490877760062,,6.5251908618327095,,5.254526498024021,,3.8398827949620737,0.04362337242321227,4.4469097487964095,,6.491430110137931,,2.9152384334271098,0.03532708357645393,36.95833333,,24.75,54.70833333,33.375,51.25,37.16666667,0.0,35.0,38.08695652,30.75,45.625,33.95833333,40.95833333,35.04545455,,27.45833333,38.66666667,46.625,36.41666667,46.25,41.75,28.16666667,66.27272727,37.29166667,56.45833333,34.83041958076923,42.744819738181825
1721,2016-09-10,0.13333653341013518,,4.748088894220076,,0.2395691588247696,,1.9721305090233188,,,,2.8166210687011435,,4.207897622709594,,6.6607232520725095,,1.2035880052607737,0.02423935423229144,,,2.4695490877760062,,7.25021206870301,,3.8717563669650685,0.08168731131754962,5.169072993218176,0.02181168621160614,5.3831012748588085,,1.4425400244750959,,2.713414234189849,0.037590028431885136,22.66666667,,17.83333333,,23.58333333,9.291666667000001,24.375,0.0,27.04166667,8.291666667000001,22.54166667,,21.58333333,8.083333332999999,26.0,,19.54166667,8.458333332999999,28.25,8.416666667000001,26.16666667,8.333333332999999,22.4375,,25.0,11.125,23.61698718,7.75
1722,2016-09-11,0.6666826670506759,,8.496580126499081,,0.2395691588247696,,1.4790978817674891,,,,5.633242137402287,,4.207897622709594,,2.3056349718712528,,1.2035880052607737,,0.4100276358626571,,5.213492518638237,,7.25021206870301,,2.7655402621179057,0.08168731131754962,5.021385193411943,0.04362337242321227,4.212861867280808,,2.1638100367126443,,2.9152384334271098,0.032686981245117507,10.13043478,,9.5,17.22222222,10.25,24.26086957,9.076388889,0.0,14.41666667,15.91666667,9.666666667000001,26.58333333,8.833333332999999,18.83333333,9.416666667000001,,8.291666667000001,23.83333333,20.875,24.7,18.58333333,19.78947368,7.770833333,39.35,15.08333333,24.4,11.684178743538464,21.353566557272725
1723,2016-09-12,0.6666826670506759,,3.4985918167937404,,1.6769841117733868,,2.300818927193872,,,,4.506593709921829,,4.809025854525251,,4.098906616660007,,3.0636785588456057,0.008079784744097145,,,2.743943430862229,,3.625106034351505,,5.807634550447602,,4.873697393605709,0.04362337242321227,5.617149156374412,,8.895663484263087,,3.610410675244344,0.0304240363896863,17.26086957,,12.20833333,44.04166667,4.375,28.375,13.81944444,5e-324,18.91666667,33.58333333,13.20833333,34.125,13.20833333,25.625,16.20833333,,13.375,28.54166667,20.54166667,35.09090909,19.25,32.25,20.25,,16.625,31.66666667,15.326690820769231,29.329924243
1724,2016-09-13,1.466701867511487,,2.74889357033794,,0.9582766352990782,,6.0807357361552326,,,,8.63763794401684,,6.0971577798445145,,3.0741799624950046,,2.8448443760709194,0.008079784744097145,1.6401105434506285,,5.762281204810683,,3.625106034351505,0.1070767868555349,2.7655402621179057,,6.793638791086748,,4.680957630312009,,7.693546797200511,,4.283158006035216,0.032686981245117507,28.19047619,,21.095238100000003,51.79166667,24.33333333,42.54166667,27.76190476,0.0,35.28571429,32.70833333,22.47619048,41.20833333,25.14285714,36.25,29.57142857,,24.19047619,34.45833333,35.95238095,36.0,40.76190476,34.25,20.54761905,60.625,25.4,43.23809524,27.746886446923074,37.55194805181819
1725,2016-09-14,0.5333461336405407,,1.4993964929116033,,0.4791383176495391,,4.601637854387744,,,,4.882143185748649,,3.6926448525818887,,4.098906616660007,,1.9147990992785042,0.01615956948819429,0.4100276358626571,,3.5671264601208983,,5.075148448092107,,6.084188576659392,0.08168731131754962,4.578321793993243,0.04362337242321227,3.276670341218406,,6.010583435312897,,3.061000355098466,0.040481569080491685,36.125,,26.625,54.08333333,34.41666667,40.75,35.81944444,5e-324,31.05,31.125,31.625,37.58333333,34.875,32.95833333,30.5,,30.41666667,32.5,37.375,39.70833333,45.1875,32.375,28.27083333,48.72727273,23.83333333,46.91666667,32.778418803076924,36.06611570181818
1726,2016-09-15,,,1.9991953238821367,,,,2.1364747181085955,,,,3.755494758268192,,3.77852031426984,,0.5123633270825008,,2.8448443760709194,,,,3.0183377739484523,,5.800169654962407,,4.14831039317686,,4.1352583945745405,0.02181168621160614,6.0852449194056115,,3.60635006118774,,2.713414234189849,0.04802471859859573,34.33333333,,6.1111111110000005,50.625,32.25,33.16666667,34.58333333,0.0,36.85416667,33.20833333,30.33333333,31.66666667,32.58333333,33.04166667,32.70833333,,29.83333333,30.16666667,39.18181818,33.95,41.35416667,31.08333333,27.75,44.08333333,28.29166667,40.45833333,31.24368686776923,32.85909090909092
1727,2016-09-16,,,3.4985918167937404,,0.9582766352990782,,2.300818927193872,,,,2.8166210687011435,,4.036146699333694,,4.098906616660007,,0.27354272846835764,,1.2300829075879711,,8.780618978759135,,3.625106034351505,0.2141535737110698,3.0420942883296966,,2.658380396512205,,5.14905339334321,,0.9616933496500641,,2.3546156577680506,0.03432133030737339,29.875,,,,31.875,21.70833333,31.13194444,0.0,32.97916667,19.29166667,30.91666667,20.5,32.70833333,23.5,32.29166667,,30.04166667,19.375,25.66666667,21.16666667,28.64583333,19.83333333,30.75,31.04347826,12.18181818,20.83333333,29.088646885833327,19.725181158999998
1728,2016-09-17,0.9333557338709464,,2.9987929858232065,,0.4791383176495391,,1.150409463596936,,,,4.506593709921829,,2.6621393123264783,,6.148359924990009,,1.7506734621974889,,0.4100276358626571,0.06055607940030736,6.311069890983127,,4.350127241221807,0.2141535737110698,2.4889862359061152,,4.430633994187008,,4.212861867280808,,4.568043410837803,,2.7470516007293924,0.0304240363896863,33.45833333,,,,32.79166667,27.33333333,34.09722222,0.0,34.72916667,20.79166667,28.66666667,27.375,29.125,25.25,29.875,,30.91666667,23.625,33.45833333,20.125,38.60416667,21.45833333,26.0625,35.20833333,,24.54166667,31.980429293636362,22.570833333
1729,2016-09-18,1.3333653341013518,,1.4993964929116033,,0.4791383176495391,,,,,,6.947665302796153,,3.3491430058300846,,0.7685449906237511,,1.5318392794228028,0.03231913897638858,,,4.66470383246579,,2.9000848274812037,,3.0420942883296966,,4.726009593799477,0.06543505863481841,6.319292800921213,,,,2.421890390847138,0.026401023313364143,32.83333333,,,,33.875,17.45833333,34.70833333,0.0,33.89583333,14.95833333,31.83333333,16.79166667,31.375,15.33333333,32.66666667,,31.29166667,15.25,39.33333333,12.29166667,42.33333333,13.60869565,26.22916667,27.375,,13.83333333,33.67045454454546,14.690036230999999
1730,2016-09-19,1.3333653341013518,,2.74889357033794,,2.3956915882476957,,4.272949436217191,,,,4.694368447835239,0.027732037901623617,3.9502712376457416,,3.0741799624950046,,2.078924736359518,0.008079784744097145,1.6401105434506285,,4.390309489379567,,3.625106034351505,,5.531080524235811,,5.907511992249344,0.06543505863481841,5.851197037890012,,8.174393472025544,,3.610410675244344,0.0308011938655915,22.14285714,,,,23.28571429,22.83333333,24.603174600000003,0.0,26.47619048,19.33333333,23.42857143,18.625,24.52380952,18.70833333,25.04761905,,22.47619048,18.83333333,31.57142857,21.66666667,30.73809524,19.08333333,22.35714286,29.39130435,,25.375,25.150072150909093,19.384963767
1731,2016-09-20,1.7333749343317573,,2.4989941548526717,,0.4791383176495391,,3.9442610180466375,,,,7.698764254449793,,3.091516620766233,,2.561816635412504,,1.7506734621974889,0.02423935423229144,0.8200552717253142,,5.4878868617244585,,0.7250212068703009,,7.190404681506555,,3.1014437959309067,0.04362337242321227,5.3831012748588085,,,,2.926450888940292,0.02715533826517455,23.41666667,,,,19.0,18.05555556,25.18055556,5e-324,25.52083333,22.08695652,21.54166667,20.375,23.5,24.0,22.33333333,,20.79166667,19.5,32.58333333,18.375,31.14583333,17.25,19.8125,28.21052632,26.625,23.75,24.28761574083333,19.16030384
1732,2016-09-21,1.2000288006912163,,2.74889357033794,,0.2395691588247696,,2.4651631362791484,,,,4.131044234095009,,3.3491430058300846,,1.5370899812475023,,1.860090553584832,0.008079784744097145,0.4100276358626571,,1.9207604016035604,,5.800169654962407,,3.5952023407532776,,3.5445071953496066,,4.680957630312009,,6.491430110137931,,2.6573519566239434,0.040481569080491685,16.16666667,,,,14.91666667,18.33333333,14.76388889,0.0,20.02083333,14.60869565,15.25,18.29166667,17.83333333,14.83333333,16.83333333,,14.125,16.08333333,21.58333333,14.08333333,26.0,12.625,15.625,24.22222222,17.83333333,18.33333333,17.579282406666668,15.141425118999999
1733,2016-09-22,0.9333557338709464,,2.249094739367405,,0.2395691588247696,,3.1225399726202547,,,,3.755494758268192,,2.576263850638527,,2.3056349718712528,0.07566981247821616,1.9695076449721751,,,,4.9390981755520125,,3.625106034351505,,5.254526498024021,0.04084365565877481,4.430633994187008,0.02181168621160614,5.3831012748588085,,4.568043410837803,,2.7470516007293924,0.03281270040375258,25.58333333,,22.95833333,,26.0,24.20833333,25.68055556,5e-324,26.4375,18.75,24.45833333,26.39130435,27.58333333,19.16666667,28.625,,22.5,22.54166667,29.83333333,11.95833333,31.08333333,17.0,22.85416667,35.85714286,26.75,20.05,26.180555554615385,19.592344721
1734,2016-09-23,0.8000192004608111,,1.7492959083968702,,0.4791383176495391,,1.4790978817674891,,,,3.1921705445279627,,3.177392082454184,,0.2561816635412504,,1.860090553584832,,0.4100276358626571,,5.762281204810683,,2.1750636206109037,,3.0420942883296966,,3.1014437959309067,,3.744766104249607,,3.3659267237752233,,2.2424911026362397,0.02979544059651096,27.25,,20.16666667,,27.75,27.75,28.13888889,0.0,26.66666667,35.57894737,25.25,32.79166667,26.33333333,25.08333333,27.625,,21.125,34.375,35.41666667,14.875,33.70833333,25.47826087,19.95238095,36.75,36.34782609,22.095238100000003,27.36390481538462,25.477744633999997
1735,2016-09-24,1.0666922672810817,,1.4993964929116033,,0.7187074764743087,,1.6434420908527656,,,,2.628846330787734,,2.576263850638527,,3.0741799624950046,,1.4224221880354595,,1.6401105434506285,,1.3719717154311146,,1.4500424137406018,,3.5952023407532776,,3.69219499515584,0.02181168621160614,4.4469097487964095,,0.7212700122375479,,2.018241992372615,0.0308011938655915,37.91666667,,29.66666667,,35.875,38.125,38.06944444,0.0,35.29166667,26.60869565,33.54166667,38.375,37.5,29.16666667,37.125,,29.875,31.45833333,49.375,29.875,49.02083333,31.29166667,28.83333333,,42.0,28.41666667,37.23771367538462,28.146336554444446
1736,2016-09-25,0.4000096002304056,,2.4989941548526717,,1.1978457941238478,,4.601637854387744,,,,3.004395806614553,,2.4045129272626253,,3.8427249531187564,,1.860090553584832,0.01615956948819429,,,2.195154744689784,,5.075148448092107,,1.9358781834825345,,3.69219499515584,0.02181168621160614,5.851197037890012,,0.7212700122375479,,2.399465479820776,0.025143831727013472,33.76190476,,24.23809524,,32.33333333,34.08333333,35.96825397,0.0,32.0,27.41666667,29.23809524,33.375,33.28571429,28.33333333,36.57142857,,27.14285714,29.79166667,51.66666667,32.125,47.69047619,28.70833333,25.57142857,42.58333333,42.85714286,29.20833333,34.79426129461539,28.562499999
1737,2016-09-26,1.0666922672810817,,1.9991953238821367,,0.4791383176495391,,0.8217210454263828,,,,3.755494758268192,,3.77852031426984,,6.148359924990009,,1.641256370810146,,,,12.622139781966254,,2.9000848274812037,,5.807634550447602,,4.282946194380775,,4.4469097487964095,,5.7701600979003835,,3.18433736574346,0.022629448554312124,18.83333333,,15.29166667,,21.75,24.16666667,22.15277778,0.0,23.375,19.0,20.875,22.75,22.91666667,18.83333333,24.25,,18.125,19.58333333,27.875,20.79166667,27.4375,18.29166667,14.31578947,24.78571429,22.83333333,19.20833333,21.540851326923075,18.741071429
1738,2016-09-27,0.8000192004608111,,2.249094739367405,,0.2395691588247696,,3.451228390790808,,,,6.196566351142516,,4.7231503928373,,1.280908317706252,,2.7354272846835763,0.008079784744097145,,,8.231830292586688,,3.625106034351505,,4.4248644193886495,,3.3968193955433734,,6.553340682436812,,6.972276784962963,,3.487073664599351,0.02690389994790441,12.45833333,,10.95833333,,14.79166667,16.54166667,14.375,0.0,17.97916667,12.95652174,15.0,16.08333333,17.20833333,13.16666667,16.95833333,,11.83333333,16.41666667,19.33333333,11.35,22.89583333,13.125,14.70833333,22.17391304,15.54166667,15.82608696,15.69551281923077,13.763985508
1739,2016-09-28,0.6666826670506759,,1.4993964929116033,,0.4791383176495391,,5.0946704816435755,,,,4.131044234095009,,2.3186374655746738,,4.867451607283757,,2.2977589191342043,,,,9.32940766493158,,3.625106034351505,,3.318648314541487,,2.953755996124672,,2.3404788151560045,,6.251006772725416,,2.926450888940292,0.03570424105235913,12.66666667,,8.791666667000001,,10.95833333,17.75,11.86805556,5e-324,18.125,11.41666667,9.666666667000001,19.91666667,11.83333333,16.875,11.08333333,,10.54166667,12.95454545,18.58333333,12.75,20.85416667,15.04166667,7.541666667,24.91666667,15.0,14.13043478,12.885683760846153,14.575164691000001
1740,2016-09-29,0.5333461336405407,,1.4993964929116033,,0.7187074764743087,,4.765982063473022,,,,5.257692661575468,,3.0056411590782814,,4.6112699437425055,,2.078924736359518,,,,9.32940766493158,,3.625106034351505,,5.254526498024021,0.12253096697632446,3.9875705947683073,,4.4469097487964095,,6.491430110137931,,3.2740370098489087,0.03909865833550594,17.23809524,,11.75,,15.45833333,19.16666667,17.65277778,0.0,21.97916667,13.0,12.39130435,18.3,17.625,16.16666667,15.875,,13.58333333,17.95833333,21.47619048,17.86666667,23.02083333,14.95833333,12.20833333,26.66666667,17.91666667,15.16666667,16.782694962307694,15.925000001
1741,2016-09-30,1.2000288006912163,,0.9995976619410686,,0.7187074764743087,,1.9721305090233188,,,,3.567720020354782,,2.83389023570238,,2.561816635412504,,2.0242161906658467,,,,8.506224635672911,,0.7250212068703009,,3.0420942883296966,0.04084365565877481,3.2491315957371394,,5.14905339334321,,5.529736760487868,,2.6573519566239434,0.03281270040375258,20.54166667,,13.875,,16.25,25.41666667,18.04861111,5e-324,22.75,20.2173913,3.0,21.88888889,17.70833333,20.70833333,17.58333333,,16.20833333,20.54166667,25.95652174,24.47368421,26.52083333,19.08333333,13.25,33.39130435,21.79166667,29.90909091,17.960330731538463,21.563035965999998
1742,2016-10-01,0.8000192004608111,,1.7492959083968702,,0.7187074764743087,,0.8217210454263828,,,,4.694368447835239,,2.3186374655746738,,4.6112699437425055,,0.6017940026303868,,0.8200552717253142,,7.408647263328017,,3.625106034351505,,1.9358781834825345,,3.3968193955433734,,6.319292800921213,,0.9616933496500641,,2.2088537360966947,0.03670999432143967,19.04166667,,15.25,,11.33333333,24.66666667,14.23611111,0.0,28.08333333,13.375,13.5,19.0,12.75,19.70833333,14.91666667,21.04166667,15.79166667,14.83333333,,,26.9375,,10.45833333,27.95833333,,24.0,16.57260101,18.287037036666664
1743,2016-10-02,0.6666826670506759,,2.74889357033794,,0.2395691588247696,,1.8077862999380423,,,,7.323214778622973,,1.9751356188228708,,2.3056349718712528,,1.8053820078911604,0.01615956948819429,0.4100276358626571,,24.14670219158761,,1.4500424137406018,,3.318648314541487,,4.578321793993243,,6.0852449194056115,,1.20211668706258,,3.3300992874148148,0.02979544059651096,15.47619048,,13.85714286,70.375,15.04761905,64.91666667,15.61904762,0.0,23.23809524,52.25,15.71428571,61.70833333,14.0,51.79166667,13.71428571,66.95833333,14.28571429,51.54166667,22.66666667,75.0,18.16666667,63.54166667,11.57142857,76.25,,64.75,16.113095239166668,58.256944444999995
1744,2016-10-03,0.6666826670506759,,2.74889357033794,,0.4791383176495391,,2.4651631362791484,,,,4.506593709921829,,4.293773084397545,,2.561816635412504,,1.5865478251164744,0.008079784744097145,0.8200552717253142,,29.08580036713963,,6.5251908618327095,,5.254526498024021,0.08168731131754962,2.658380396512205,,5.14905339334321,,7.2127001223754785,,3.9467843406397813,0.02476667425110827,54.56521739,,46.73913043,13.04761905,49.75,9.083333332999999,49.65277778,0.0,53.625,10.73913043,48.625,10.625,46.52173913,,42.39130435,9.888888889,48.125,9.958333332999999,,,55.94117647,,39.0,18.54166667,,,48.63057686818183,10.235496463125
1745,2016-10-04,0.8000192004608111,,2.74889357033794,,0.4791383176495391,,3.6155725998760846,,,,7.323214778622973,0.055464075803247234,3.9502712376457416,,3.8427249531187564,,1.6959649165038175,,0.4100276358626571,,19.481998359121828,,2.1750636206109037,,3.8717563669650685,,6.498263191474277,,8.425723734561616,,6.972276784962963,,4.148608539877042,0.037338590114615,50.76190476,,42.14285714,62.25,51.57142857,49.58333333,51.14285714,0.0,63.78571429,43.58333333,48.47619048,47.04166667,46.80952381,43.41666667,33.19047619,54.04166667,44.76190476,49.33333333,60.61904762,47.625,56.73809524,43.625,37.61904762,63.75,50.19047619,50.08333333,49.06227106230769,46.19444444416666
1746,2016-10-05,0.9333557338709464,,4.9979883097053435,,0.9582766352990782,,2.6295073453644253,,,,5.633242137402287,,3.6926448525818887,,1.7932716447887531,,2.0242161906658467,0.008079784744097145,,,11.250168066535142,,0.7250212068703009,,5.254526498024021,0.04084365565877481,3.69219499515584,,6.553340682436812,,3.60635006118774,,3.2852494653620896,0.044253143839543714,57.42857143,,51.0,50.91666667,54.66666667,38.66666667,57.41269841,0.0,59.0,36.75,54.85714286,38.0,50.904761900000004,43.625,37.75,46.61904762,51.095238099999996,37.45833333,63.52380952,33.25,67.45238095,33.16666667,45.52380952,58.33333333,56.42857143,41.77777778,54.387973137692306,38.213624339166664
1747,2016-10-06,1.2000288006912163,,3.748491232279008,,0.9582766352990782,,2.4651631362791484,,,,4.506593709921829,,3.9502712376457416,,2.817998298953753,,2.078924736359518,,0.4100276358626571,,10.701379380362694,,4.350127241221807,,6.084188576659392,,4.578321793993243,,5.851197037890012,,8.174393472025544,,3.587985764217981,0.04651608869497492,50.33333333,,37.79166667,63.54166667,47.875,46.125,46.82638889,0.0,50.58333333,32.11111111,46.375,46.5,42.875,40.0,43.0,49.16666667,39.5,46.25,56.26086957,26.61904762,54.375,36.04166667,33.91666667,66.25,45.04166667,36.52380952,45.75030193307692,40.760747355
1748,2016-10-07,0.9333557338709464,,1.7492959083968702,,0.2395691588247696,,3.779916808961361,,,,3.3799452824413723,,3.606769390893938,,3.5865432895775053,,1.9695076449721751,0.02423935423229144,,,9.32940766493158,,2.1750636206109037,,2.4889862359061152,,6.055199792055577,,6.319292800921213,,5.289313423075352,,3.18433736574346,0.03683571348007473,43.33333333,,38.125,49.375,40.625,41.04166667,40.81944444,5e-324,45.79166667,31.54166667,37.41666667,36.45833333,33.91666667,38.45833333,34.58333333,48.54166667,38.125,34.83333333,41.20833333,32.20833333,40.64583333,36.79166667,31.70833333,51.70833333,,43.04761905,38.85821759166667,37.000496031666664
1749,2016-10-08,0.9333557338709464,,1.2494970774263359,,0.4791383176495391,,2.4651631362791484,,,,3.9432694961816015,,3.6926448525818887,,0.7685449906237511,,1.6959649165038175,0.02423935423229144,0.4100276358626571,,9.878196351104023,,2.1750636206109037,,1.6593241572707436,,5.021385193411943,,7.021436445468013,,1.20211668706258,,2.713414234189849,0.04023013076322155,24.0,,23.875,32.29166667,24.45833333,20.83333333,23.10416667,0.0,27.60416667,18.25,25.5,21.625,22.83333333,17.45833333,23.04166667,,23.83333333,21.125,31.95833333,5.708333333,28.83333333,12.0,21.72916667,32.28571429,23.54166667,14.36842105,24.947115384615383,17.81325472754546
1750,2016-10-09,0.6666826670506759,,2.9987929858232065,,0.2395691588247696,,,,,,2.2532968549609147,,2.83389023570238,,5.635996597907507,,1.3130050966481168,0.008079784744097145,,,8.506224635672911,,3.625106034351505,,2.2124322096943247,,4.1352583945745405,,5.14905339334321,,3.125503386362708,,2.421890390847138,0.03570424105235913,36.86956522,,29.5,59.65217391,37.25,47.91666667,39.13888889,0.0,37.33333333,41.08695652,34.83333333,39.54545455,34.782608700000004,40.27272727,35.33333333,,32.54166667,37.41666667,51.08333333,36.91666667,47.5,40.29166667,31.39583333,61.70833333,41.625,44.5,37.629761240769234,40.84611929636364
1751,2016-10-10,0.8000192004608111,,2.9987929858232065,,0.9582766352990782,,2.4651631362791484,,,,5.257692661575468,,5.066652239589104,,5.123633270825008,,2.4618845562152187,,1.2300829075879711,,8.506224635672911,,3.625106034351505,,5.254526498024021,,6.793638791086748,,6.553340682436812,,3.3659267237752233,,3.7561725969157,0.0304240363896863,33.66666667,,24.29166667,,30.66666667,21.29166667,29.625,0.0,36.625,21.09090909,28.875,,27.875,15.66666667,27.625,,27.04166667,18.08333333,36.04166667,20.33333333,37.95833333,17.08333333,27.10416667,,27.54166667,22.375,30.37980769384615,16.990530302499998
1752,2016-10-11,0.6666826670506759,,2.4989941548526717,,2.156122429422926,,2.300818927193872,,,,4.31881897200842,,3.606769390893938,,1.7932716447887531,,2.4071760105215474,0.008079784744097145,0.4100276358626571,,10.975773723448915,,3.625106034351505,0.1070767868555349,5.531080524235811,,4.282946194380775,,5.617149156374412,,6.491430110137931,,3.363736653954358,0.02715533826517455,6.166666667,,2.555555556,37.70833333,5.666666667,32.95833333,5.1111111110000005,0.0,9.0,22.82352941,3.625,35.83333333,4.208333333,26.95833333,5.5,,6.083333333,29.16666667,10.33333333,24.95833333,9.25,,4.770833333,46.73913043,7.3478260870000005,28.58823529,6.124512262846154,28.573422845
1753,2016-10-12,0.2666730668202704,,3.9983906477642734,,0.9582766352990782,,3.286884181705532,,,,6.7598905648827445,,3.9502712376457416,,5.379814934366259,0.03783490623910808,2.4071760105215474,,,,7.683041606414242,,1.4500424137406018,0.1070767868555349,3.318648314541487,,4.282946194380775,,6.787388563952413,,6.251006772725416,,3.5319234866520763,0.042115918142747566,23.20833333,,13.29166667,34.20833333,18.04166667,25.04166667,19.18055556,0.0,24.41666667,24.47826087,8.2,20.91666667,13.625,21.5,15.04166667,,17.20833333,19.69565217,26.875,27.33333333,23.89583333,23.29166667,15.25,,20.2173913,27.31818182,18.34247027153846,22.378376152999998
1754,2016-10-13,0.5333461336405407,,4.748088894220076,,0.4791383176495391,,3.1225399726202547,,,,4.694368447835239,,2.4045129272626253,,3.8427249531187564,,2.790135830377248,0.008079784744097145,,,6.0366755478969045,,4.350127241221807,0.32123036056660464,5.254526498024021,,5.169072993218176,,6.553340682436812,,3.60635006118774,,3.229187187796184,0.0377157475905202,27.52380952,,20.71428571,27.375,27.04761905,21.33333333,27.52380952,0.0,29.69047619,22.39130435,25.61904762,,24.14285714,16.43478261,21.05555556,,23.23809524,18.73913043,32.42857143,18.75,31.78571429,19.54166667,24.14285714,25.91304348,26.61904762,25.92857143,26.27167277153846,19.64068323
1755,2016-10-14,0.8000192004608111,0.019692179253133223,3.2486924013084733,,0.9582766352990782,,2.9581957635349783,,,,2.2532968549609147,,1.4598828486951654,,3.3303616260362547,,2.0242161906658467,,,,4.66470383246579,,2.9000848274812037,,2.7655402621179057,,5.612136392636877,,4.9150055118276095,,3.3659267237752233,,2.5115900349525875,0.03960153497004621,30.41666667,,21.90909091,37.0,29.0,31.58333333,30.68055556,5e-324,30.39583333,27.66666667,26.125,33.33333333,26.70833333,25.5,29.91666667,,24.08333333,24.5,44.20833333,27.58333333,35.3125,25.5,23.39583333,45.68421053,35.33333333,34.82608696,29.806575368461537,28.470633104545456
1756,2016-10-15,0.5333461336405407,,2.249094739367405,,0.7187074764743087,,0.4930326272558297,,,,1.5021979033072763,,3.091516620766233,,2.561816635412504,,0.6565025483240584,0.01615956948819429,0.4100276358626571,,6.0366755478969045,,2.1750636206109037,,3.0420942883296966,,3.2491315957371394,,7.255484326983613,,0.48084667482503207,,1.984604625833072,0.0362071176868994,32.08333333,,25.54166667,45.79166667,32.5,40.625,31.98611111,0.0,31.52083333,32.83333333,29.79166667,44.125,28.29166667,32.33333333,33.16666667,,28.33333333,30.04166667,41.41666667,33.04166667,35.16666667,33.04166667,25.33333333,55.79166667,31.7826087,35.59090909,31.301119473076923,34.83780991818182
1757,2016-10-16,1.0666922672810817,,3.2486924013084733,,0.7187074764743087,,2.4651631362791484,,,,3.3799452824413723,,3.0056411590782814,,6.404541588531259,,1.860090553584832,,,,1.3719717154311146,,7.25021206870301,,2.2124322096943247,,4.430633994187008,,7.723580090014813,,0.24042333741251604,,2.6685644121371244,0.028161091534255087,34.70833333,,28.125,37.45833333,32.70833333,30.875,33.76388889,5e-324,34.16666667,22.0,30.41666667,32.04166667,29.375,26.20833333,33.45833333,,29.75,24.0,44.20833333,26.70833333,38.47916667,23.16666667,26.08333333,46.34782609,35.875,31.2173913,33.162927350000004,27.27486824727272
1758,2016-10-17,0.4000096002304056,,3.748491232279008,,1.9165532705981565,,4.601637854387744,,,,7.323214778622973,0.027732037901623617,4.293773084397545,,3.8427249531187564,,2.078924736359518,0.02423935423229144,,,4.9390981755520125,,4.350127241221807,,7.743512733930137,0.08168731131754962,5.759824192443111,,5.14905339334321,,7.693546797200511,,3.8234473299947873,0.02225229107840692,28.45833333,,23.41666667,49.66666667,32.33333333,44.83333333,32.66666667,0.0,25.85416667,33.375,31.75,46.29166667,33.45833333,34.875,38.125,,24.375,34.25,48.66666667,33.16666667,40.8125,36.41666667,30.08333333,61.0,40.58333333,40.95652174,33.12179487153846,37.71195652272727
1759,2016-10-18,1.2000288006912163,,2.9987929858232065,,,,1.6434420908527656,,,,4.31881897200842,0.027732037901623617,4.379648546085496,,2.0494533083300035,,2.9542614674582626,0.008079784744097145,,,8.506224635672911,,5.075148448092107,,4.4248644193886495,,5.169072993218176,,6.319292800921213,,6.972276784962963,,3.4982861201125326,0.029921159755146032,27.0,,18.875,43.70833333,24.375,40.08333333,26.59722222,0.0,25.89583333,31.875,23.95833333,43.91666667,25.125,35.45833333,30.0,,20.5,34.83333333,43.19047619,36.61904762,36.97916667,31.36842105,24.54166667,62.875,31.47826087,47.85714286,27.578150713846153,37.14496468363637
1760,2016-10-19,1.0666922672810817,,3.2486924013084733,,0.2395691588247696,,1.6434420908527656,,,,3.755494758268192,,4.379648546085496,,5.635996597907507,,1.641256370810146,0.01615956948819429,,,5.213492518638237,,3.625106034351505,,7.190404681506555,,3.8398827949620737,,7.723580090014813,,3.125503386362708,,3.1058501771511917,0.042870233094557966,26.47619048,,19.76190476,41.08333333,27.38095238,41.91666667,28.38095238,0.0,27.54761905,32.375,26.80952381,42.66666667,27.0952381,34.70833333,31.57142857,,22.47619048,29.79166667,40.80952381,34.33333333,33.5,27.05263158,27.04761905,58.125,30.76190476,40.91666667,28.43223443307692,34.81539075
1761,2016-10-20,0.5333461336405407,,4.9979883097053435,,1.1978457941238478,,1.150409463596936,,,,2.628846330787734,,2.6621393123264783,,1.280908317706252,,2.188341827746861,,,,7.957435949500465,,2.9000848274812037,,8.296620786353719,,3.3968193955433734,,7.489532208499213,,6.731853447550447,,3.0497878995852847,0.03922437749414102,24.16666667,,19.375,41.25,25.66666667,30.0,24.88888889,0.0,28.75,33.54166667,24.16666667,36.91666667,22.875,28.33333333,26.16666667,,22.375,26.45833333,31.95833333,33.875,28.64583333,30.45454545,23.70833333,47.5,25.33333333,41.33333333,25.236645299230762,31.787534434545453
1762,2016-10-21,0.9333557338709464,,2.249094739367405,,0.2395691588247696,,2.1364747181085955,,,,5.633242137402287,0.027732037901623617,5.3242786246529565,,0.7685449906237511,,1.641256370810146,,,,5.4878868617244585,,3.625106034351505,,1.6593241572707436,0.04084365565877481,6.202887591861813,,6.553340682436812,,1.20211668706258,,2.926450888940292,0.03482420694191365,17.04166667,,14.20833333,24.66666667,19.83333333,18.79166667,19.86111111,0.0,21.14583333,16.52173913,21.375,19.17391304,20.41666667,13.83333333,27.29166667,,14.58333333,17.34782609,27.54166667,17.58333333,21.4375,16.41666667,25.29166667,26.0,24.54166667,27.95652174,21.12072649615385,18.026515151818185
1763,2016-10-22,,,2.249094739367405,,,,0.8217210454263828,,,,4.131044234095009,0.055464075803247234,2.6621393123264783,,2.3056349718712528,,1.4224221880354595,0.008079784744097145,0.4100276358626571,,2.743943430862229,,2.1750636206109037,,3.5952023407532776,,3.9875705947683073,,5.3831012748588085,,3.60635006118774,,2.175216369557152,0.03419561114873832,24.45833333,,16.58333333,21.20833333,22.95833333,20.54166667,22.75,5e-324,28.79166667,17.33333333,21.95833333,20.875,21.16666667,15.54166667,24.75,,19.54166667,15.45833333,27.25,18.625,26.97916667,14.375,18.0,28.66666667,22.54166667,21.7826087,22.902243590000005,17.673418972727276
1764,2016-10-23,0.6666826670506759,,4.9979883097053435,,0.2395691588247696,,2.793851554449702,,,,4.131044234095009,0.027732037901623617,2.3186374655746738,,7.1730865791550125,,1.4224221880354595,,,,6.311069890983127,,2.9000848274812037,,0.5531080524235812,,3.8398827949620737,,7.957627971530415,,2.8850800489501918,,2.7694765117557547,0.03281270040375258,32.625,,22.83333333,26.0,30.625,19.20833333,30.29166667,0.0,36.54166667,14.83333333,27.41666667,21.625,25.83333333,18.29166667,29.91666667,,26.75,16.0,38.625,20.66666667,33.72916667,13.34782609,21.875,28.66666667,34.66666667,25.38095238,30.13301282153846,18.547313194545456
1765,2016-10-24,0.5333461336405407,,3.9983906477642734,,0.4791383176495391,,3.6155725998760846,,,,4.506593709921829,,4.293773084397545,,1.0247266541650015,,2.680718738989905,0.01615956948819429,,,6.585464234069352,,3.625106034351505,,5.254526498024021,,6.055199792055577,,7.021436445468013,,9.857356833913157,,3.711322774862975,0.02438951677520307,22.94736842,,20.86956522,34.25,27.26086957,30.91666667,26.86956522,0.0,30.23913043,22.0,26.34782609,31.04166667,26.0,24.16666667,11.4,,22.43478261,24.79166667,30.30434783,30.20833333,30.06521739,25.41666667,25.69565217,39.095238099999996,26.13043478,30.77272727,25.12036613307692,26.60542109545455
1766,2016-10-25,0.6666826670506759,,1.4993964929116033,,0.2395691588247696,,2.6295073453644253,,,,3.9432694961816015,,4.122022161021643,,3.8427249531187564,,1.9695076449721751,,,,3.841520803207121,,3.625106034351505,,4.14831039317686,,4.282946194380775,,5.617149156374412,,4.087196736012772,,2.825538789321661,0.031052632182861632,29.47619048,,23.19047619,31.625,28.33333333,27.83333333,27.68253968,0.0,34.26190476,27.83333333,27.04761905,26.54166667,23.19047619,22.54166667,,,25.095238100000003,22.91666667,33.3,22.66666667,34.095238099999996,28.04166667,22.52380952,38.26086957,27.33333333,30.79166667,27.960846560833335,25.368412386363637
1767,2016-10-26,0.6666826670506759,,2.74889357033794,,0.9582766352990782,,3.451228390790808,,,,2.0655221170475047,,3.091516620766233,,2.3056349718712528,,3.0636785588456057,,,,6.311069890983127,,1.4500424137406018,,6.084188576659392,,6.350575391668045,,3.978813985765208,,6.010583435312897,,3.19554982125664,0.041613041508207285,28.25,,20.33333333,42.82608696,27.83333333,35.20833333,27.375,0.0,28.14583333,26.04166667,26.5,35.16666667,24.95833333,25.04166667,26.08333333,,21.95833333,27.91666667,33.70833333,30.20833333,32.5625,29.66666667,23.1875,44.86956522,28.625,33.125,26.886217946923075,30.00642292636364
1768,2016-10-27,1.3333653341013518,,2.74889357033794,,0.4791383176495391,,3.1225399726202547,,,,1.1266484274804571,,3.6926448525818887,,1.7932716447887531,,2.13363328205319,0.01615956948819429,,,5.4878868617244585,,5.075148448092107,,3.318648314541487,,5.759824192443111,,3.5107182227340066,,6.251006772725416,,2.8703886113743846,0.031681227976036966,22.25,,16.28571429,38.3,24.5,16.75,24.52777778,0.0,24.875,18.13043478,24.95833333,17.04166667,23.41666667,12.65217391,24.79166667,,18.41666667,15.66666667,27.55,18.8,24.60416667,17.83333333,24.16666667,25.38888889,27.125,21.60869565,23.65135836538462,18.37925999090909
1769,2016-10-28,1.2000288006912163,,3.748491232279008,,0.7187074764743087,,3.286884181705532,,,,0.938873689567048,,3.0056411590782814,,2.3056349718712528,,1.4771307337291313,0.01615956948819429,,,3.841520803207121,,2.1750636206109037,,3.318648314541487,,6.645950991280513,,3.978813985765208,,6.010583435312897,,2.6797768676503053,0.035829960210994195,22.125,,14.41666667,35.83333333,19.0,21.54166667,19.47222222,0.0,24.83333333,19.45833333,18.08333333,24.29166667,16.20833333,16.41666667,18.04166667,,14.7,20.0,27.70833333,25.25,26.75,18.95454545,16.52083333,33.58333333,24.25,24.29166667,20.162286323846153,21.78374655636364
1770,2016-10-29,,,2.249094739367405,,1.1978457941238478,,,,,,3.755494758268192,,2.2327620038867235,,1.5370899812475023,,0.820628185405073,0.008079784744097145,0.4100276358626571,0.06055607940030736,7.408647263328017,,2.9000848274812037,0.1070767868555349,3.0420942883296966,,1.7722535976748033,,3.276670341218406,,1.4425400244750959,,1.7491430600562663,0.03218410461057724,32.29166667,,25.33333333,31.66666667,30.33333333,22.66666667,29.47222222,0.0,34.29166667,18.5,29.16666667,19.89473684,28.08333333,17.70833333,29.0,,26.625,22.45833333,33.70833333,23.70833333,35.875,21.75,27.29166667,26.40909091,29.75,27.52173913,30.094017093846148,21.11671820090909
1771,2016-10-30,0.4000096002304056,,5.24788772519061,,1.1978457941238478,,,,,,7.135440040709564,,1.9751356188228708,,2.0494533083300035,,1.4224221880354595,,,,4.9390981755520125,,1.4500424137406018,,1.1062161048471624,,3.9875705947683073,,8.191675853046016,,1.9233866993001283,,2.4443153018735004,0.030046878913781095,33.47826087,,20.86956522,36.54166667,26.56521739,25.0,27.36231884,5e-324,33.60869565,16.45833333,23.13043478,27.20833333,21.2173913,20.375,27.36363636,,27.60869565,18.79166667,33.39130435,27.54166667,34.17391304,22.29166667,22.08695652,36.95,31.04347826,27.125,27.838451402307687,23.48030303090909
1772,2016-10-31,0.8000192004608111,,1.7492959083968702,,0.2395691588247696,,2.6295073453644253,,,,5.069917923662059,,3.091516620766233,,7.1730865791550125,,1.7506734621974889,,,,5.213492518638237,,2.9000848274812037,,4.4248644193886495,,5.759824192443111,,7.957627971530415,,6.491430110137931,,3.2740370098489087,0.01961218874707051,17.38095238,,12.23809524,43.08695652,15.95238095,32.83333333,16.66666667,0.0,16.80952381,23.7826087,15.14285714,34.16666667,15.85714286,25.33333333,20.0,,14.61904762,26.70833333,34.33333333,32.33333333,24.95238095,23.83333333,14.0952381,40.0625,26.23809524,40.55,18.79120879153846,29.335490776363635
1773,2016-11-01,0.8000192004608111,,2.249094739367405,,0.2395691588247696,,2.9581957635349783,,,,4.506593709921829,0.027732037901623617,2.4045129272626253,,3.3303616260362547,,1.8053820078911604,0.02423935423229144,0.4100276358626571,,6.859858577155572,,3.625106034351505,,4.4248644193886495,,2.953755996124672,,5.851197037890012,,6.972276784962963,0.035507593724526214,2.836751244834842,0.027406776582444684,25.28571429,,20.8,,20.38095238,32.16666667,23.42857143,0.0,32.52380952,16.04166667,21.904761899999997,26.54166667,20.14285714,29.58333333,22.52380952,35.08333333,18.28571429,18.16666667,,,33.404761900000004,,18.0,37.70833333,,39.33333333,23.334632033636364,26.069444444444443
1774,2016-11-02,0.6666826670506759,,4.2482900632495415,,0.2395691588247696,,1.8077862999380423,,,,4.882143185748649,,2.9197656973903308,,1.0247266541650015,,2.4071760105215474,,,,4.390309489379567,,2.9000848274812037,,2.2124322096943247,,3.1014437959309067,,6.0852449194056115,,5.289313423075352,,2.6797768676503053,0.03670999432143967,29.16666667,,24.16666667,63.75,29.79166667,58.45833333,30.40277778,0.0,34.08333333,54.83333333,30.5,55.625,26.16666667,53.25,23.625,60.16666667,24.83333333,51.83333333,42.41666667,65.83333333,33.45833333,55.875,21.33333333,74.41666667,,53.25,29.1620370375,53.94097222166668
1775,2016-11-03,0.5333461336405407,,4.748088894220076,,1.6769841117733868,,3.451228390790808,,,,6.572115826969335,,4.293773084397545,,6.404541588531259,,1.7506734621974889,,0.4100276358626571,,5.213492518638237,,2.1750636206109037,,8.020066760141928,,3.8398827949620737,,7.957627971530415,,4.3276200734252885,,3.6216231307575257,0.03180694713467204,42.66666667,,35.33333333,20.31818182,34.33333333,15.45833333,41.29365079,0.0,44.28571429,13.45833333,35.47619048,13.58333333,37.38095238,,38.904761900000004,17.75,31.71428571,15.0952381,53.09090909,,54.61904762,8.541666667000001,36.53333333,22.65,,24.375,40.469348243333336,15.123008657700002
1776,2016-11-04,1.6000384009216222,,4.9979883097053435,,0.2395691588247696,,3.6155725998760846,,,,4.882143185748649,,3.864395775957792,,3.5865432895775053,,2.2430503734405334,0.02423935423229144,0.4100276358626571,,9.32940766493158,,1.4500424137406018,,1.9358781834825345,,4.1352583945745405,,3.978813985765208,,6.731853447550447,,3.3413117429279957,0.030046878913781095,54.625,,45.20833333,66.5,49.66666667,54.16666667,48.34722222,0.0,54.52083333,49.08695652,45.04166667,52.04166667,44.0,48.04166667,30.83333333,66.54166667,41.79166667,48.875,60.20833333,50.125,52.0,47.0,36.217391299999996,71.83333333,44.20833333,60.83333333,46.666829244615386,51.253774154999995
1777,2016-11-05,0.8000192004608111,,5.24788772519061,,0.7187074764743087,,,,,,5.069917923662059,,3.6926448525818887,,2.561816635412504,,1.039462368179759,0.01615956948819429,,,2.743943430862229,,3.625106034351505,,1.6593241572707436,,4.430633994187008,,4.680957630312009,,1.6829633618876116,,2.320978291228508,0.040607288239126765,41.58333333,,26.13636364,44.27777778,36.375,45.5,38.80555556,0.0,41.27083333,39.79166667,35.625,43.79166667,37.04166667,44.45833333,25.04347826,56.90909091,30.375,42.125,59.20833333,35.61904762,51.5,44.45833333,29.83333333,63.75,43.70833333,47.125,38.19278698307692,42.317159692500006
1778,2016-11-06,1.0666922672810817,,2.74889357033794,,,,3.286884181705532,,,,4.506593709921829,0.055464075803247234,3.9502712376457416,,4.867451607283757,,3.118387104539277,0.008079784744097145,,,3.841520803207121,,,,5.531080524235811,,4.1352583945745405,,4.212861867280808,,1.20211668706258,,3.0273629885589224,0.03746430927325007,36.25,,30.125,42.33333333,38.79166667,33.83333333,39.9375,0.0,35.72916667,34.71428571,39.68421053,29.0625,34.5,24.20833333,36.125,34.625,31.5,37.47619048,39.91666667,15.95833333,30.0,22.25,24.20833333,41.625,36.54166667,21.66666667,34.86993927230769,28.14608134833333
1779,2016-11-07,1.0666922672810817,,3.2486924013084733,,0.4791383176495391,,2.793851554449702,,,,10.327610585237526,,4.122022161021643,,6.6607232520725095,,0.4376683655493722,,,,7.134252920241798,,3.625106034351505,,5.531080524235811,,8.565892388761549,,3.978813985765208,,6.491430110137931,,3.7001103193497937,0.026023865837458943,12.125,,9.894736842,28.29411765,13.20833333,19.5,16.47916667,0.0,11.52083333,17.15,14.25,20.5,16.125,17.47826087,19.875,20.43478261,10.625,22.04166667,24.95833333,7.75,18.9375,17.29166667,13.08333333,26.04347826,,17.79166667,15.090186402666667,17.856303283333336
1780,2016-11-08,1.2000288006912163,,2.249094739367405,,1.6769841117733868,,4.108605227131913,,,,6.7598905648827445,,4.465524007773447,,2.561816635412504,,2.8448443760709194,,0.8200552717253142,,6.585464234069352,,3.625106034351505,,5.254526498024021,,5.612136392636877,,6.0852449194056115,,3.8467733986002566,,3.7001103193497937,0.03394417283146819,48.58333333,,35.375,54.66666667,40.79166667,42.625,42.59722222,5e-324,49.16666667,26.70833333,41.58333333,37.08333333,35.65,32.19047619,38.91666667,,39.45833333,38.79166667,39.25,18.75,57.54166667,29.54166667,36.625,50.47619048,33.16666667,37.60869565,41.43888888923077,33.494729908181824
1781,2016-11-09,0.4000096002304056,,3.4985918167937404,,0.2395691588247696,,3.779916808961361,,,,5.8210168753156974,,2.9197656973903308,,2.561816635412504,,2.4071760105215474,,,,3.5671264601208983,,1.4500424137406018,,3.8717563669650685,,4.282946194380775,,5.3831012748588085,,6.972276784962963,,3.0273629885589224,0.04148732234957223,34.29166667,,28.04166667,38.41666667,31.91666667,34.625,33.43055556,0.0,39.5625,30.43478261,29.95833333,33.13636364,38.0,32.61111111,34.0,,29.125,27.41666667,34.125,32.83333333,39.75,28.95833333,30.25,40.45454545,32.91666667,35.04166667,33.48985042846154,30.357133589090914
1782,2016-11-10,0.5333461336405407,,3.2486924013084733,,0.7187074764743087,,2.9581957635349783,,,,4.694368447835239,,3.091516620766233,,3.0741799624950046,,2.188341827746861,0.008079784744097145,,,4.9390981755520125,,3.625106034351505,,3.8717563669650685,,3.69219499515584,,3.5107182227340066,,6.251006772725416,,2.847963700348023,0.04148732234957223,28.04166667,,21.70833333,31.875,26.45833333,32.08333333,27.375,0.0,31.06818182,29.68421053,25.54166667,,24.625,28.125,28.20833333,,22.75,28.08333333,35.125,31.95833333,32.5625,27.625,23.75,39.70833333,30.75,31.34782609,27.535693473076922,28.049036993999998
1783,2016-11-11,0.6666826670506759,,4.9979883097053435,,0.7187074764743087,,2.4651631362791484,,,,7.135440040709564,,3.177392082454184,,0.5123633270825008,0.03783490623910808,2.188341827746861,0.008079784744097145,0.4100276358626571,,6.585464234069352,,2.1750636206109037,,4.977972471812231,0.04084365565877481,3.5445071953496066,,6.0852449194056115,,2.1638100367126443,,2.9713007109930163,0.03394417283146819,4.291666667,,5.958333333,61.91666667,5.458333333,61.25,4.6875,0.0,5.958333333,44.04166667,5.541666667,59.04166667,5.25,45.217391299999996,6.952380952,,5.375,51.79166667,13.66666667,60.16666667,7.5,61.26086957,5.979166667,69.375,9.25,49.20833333,6.605311355538461,51.206357049999994
1784,2016-11-12,0.4000096002304056,,2.9987929858232065,,0.2395691588247696,,1.6434420908527656,,,,3.755494758268192,,3.0056411590782814,,4.098906616660007,,1.039462368179759,,,,7.683041606414242,,2.9000848274812037,,2.4889862359061152,,3.3968193955433734,,5.851197037890012,,1.6829633618876116,,2.3770405687944134,0.031932666293307106,27.69565217,,18.65217391,41.875,7.222222222,31.91666667,24.50724638,0.0,27.73913043,29.17391304,21.39130435,33.79166667,20.56521739,29.95833333,23.2173913,,21.2173913,26.83333333,36.52173913,30.54166667,31.5,30.45833333,22.65217391,,28.13043478,32.70833333,23.924005944,28.725724636999995
1785,2016-11-13,0.5333461336405407,,5.24788772519061,,0.4791383176495391,,3.286884181705532,,,,5.8210168753156974,,3.520893929205987,,3.0741799624950046,,2.8995529217645912,,0.4100276358626571,,7.957435949500465,,2.9000848274812037,,2.4889862359061152,,4.282946194380775,,7.255484326983613,,1.20211668706258,,3.2740370098489087,0.03331557703829285,17.95833333,,17.08333333,61.54166667,21.625,47.58333333,19.85416667,0.0,17.77083333,43.75,20.375,51.08333333,18.25,33.72727273,19.5,,20.20833333,44.625,32.91666667,27.83333333,23.5,44.625,17.72916667,52.375,21.70833333,25.70833333,20.65224358923077,39.3502066109091
1786,2016-11-14,1.2000288006912163,,2.9987929858232065,,,,2.9581957635349783,,,,6.7598905648827445,,3.435018467518036,,2.3056349718712528,,1.1488794595671021,,0.8200552717253142,,10.426985037276474,,3.625106034351505,0.1070767868555349,5.531080524235811,0.04084365565877481,5.021385193411943,,8.893819497592819,,5.7701600979003835,,3.4310113870334447,0.02665246163063428,19.08333333,,17.66666667,68.5,17.25,57.91666667,16.6875,0.0,22.41666667,38.375,16.375,58.54166667,8.857142857000001,42.95238095,21.64705882,,19.5,53.95833333,34.0,40.29166667,22.54166667,47.625,14.95833333,62.375,21.16666667,41.8125,19.39615653976923,46.57711039
1787,2016-11-15,0.6666826670506759,,2.4989941548526717,,0.2395691588247696,,2.9581957635349783,,,,5.8210168753156974,,3.6926448525818887,,6.6607232520725095,,2.078924736359518,,0.8200552717253142,,16.189266242087154,,2.9000848274812037,,7.190404681506555,,5.464448592830643,,6.319292800921213,,5.048890085662835,,3.9019345185870553,0.03670999432143967,15.125,,13.79166667,64.33333333,15.75,49.04166667,16.41666667,5e-324,20.625,34.95833333,15.33333333,51.95833333,14.25,38.16666667,,,13.75,46.04166667,26.25,45.45833333,20.60416667,45.79166667,15.5,58.33333333,16.54166667,35.41666667,16.9947916675,42.68181818181818
1788,2016-11-16,0.6666826670506759,,2.9987929858232065,,0.4791383176495391,,3.6155725998760846,,,,3.755494758268192,0.027732037901623617,2.6621393123264783,,3.8427249531187564,,2.6260101932962336,,0.8200552717253142,,10.152590694190248,,5.800169654962407,,7.466958707718346,,5.464448592830643,,5.617149156374412,,4.8084667482503205,,3.4758612090861702,0.03847006254233061,5.958333333,,4.625,39.625,5.583333333,27.16666667,5.166666667,0.0,10.02083333,24.13636364,4.916666667,32.20833333,5.25,20.41666667,8.291666667000001,,5.75,25.33333333,16.83333333,16.625,15.5625,18.58333333,6.770833333,36.83333333,9.416666667000001,12.38888889,8.011217948230769,23.028810835454546
1789,2016-11-17,0.6666826670506759,,2.249094739367405,,0.4791383176495391,,4.765982063473022,,,,5.633242137402287,,3.435018467518036,,1.280908317706252,,2.680718738989905,,,,9.32940766493158,,2.1750636206109037,,6.637296629082974,0.08168731131754962,3.8398827949620737,,7.255484326983613,,2.8850800489501918,,3.352524198441177,0.04375026720500343,15.08333333,,10.83333333,89.25,3.6363636360000005,57.58333333,19.39583333,0.0,14.375,40.72727273,14.29166667,76.75,18.08333333,54.66666667,20.33333333,,13.40909091,60.83333333,30.54166667,25.66666667,22.16666667,27.73913043,14.16666667,86.54166667,21.66666667,41.15789474,16.767919580461545,50.99236041545455
1790,2016-11-18,0.6666826670506759,,2.4989941548526717,,1.437414952948617,,2.9581957635349783,,,,5.633242137402287,,2.9197656973903308,,2.817998298953753,,1.9147990992785042,,0.4100276358626571,,7.408647263328017,,,,2.2124322096943247,,5.31676079302441,,5.14905339334321,,6.010583435312897,,3.00493807753256,0.038972939176870884,24.76190476,,19.28571429,68.16666667,23.38095238,48.625,25.52380952,0.0,25.85714286,39.75,24.0,51.58333333,23.04761905,40.91666667,24.57142857,,20.33333333,47.41666667,39.33333333,41.125,31.16666667,40.25,22.26190476,65.25,28.95238095,38.22727273,25.57509157461538,43.75550964272727
1791,2016-11-19,0.9333557338709464,,1.9991953238821367,,0.2395691588247696,,1.9721305090233188,,,,4.31881897200842,,2.490388388950576,,4.098906616660007,,0.4376683655493722,,,,4.66470383246579,,1.4500424137406018,,1.9358781834825345,,5.31676079302441,,5.851197037890012,,0.9616933496500641,,2.1864288250703328,0.037590028431885136,20.125,,17.125,29.20833333,18.08333333,19.2173913,18.72222222,0.0,24.85416667,17.47826087,19.20833333,21.375,19.08333333,15.95833333,20.375,,15.41666667,19.33333333,28.75,16.20833333,25.60416667,16.52173913,20.52083333,27.85714286,24.5,,20.95138888846154,18.315786748
1792,2016-11-20,0.9333557338709464,,6.997183633587482,,,,0.8217210454263828,,,,3.755494758268192,,2.83389023570238,,1.280908317706252,,1.6959649165038175,,,,4.390309489379567,,1.4500424137406018,,2.7655402621179057,,3.9875705947683073,,5.3831012748588085,,5.289313423075352,,2.5676523125184936,0.03369273451419805,27.79166667,,20.08333333,16.33333333,25.125,11.69565217,25.375,0.0,31.39583333,16.18181818,22.20833333,14.04347826,20.70833333,11.16666667,20.20833333,,24.875,11.29166667,33.95833333,14.2173913,30.41666667,15.11111111,18.75,21.41666667,26.20833333,,25.161858973076924,13.145778436
1793,2016-11-21,0.6666826670506759,,2.74889357033794,,,,1.4790978817674891,,,,7.886538992363203,,4.465524007773447,,9.222539887485011,,1.3130050966481168,,1.2300829075879711,,3.5671264601208983,,2.1750636206109037,0.32123036056660464,1.1062161048471624,,4.873697393605709,,9.127867379108418,,2.644656711537676,,3.19554982125664,0.02451523593383813,23.54166667,,20.72727273,31.61904762,24.91666667,28.41666667,24.95833333,0.0,24.33333333,25.25,22.41666667,30.875,22.79166667,25.95833333,24.20833333,,24.875,20.95833333,43.04166667,24.25,31.83333333,25.04166667,21.375,42.70833333,31.54166667,,26.1969696976923,25.507738095
1794,2016-11-22,0.6666826670506759,,4.2482900632495415,,0.2395691588247696,,2.6295073453644253,,,,7.135440040709564,,2.9197656973903308,,6.404541588531259,,2.680718738989905,,,,18.11002664369072,,1.4500424137406018,,8.020066760141928,,4.873697393605709,,7.957627971530415,,6.972276784962963,,4.238308183982491,0.028789687327430424,27.625,,20.375,56.54166667,25.16666667,44.25,23.01388889,0.0,29.22916667,36.5,24.20833333,51.75,25.91666667,36.83333333,27.58333333,,23.41666667,36.875,50.04166667,30.625,35.27083333,27.625,24.66666667,56.08333333,33.16666667,,28.436965813076924,37.708333333
1795,2016-11-23,0.5333461336405407,,2.249094739367405,,0.9582766352990782,,2.300818927193872,,,,5.8210168753156974,,3.606769390893938,,5.379814934366259,0.11350471871732425,2.790135830377248,,,,12.073351095793807,,2.1750636206109037,,5.807634550447602,,4.1352583945745405,,5.14905339334321,,4.568043410837803,,3.5094985756257127,0.035829960210994195,31.30434783,,19.30434783,64.625,23.65217391,47.125,25.54347826,5e-324,29.63043478,39.70833333,21.95652174,52.79166667,23.65217391,41.20833333,25.52173913,,22.08695652,38.75,45.34782609,31.0,40.17391304,27.73684211,19.36956522,62.70833333,30.04545455,,27.506840985384613,40.565350877
1796,2016-11-24,0.4000096002304056,,4.9979883097053435,,0.2395691588247696,,3.779916808961361,,,,6.196566351142516,0.027732037901623617,3.435018467518036,,6.6607232520725095,,2.2430503734405334,,,,7.957435949500465,,3.625106034351505,,4.977972471812231,,5.31676079302441,,5.617149156374412,,7.2127001223754785,,3.688897863836613,0.04752184196405546,31.71428571,,21.47619048,65.75,28.52380952,55.375,27.83333333,0.0,30.33333333,34.95833333,27.47619048,56.20833333,25.66666667,38.0,26.61904762,,24.66666667,39.91666667,48.95238095,47.95833333,41.61904762,48.16666667,27.57142857,59.38095238,37.0,55.69230769,30.727106226923084,45.582417581818184
1797,2016-11-25,0.5333461336405407,,3.4985918167937404,,0.9582766352990782,,2.4651631362791484,,,,8.44986320610343,,3.2632675441421344,,5.379814934366259,,1.7506734621974889,,0.4100276358626571,,8.780618978759135,,4.350127241221807,0.1070767868555349,5.531080524235811,,5.907511992249344,,7.021436445468013,,6.731853447550447,,3.7001103193497937,0.039350096652776084,21.91666667,,17.5,71.41666667,19.95833333,68.54166667,19.27083333,0.0,24.27083333,56.70833333,,70.125,19.95833333,52.70833333,19.15,,18.66666667,52.08333333,30.33333333,53.20833333,28.08333333,60.29166667,19.08333333,80.66666667,20.79166667,54.66666667,21.58194444333333,56.40151515181819
1798,2016-11-26,0.5333461336405407,,3.2486924013084733,,0.4791383176495391,,,,,,7.698764254449793,,5.066652239589104,,0.7685449906237511,,2.188341827746861,,0.8200552717253142,,3.292732117034676,,4.350127241221807,,3.318648314541487,,3.8398827949620737,,6.0852449194056115,,1.6829633618876116,,2.836751244834842,0.041361603190937166,23.54166667,,15.08333333,47.47826087,19.91666667,37.16666667,20.83333333,0.0,23.66666667,33.41666667,,37.20833333,17.875,29.33333333,17.875,,19.25,29.91666667,33.25,38.66666667,27.0625,33.33333333,16.14583333,50.41666667,22.66666667,39.14285714,21.430555555833333,34.189041031818185
1799,2016-11-27,0.8000192004608111,,4.748088894220076,,0.9582766352990782,,,,,,6.196566351142516,,5.496029548028859,,8.197813233320014,,1.1488794595671021,,,,6.311069890983127,,2.1750636206109037,,4.14831039317686,,4.282946194380775,,7.489532208499213,,0.7212700122375479,,3.18433736574346,0.04148732234957223,,,25.25,71.75,28.16666667,56.04166667,27.95833333,0.0,29.79166667,32.04166667,,67.5,26.70833333,48.375,32.875,,26.45833333,46.16666667,41.625,39.29166667,35.66666667,39.79166667,24.20833333,80.20833333,28.33333333,45.79166667,29.731060605454548,47.90530303181818
1800,2016-11-28,0.5333461336405407,,4.9979883097053435,,0.7187074764743087,,2.4651631362791484,,,,8.44986320610343,,3.091516620766233,,2.0494533083300035,,2.680718738989905,,0.8200552717253142,,4.390309489379567,,3.625106034351505,0.2141535737110698,8.573174812565508,0.08168731131754962,6.793638791086748,,6.319292800921213,,8.41481680943806,,3.8346597855079683,0.03180694713467204,,,13.29166667,64.34782609,15.66666667,42.04166667,15.25,0.0,23.3125,14.4,,43.95652174,17.91666667,30.58333333,24.95833333,,12.73913043,33.75,47.83333333,13.0,33.22916667,22.20833333,15.14583333,50.0,36.625,44.33333333,23.26984519090909,32.601910408181816
1801,2016-11-29,0.4000096002304056,,4.748088894220076,,1.1978457941238478,,2.9581957635349783,,,,9.764286371497297,,3.3491430058300846,,7.941631569778763,,2.8448443760709194,,1.6401105434506285,,5.213492518638237,,2.9000848274812037,,8.296620786353719,,4.1352583945745405,,11.234298312748821,,4.568043410837803,,4.159820995390223,0.03570424105235913,,,17.375,53.54166667,16.375,41.125,17.04166667,0.0,20.10416667,23.18181818,,45.75,18.33333333,32.0,23.33333333,,16.29166667,30.33333333,35.08695652,,26.97916667,18.60869565,18.16666667,56.4,25.125,37.16666667,21.291996048181822,33.81071805
1802,2016-11-30,1.6000384009216222,,2.74889357033794,,,,2.793851554449702,,,,8.44986320610343,,4.122022161021643,,7.941631569778763,,2.7354272846835763,,,,3.292732117034676,,2.1750636206109037,,2.7655402621179057,,7.975141189536615,,6.0852449194056115,,5.529736760487868,,3.8346597855079683,0.04299595225319303,23.904761899999997,,20.28571429,69.25,25.66666667,45.41666667,25.595238100000003,0.0,22.33333333,30.69565217,22.52380952,52.0,24.0,36.04166667,13.04761905,,24.095238100000003,37.95,34.14285714,,28.52380952,20.79166667,20.54761905,65.20833333,25.26315789,32.75,23.84075573538461,39.010398550999994
1803,2016-12-01,1.0666922672810817,,2.249094739367405,,0.7187074764743087,,3.779916808961361,,,,6.7598905648827445,,3.520893929205987,,1.0247266541650015,,3.173095650232949,,0.8200552717253142,,15.091688869742262,,4.350127241221807,,6.360742602871183,,7.827453389730381,,9.361915260624018,,6.731853447550447,,4.361645194627484,0.04664180785360998,15.41666667,,7.166666667,,9.291666667000001,49.08333333,13.72222222,0.0,23.375,29.0,10.33333333,41.79166667,9.958333332999999,37.5,14.41666667,46.91666667,8.625,35.29166667,,,24.70833333,37.875,8.375,62.47826087,,32.125,13.217171717000001,37.206159420999995
1804,2016-12-02,0.6666826670506759,,2.4989941548526717,,0.9582766352990782,,1.9721305090233188,,,,7.886538992363203,,4.637274931149348,,1.280908317706252,,2.6260101932962336,,0.4100276358626571,,13.1709284681387,,2.9000848274812037,,4.977972471812231,,5.31676079302441,,5.617149156374412,,4.8084667482503205,,3.711322774862975,0.04299595225319303,34.58333333,,23.08333333,63.56521739,28.75,50.5,28.9375,0.0,37.79166667,40.26086957,27.125,51.33333333,24.16666667,44.04166667,20.66666667,63.66666667,26.75,43.125,43.625,52.625,37.0625,37.66666667,19.33333333,79.70833333,,60.17391304,29.32291666666667,48.88888888916666
1805,2016-12-03,0.4000096002304056,,4.748088894220076,,0.4791383176495391,,1.3147536726822129,,,,7.698764254449793,,4.551399469461399,,4.098906616660007,,1.2035880052607737,,0.8200552717253142,,13.445322811224926,,2.1750636206109037,,4.70141844560044,0.04084365565877481,3.1014437959309067,,5.3831012748588085,,0.9616933496500641,,3.1731249102302783,0.0489047527090412,48.66666667,,40.375,59.85,44.66666667,34.70833333,45.16666667,5e-324,63.625,24.04347826,43.875,35.54166667,43.58333333,,38.625,41.91666667,44.54166667,32.875,57.91666667,,63.66666667,23.375,35.83333333,51.0,,24.60869565,47.54513889,32.791884058
1806,2016-12-04,0.6666826670506759,,4.2482900632495415,,2.156122429422926,,2.9581957635349783,,,,6.947665302796153,,3.9502712376457416,,5.123633270825008,,1.4224221880354595,,0.4100276358626571,,17.286843614432044,,1.4500424137406018,,1.9358781834825345,,6.941326590892979,,11.00025043123322,,2.644656711537676,,3.991634162692505,0.041613041508207285,49.20833333,,40.5,74.58333333,43.75,51.58333333,43.18055556,0.0,53.10416667,43.58333333,41.125,50.16666667,38.16666667,48.04166667,29.04166667,62.45833333,39.45833333,49.70833333,58.75,47.04166667,48.3125,47.70833333,,68.66666667,37.73684211,71.31578947,43.52783869499999,51.23812134416667
1807,2016-12-05,1.3333653341013518,,4.748088894220076,,0.2395691588247696,,4.272949436217191,,,,8.44986320610343,0.027732037901623617,6.0971577798445145,,3.3303616260362547,,2.5165931019088905,,0.4100276358626571,,17.286843614432044,,5.075148448092107,,6.084188576659392,,8.418204588955316,,9.361915260624018,,7.453123459787995,,5.0680298919579005,0.03557852189372406,39.125,,29.04166667,51.5,39.875,41.16666667,38.66666667,0.0,39.45833333,31.75,37.83333333,43.0,35.625,40.625,22.45833333,50.54166667,33.33333333,34.25,47.6,37.58823529,47.52083333,35.625,29.54545455,53.61904762,39.29166667,35.095238099999996,36.87497086230769,37.8967378625
1808,2016-12-06,1.3333653341013518,,5.7476865561611445,,0.7187074764743087,,4.108605227131913,,,,8.262088468190019,,6.011282318156563,,8.197813233320014,0.03783490623910808,2.5165931019088905,,0.4100276358626571,,20.305181388380497,,4.350127241221807,,4.4248644193886495,,5.31676079302441,,7.255484326983613,,5.7701600979003835,,4.944692881312906,0.04475602047408398,36.83333333,,29.13636364,31.0,37.5,26.625,33.83333333,0.0,39.27083333,23.625,34.625,25.66666667,34.20833333,22.25,34.08333333,30.79166667,32.08333333,25.16666667,36.5,22.26086957,37.0625,19.875,29.91666667,34.79166667,29.91666667,24.85,34.22843822769231,23.9085446875
1809,2016-12-07,0.9333557338709464,,5.497787140675879,,0.9582766352990782,,4.601637854387744,,,,11.642033750631391,,5.581905009716809,,8.966358223943761,0.07566981247821616,3.8843067442506793,,,,14.817294526656035,,2.9000848274812037,,6.913850655294765,,6.350575391668045,,8.191675853046016,,5.048890085662835,,5.337128824274249,0.056825059703050435,20.29166667,,17.41666667,30.08333333,21.25,26.875,22.97222222,0.0,22.39583333,22.45833333,20.20833333,25.66666667,21.125,18.29166667,25.125,26.25,18.66666667,28.33333333,27.79166667,8.708333332999999,21.27083333,17.54166667,19.66666667,31.04166667,,16.95,21.515046296666668,21.016666666916667
1810,2016-12-08,1.3333653341013518,,7.247083049072748,,,,2.793851554449702,,,,9.764286371497297,0.055464075803247234,6.354784164908367,,1.5370899812475023,,2.5165931019088905,,,,16.463660585173375,,3.625106034351505,,3.5952023407532776,,7.3843899903116785,,5.851197037890012,,7.933970134613028,,4.709231315536101,0.05544214895806469,45.16666667,,29.45833333,54.33333333,34.41666667,43.16666667,37.875,0.0,43.5,28.66666667,32.875,41.95833333,32.66666667,36.75,30.41666667,,30.16666667,39.75,54.0,25.0,55.625,26.95833333,28.54166667,54.41666667,39.04166667,39.375,37.980769232307686,35.48863636363637
1811,2016-12-09,1.3333653341013518,,3.9983906477642734,,1.6769841117733868,,4.765982063473022,,,,10.139835847324118,,4.809025854525251,,10.759629868732517,0.07566981247821616,1.6959649165038175,,0.8200552717253142,,7.408647263328017,,2.1750636206109037,,3.0420942883296966,,5.464448592830643,,8.425723734561616,,5.048890085662835,,4.283158006035216,0.059842319510292064,33.0,,26.26086957,56.70833333,26.20833333,50.5,28.30555556,5e-324,35.5625,37.0,25.625,49.04166667,,,29.5,,24.8,40.61904762,30.08333333,35.75,39.65,39.0,25.14583333,59.91304348,28.375,42.0,29.376368760000002,41.05320911
1812,2016-12-10,1.6000384009216222,,3.2486924013084733,,0.9582766352990782,,2.300818927193872,,,,7.323214778622973,0.027732037901623617,4.809025854525251,,2.0494533083300035,,0.9300452767924158,,,,6.0366755478969045,,5.800169654962407,0.32123036056660464,2.2124322096943247,,4.1352583945745405,,5.3831012748588085,,1.20211668706258,,2.881601066887567,0.052802046626728286,24.70833333,,20.375,35.70833333,23.16666667,33.66666667,24.20833333,0.0,27.79166667,34.45833333,18.33333333,,21.20833333,25.16666667,24.29166667,,22.29166667,32.625,30.75,31.91666667,28.16666667,29.20833333,19.52083333,41.04545455,21.2,37.14285714,23.53942307692308,30.093831168999998
1813,2016-12-11,0.5333461336405407,,5.24788772519061,,,,,,,,4.882143185748649,,4.379648546085496,,,,1.641256370810146,,0.4100276358626571,,4.9390981755520125,,3.625106034351505,,3.0420942883296966,,4.430633994187008,,7.957627971530415,,0.9616933496500641,,2.6349270455975806,0.04802471859859573,22.38095238,,13.80952381,30.95833333,19.80952381,25.04166667,19.21428571,0.0,24.07142857,22.7826087,15.71428571,28.5,16.95238095,18.41666667,22.15,,19.26315789,21.0,26.66666667,16.33333333,22.5,20.83333333,14.78571429,34.04166667,22.5,15.44444444,19.98599383,21.21382301272727
1814,2016-12-12,0.5333461336405407,,3.2486924013084733,,,,3.6155725998760846,,,,7.886538992363203,,3.864395775957792,,12.296719849980018,0.03783490623910808,2.6260101932962336,,,,10.426985037276474,,6.5251908618327095,,5.531080524235811,,5.759824192443111,,11.234298312748821,,4.3276200734252885,,4.417707472193389,0.032309823769212306,34.2,,23.57142857,53.875,,51.45,30.38095238,0.0,33.64285714,33.41666667,27.52380952,50.08333333,27.28571429,38.91666667,29.42857143,,29.45,35.5,47.19047619,35.5,37.5,32.70833333,26.88095238,,33.80952381,52.72727273,31.738690475833327,38.417727273
1815,2016-12-13,0.6666826670506759,,3.2486924013084733,,2.874829905897234,,5.423358899814127,,,,11.078709536891164,,6.011282318156563,,3.0741799624950046,0.03783490623910808,1.5318392794228028,,0.4100276358626571,,7.683041606414242,,1.4500424137406018,,4.4248644193886495,,6.055199792055577,,9.127867379108418,,6.010583435312897,,4.305582917061578,0.029544002279240825,36.29166667,,23.04166667,69.70833333,30.375,62.33333333,30.52777778,0.0,33.875,45.5,21.33333333,51.05882353,27.29166667,41.33333333,26.41666667,,29.83333333,43.45833333,54.625,46.66666667,44.70833333,41.125,24.54166667,,35.28571429,58.9047619,32.16514041615385,46.008858542
1816,2016-12-14,1.6000384009216222,,4.748088894220076,,0.2395691588247696,,3.286884181705532,,,,4.131044234095009,,5.8395313947806615,,1.280908317706252,,2.352467464827876,,,,7.683041606414242,,1.4500424137406018,,4.70141844560044,,7.6797655899241475,,7.021436445468013,,4.3276200734252885,,3.778597507942062,0.04953334850221654,38.26086957,,24.54545455,66.41666667,27.95833333,59.58333333,29.91666667,0.0,37.5625,22.33333333,29.45833333,57.41666667,27.08333333,43.66666667,29.08695652,,28.54166667,43.25,56.2,39.5,46.5625,36.75,25.95833333,,34.75,58.45,33.529611330769235,42.736666666999994
1817,2016-12-15,0.9333557338709464,,4.748088894220076,,0.2395691588247696,,3.1225399726202547,,,,7.698764254449793,,4.465524007773447,,1.5370899812475023,,1.7506734621974889,,1.6401105434506285,,15.366083212828483,,3.625106034351505,,6.360742602871183,,4.726009593799477,,8.893819497592819,,3.60635006118774,,3.9243594296134177,0.048276156915865856,21.81818182,,16.33333333,60.125,22.375,53.41666667,21.36805556,0.0,19.8125,,20.29166667,49.29166667,18.95833333,39.625,23.16666667,,18.0,40.41666667,37.7,56.78947368,30.45833333,44.66666667,17.5625,,29.72727273,67.90476190000001,22.890141803076922,45.80398914
1818,2016-12-16,1.466701867511487,,3.2486924013084733,,0.7187074764743087,,1.6434420908527656,,,,9.764286371497297,0.027732037901623617,3.6926448525818887,,4.867451607283757,,2.188341827746861,,0.4100276358626571,,2.743943430862229,,2.9000848274812037,,3.0420942883296966,,6.202887591861813,,5.14905339334321,,9.376510159088124,,3.587985764217981,0.042367356460017686,19.79166667,,12.58333333,69.875,17.5,56.54166667,17.63888889,0.0,18.4375,41.125,17.33333333,53.45833333,17.04166667,38.75,18.04545455,,11.9,39.2,,19.75,18.8125,36.33333333,15.89583333,,15.875,26.60869565,16.7379313975,38.164202898
1819,2016-12-17,0.9333557338709464,,2.9987929858232065,,0.9582766352990782,,,,,,5.257692661575468,,4.980776777901152,,1.7932716447887531,,1.4771307337291313,,,,7.957435949500465,,2.1750636206109037,,3.5952023407532776,,4.578321793993243,,4.680957630312009,,1.4425400244750959,,2.7470516007293924,0.04400170552227357,22.54166667,,20.54166667,56.45833333,20.20833333,45.79166667,21.08333333,5e-324,19.83333333,29.70833333,22.20833333,42.58333333,20.08333333,31.08333333,23.08333333,,17.875,37.66666667,33.91666667,14.70833333,25.22916667,27.75,18.58333333,,23.29166667,29.25,22.190705127692304,31.499999999
1820,2016-12-18,0.5333461336405407,,4.9979883097053435,,0.2395691588247696,,0.6573768363411063,,,,8.63763794401684,,4.637274931149348,,6.404541588531259,,1.9147990992785042,,,,7.408647263328017,,3.625106034351505,,3.0420942883296966,,3.9875705947683073,,5.851197037890012,,0.24042333741251604,,3.19554982125664,0.04023013076322155,36.52380952,,27.28571429,50.29166667,31.28571429,46.75,33.77777778,0.0,32.83333333,28.29166667,30.80952381,34.04166667,29.95238095,32.20833333,31.28571429,,31.89473684,30.75,40.85714286,29.54166667,36.04761905,30.54166667,28.57142857,45.20833333,34.28571429,37.0,32.72389306692308,33.14772727363637
1821,2016-12-19,0.8000192004608111,,2.249094739367405,,0.2395691588247696,,1.6434420908527656,,,,2.2532968549609147,,6.440659626596317,,4.867451607283757,,3.8843067442506793,,,,7.134252920241798,,2.9000848274812037,,4.4248644193886495,,7.975141189536615,,8.425723734561616,,9.376510159088124,,4.238308183982491,0.0308011938655915,24.73913043,,14.83333333,46.375,20.375,47.08333333,22.08333333,0.0,23.08333333,34.33333333,17.91666667,38.08333333,16.70833333,30.29166667,18.85,,19.33333333,29.875,28.95833333,46.29166667,26.0,42.125,15.10416667,47.625,25.375,36.58333333,21.02768951923077,36.242424241818185
1822,2016-12-20,0.6666826670506759,,4.748088894220076,,1.1978457941238478,0.03538144196826035,2.4651631362791484,,,,7.323214778622973,,5.496029548028859,,4.355088280201256,,1.860090553584832,,,,7.683041606414242,,2.1750636206109037,,5.254526498024021,,6.941326590892979,,4.680957630312009,,6.491430110137931,,3.8346597855079683,0.035829960210994195,22.34782609,,9.238095238,40.375,19.45833333,38.86956522,21.55555556,0.0,21.5625,31.0,17.54166667,29.91666667,17.41666667,24.58333333,18.25,,18.83333333,22.43478261,30.70833333,26.29166667,24.33333333,26.20833333,15.22916667,41.72727273,25.29166667,27.5,20.13588283753846,28.08242005090909
1823,2016-12-21,1.6000384009216222,,3.2486924013084733,,0.9582766352990782,,4.108605227131913,,,,10.890934798977757,,5.753655933092711,,8.453994896861262,0.03783490623910808,2.2430503734405334,,,,5.213492518638237,,4.350127241221807,,3.318648314541487,,5.612136392636877,,8.425723734561616,,3.8467733986002566,,4.260733095008853,0.04752184196405546,24.58333333,,17.5,46.375,21.20833333,,25.64583333,0.0,24.16666667,33.78947368,14.36842105,36.94444444,20.2173913,30.91304348,25.16666667,,19.20833333,29.66666667,34.83333333,31.33333333,30.66666667,32.125,19.85416667,48.54166667,28.54166667,37.782608700000004,23.535447103846156,32.747123697
1824,2016-12-22,0.9333557338709464,,4.498189478734808,,0.2395691588247696,,3.286884181705532,,,,1.314423165393867,,6.440659626596317,,6.6607232520725095,0.15133962495643233,2.4071760105215474,,,,8.231830292586688,,2.9000848274812037,,4.70141844560044,,6.055199792055577,,9.361915260624018,,3.8467733986002566,,3.879509607560693,0.04299595225319303,23.33333333,,14.5,60.91666667,18.33333333,,23.04166667,0.0,21.1875,41.45833333,15.91666667,46.58333333,19.45833333,39.5,24.79166667,,18.0,37.29166667,44.20833333,33.70833333,30.85416667,40.16666667,15.83333333,67.16666667,30.25,52.54166667,23.05448717923077,41.933333334
1825,2016-12-23,0.13333653341013518,,3.2486924013084733,,1.1978457941238478,,1.8077862999380423,,,,5.069917923662059,,4.7231503928373,,3.5865432895775053,,2.2977589191342043,,,,6.859858577155572,,1.4500424137406018,,2.2124322096943247,,4.726009593799477,,4.4469097487964095,,5.289313423075352,,3.094637721638009,0.04777328028132559,30.625,,21.91666667,74.25,23.72727273,,24.25,0.0,28.8125,56.41666667,21.16666667,59.91666667,21.375,46.375,4.5,,25.55,48.70833333,41.0,30.91666667,31.04166667,40.66666667,21.14583333,79.16666667,26.625,54.04166667,24.74889277461538,49.04583333499999
1826,2016-12-24,0.5333461336405407,,2.74889357033794,,1.1978457941238478,,0.16434420908527658,,,,4.694368447835239,,1.2022564636313129,,3.3303616260362547,,1.4771307337291313,,,,3.292732117034676,,2.9000848274812037,,0.5531080524235812,,1.6245657978685697,,3.5107182227340066,,,,1.614593593898092,0.0434988288877333,43.68421053,,35.19047619,68.41666667,35.80952381,62.45833333,35.07936508,0.0,46.14285714,36.75,35.95238095,58.41666667,35.52380952,56.375,36.14285714,,35.85714286,45.20833333,54.9047619,34.5,48.04761905,38.29166667,32.57142857,90.08333333,37.904761900000004,61.95833333,39.447014972307684,50.22348484818181
1827,2016-12-25,0.9333557338709464,,2.249094739367405,,0.2395691588247696,,0.8217210454263828,,,,2.4410715928743243,,4.637274931149348,,4.098906616660007,,2.571301647602562,,,,7.408647263328017,,3.625106034351505,,1.6593241572707436,,2.953755996124672,,9.59596314213962,,0.9616933496500641,,2.8591761558612045,0.03469848778327859,47.45454545,,33.04166667,87.75,37.25,72.29166667,36.20833333,5e-324,47.41666667,42.75,37.83333333,65.08333333,34.79166667,70.58333333,36.29166667,,34.16666667,62.41666667,51.125,20.79166667,46.60416667,35.125,30.54166667,97.375,36.66666667,65.70833333,39.1840034976923,56.35227272727273
1828,2016-12-26,1.466701867511487,,3.2486924013084733,,0.4791383176495391,,1.3147536726822129,,,,8.82541268193025,,6.011282318156563,,6.148359924990009,,2.571301647602562,,,,6.0366755478969045,,0.7250212068703009,,3.318648314541487,,5.31676079302441,,7.723580090014813,,4.087196736012772,,3.8458722410211497,0.018103558843449698,32.58333333,,23.41666667,60.58333333,27.91666667,44.25,29.95833333,0.0,32.3125,34.58333333,27.79166667,42.875,28.0,35.41666667,29.375,,27.79166667,36.83333333,44.83333333,22.33333333,35.77083333,28.29166667,26.10416667,66.04166667,32.875,39.04166667,30.671474359230768,37.29545454545455
1829,2016-12-27,0.8000192004608111,,2.9987929858232065,,1.437414952948617,,3.451228390790808,,,,8.262088468190019,,5.8395313947806615,,4.6112699437425055,,1.6959649165038175,,,,3.841520803207121,,5.800169654962407,,4.4248644193886495,,3.69219499515584,,6.319292800921213,,4.8084667482503205,,3.5431359421652573,0.032058385451942166,33.54166667,,22.91666667,63.66666667,26.29166667,56.83333333,27.75,0.0,30.72916667,41.41666667,24.375,49.5,21.95652174,43.95652174,24.83333333,,25.04166667,39.91666667,46.375,38.29166667,34.72916667,41.41666667,21.60416667,74.29166667,34.33333333,55.66666667,28.805950391538456,45.90513834181817
1830,2016-12-28,0.6666826670506759,,3.748491232279008,,1.1978457941238478,,3.1225399726202547,,,,6.3843410890559245,,6.183033241532465,,9.222539887485011,0.07566981247821616,1.4224221880354595,,,,8.780618978759135,,3.625106034351505,,4.977972471812231,,6.350575391668045,,6.319292800921213,,3.8467733986002566,,3.9579967961529614,0.0431216714118281,28.33333333,,20.54166667,40.16666667,24.75,35.375,26.31944444,0.0,26.66666667,29.41666667,24.33333333,29.33333333,24.79166667,26.125,27.45833333,,23.08333333,28.75,34.95833333,26.04166667,29.0,30.95833333,23.22916667,44.66666667,28.16666667,31.04166667,26.27938034153846,29.261363637272723
1831,2016-12-29,1.0666922672810817,,2.9987929858232065,,0.2395691588247696,,2.793851554449702,,,,6.196566351142516,,5.238403162965005,,5.892178261448757,,1.9147990992785042,,,,4.66470383246579,,7.25021206870301,,4.977972471812231,0.04084365565877481,4.873697393605709,,4.212861867280808,,0.48084667482503207,,3.229187187796184,0.039727254128681284,20.60869565,,16.08695652,45.33333333,18.43478261,43.04166667,18.46376812,0.0,20.47826087,40.75,16.91304348,34.0,16.0,38.95833333,17.52173913,,18.7826087,28.625,26.39130435,51.25,21.06521739,38.79166667,15.97826087,61.875,19.26086957,66.5,18.921962096923078,40.82954545454545
1832,2016-12-30,0.4000096002304056,,4.2482900632495415,,0.2395691588247696,,3.1225399726202547,,,,5.069917923662059,,3.77852031426984,,4.098906616660007,,1.3130050966481168,,,,6.585464234069352,,4.350127241221807,,3.5952023407532776,0.04084365565877481,3.3968193955433734,,5.851197037890012,,,,2.713414234189849,0.04437886299817877,20.33333333,,14.38095238,37.25,17.28571429,26.16666667,18.97619048,0.0,20.28571429,23.125,16.42857143,23.25,17.14285714,21.91666667,18.904761899999997,,14.76190476,23.875,34.19047619,21.04166667,25.16666667,25.33333333,16.69047619,35.30434783,24.71428571,32.95454545,19.943223443076924,24.565202420000002
1833,2016-12-31,0.4000096002304056,,1.7492959083968702,,0.4791383176495391,,0.16434420908527658,,,,3.3799452824413723,,2.83389023570238,,2.3056349718712528,,0.820628185405073,,,,3.0183377739484523,,5.075148448092107,,0.5531080524235812,,3.3968193955433734,,4.4469097487964095,,,,1.681868326977179,0.0362071176868994,29.04166667,,25.41666667,47.70833333,24.58333333,35.70833333,26.76388889,0.0,31.5,27.0,25.375,31.0,25.33333333,30.47826087,27.41666667,,24.45833333,29.75,43.91666667,21.20833333,30.83333333,29.33333333,23.41666667,48.125,28.625,46.59090909,28.206196581538457,31.53659120727273
